<record xmlns="http://www.loc.gov/MARC21/slim" xmlns:zs="http://docs.oasis-open.org/ns/search-ws/sruResponse">
  <leader>03302cam a2200769 a 4500</leader>
  <controlfield tag="001">ocm51270662 </controlfield>
  <controlfield tag="003">OCoLC</controlfield>
  <controlfield tag="005">20160312213720.0</controlfield>
  <controlfield tag="008">040119s2003    enk           000 1 eng  </controlfield>
  <datafield tag="040" ind1=" " ind2=" ">
    <subfield code="a">UKM</subfield>
    <subfield code="b">eng</subfield>
    <subfield code="c">UKM</subfield>
    <subfield code="d">GZM</subfield>
    <subfield code="d">C#P</subfield>
    <subfield code="d">OBE</subfield>
    <subfield code="d">BAKER</subfield>
    <subfield code="d">YDXCP</subfield>
    <subfield code="d">YUS</subfield>
    <subfield code="d">BTCTA</subfield>
    <subfield code="d">STF</subfield>
    <subfield code="d">UKV3G</subfield>
    <subfield code="d">VA@</subfield>
    <subfield code="d">UKMGB</subfield>
    <subfield code="d">BDX</subfield>
    <subfield code="d">VRC</subfield>
    <subfield code="d">OCLCF</subfield>
    <subfield code="d">OCLCQ</subfield>
    <subfield code="d">OCLCO</subfield>
    <subfield code="d">DEBSZ</subfield>
  </datafield>
  <datafield tag="015" ind1=" " ind2=" ">
    <subfield code="a">GBA3Z6011</subfield>
    <subfield code="2">bnb</subfield>
  </datafield>
  <datafield tag="016" ind1="7" ind2=" ">
    <subfield code="a">009492540</subfield>
    <subfield code="2">Uk</subfield>
  </datafield>
  <datafield tag="019" ind1=" " ind2=" ">
    <subfield code="a">59364330</subfield>
  </datafield>
  <datafield tag="020" ind1=" " ind2=" ">
    <subfield code="a">1900850788</subfield>
    <subfield code="q">(pbk.)</subfield>
  </datafield>
  <datafield tag="020" ind1=" " ind2=" ">
    <subfield code="a">9781900850780</subfield>
    <subfield code="q">(pbk.)</subfield>
  </datafield>
  <datafield tag="024" ind1="3" ind2=" ">
    <subfield code="a">9781900850780</subfield>
  </datafield>
  <datafield tag="035" ind1=" " ind2=" ">
    <subfield code="a">(OCoLC)51270662</subfield>
    <subfield code="z">(OCoLC)59364330</subfield>
  </datafield>
  <datafield tag="042" ind1=" " ind2=" ">
    <subfield code="a">pcc</subfield>
  </datafield>
  <datafield tag="043" ind1=" " ind2=" ">
    <subfield code="a">e-uk-en</subfield>
  </datafield>
  <datafield tag="050" ind1=" " ind2="4">
    <subfield code="a">PR6061.I45</subfield>
    <subfield code="b">N525 2003</subfield>
  </datafield>
  <datafield tag="082" ind1="0" ind2="4">
    <subfield code="a">823.914</subfield>
    <subfield code="2">21</subfield>
  </datafield>
  <datafield tag="100" ind1="1" ind2=" ">
    <subfield code="a">King, Francis,</subfield>
    <subfield code="d">1923-2011.</subfield>
  </datafield>
  <datafield tag="245" ind1="1" ind2="4">
    <subfield code="a">The nick of time /</subfield>
    <subfield code="c">Francis King.</subfield>
  </datafield>
  <datafield tag="260" ind1=" " ind2=" ">
    <subfield code="a">London :</subfield>
    <subfield code="b">Arcadia,</subfield>
    <subfield code="c">2003.</subfield>
  </datafield>
  <datafield tag="300" ind1=" " ind2=" ">
    <subfield code="a">308 pages ;</subfield>
    <subfield code="c">22 cm</subfield>
  </datafield>
  <datafield tag="336" ind1=" " ind2=" ">
    <subfield code="a">text</subfield>
    <subfield code="b">txt</subfield>
    <subfield code="2">rdacontent</subfield>
  </datafield>
  <datafield tag="337" ind1=" " ind2=" ">
    <subfield code="a">unmediated</subfield>
    <subfield code="b">n</subfield>
    <subfield code="2">rdamedia</subfield>
  </datafield>
  <datafield tag="338" ind1=" " ind2=" ">
    <subfield code="a">volume</subfield>
    <subfield code="b">nc</subfield>
    <subfield code="2">rdacarrier</subfield>
  </datafield>
  <datafield tag="520" ind1=" " ind2=" ">
    <subfield code="a">Explores the havoc wrought when a young Kosovan-an illegal immigrant-finds himself in London. Mehmet leads a double life of befriending and lodging with an elderly woman who suffers from multiple sclerosis, while at the same time having an affair with a woman doctor and throwing himself into the London gay scene. Disaster looms when Mehmet begins a new relationship and is quickly arrested because of his illegal status.</subfield>
  </datafield>
  <datafield tag="650" ind1=" " ind2="0">
    <subfield code="a">Illegal aliens</subfield>
    <subfield code="z">England</subfield>
    <subfield code="z">London</subfield>
    <subfield code="v">Fiction.</subfield>
  </datafield>
  <datafield tag="650" ind1=" " ind2="0">
    <subfield code="a">Egyptians</subfield>
    <subfield code="z">England</subfield>
    <subfield code="z">London</subfield>
    <subfield code="v">Fiction.</subfield>
  </datafield>
  <datafield tag="650" ind1=" " ind2="0">
    <subfield code="a">Gay men</subfield>
    <subfield code="z">England</subfield>
    <subfield code="z">London</subfield>
    <subfield code="v">Fiction.</subfield>
  </datafield>
  <datafield tag="650" ind1=" " ind2="7">
    <subfield code="a">Egyptians.</subfield>
    <subfield code="2">fast</subfield>
    <subfield code="0">(OCoLC)fst00903991</subfield>
  </datafield>
  <datafield tag="650" ind1=" " ind2="7">
    <subfield code="a">Gay men.</subfield>
    <subfield code="2">fast</subfield>
    <subfield code="0">(OCoLC)fst00939117</subfield>
  </datafield>
  <datafield tag="650" ind1=" " ind2="7">
    <subfield code="a">Illegal aliens.</subfield>
    <subfield code="2">fast</subfield>
    <subfield code="0">(OCoLC)fst00967153</subfield>
  </datafield>
  <datafield tag="651" ind1=" " ind2="7">
    <subfield code="a">England</subfield>
    <subfield code="z">London.</subfield>
    <subfield code="2">fast</subfield>
    <subfield code="0">(OCoLC)fst01204271</subfield>
  </datafield>
  <datafield tag="655" ind1=" " ind2="7">
    <subfield code="a">Fiction.</subfield>
    <subfield code="2">fast</subfield>
    <subfield code="0">(OCoLC)fst01423787</subfield>
  </datafield>
  <datafield tag="776" ind1="0" ind2="8">
    <subfield code="i">Online version:</subfield>
    <subfield code="a">King, Francis Henry.</subfield>
    <subfield code="t">Nick of time.</subfield>
    <subfield code="d">London : Arcadia, 2003</subfield>
    <subfield code="w">(OCoLC)607055736</subfield>
  </datafield>
  <datafield tag="776" ind1="0" ind2="8">
    <subfield code="i">Online version:</subfield>
    <subfield code="a">King, Francis Henry.</subfield>
    <subfield code="t">Nick of time.</subfield>
    <subfield code="d">London : Arcadia, 2003</subfield>
    <subfield code="w">(OCoLC)629721792</subfield>
  </datafield>
  
  
  
  
  
  
  
  
  
  
  
  
  
  
  
  
  
  
  
  
  
  
  
  
  
  
  
  
</record>