<record xmlns="http://www.loc.gov/MARC21/slim" xmlns:zs="http://docs.oasis-open.org/ns/search-ws/sruResponse">
  <leader>01656cam a2200445Ma 4500</leader>
  <controlfield tag="001">ocn183927057</controlfield>
  <controlfield tag="003">OCoLC</controlfield>
  <controlfield tag="005">20160312213944.0</controlfield>
  <controlfield tag="008">060220s2003    sp       b    000 0 spa d</controlfield>
  <datafield tag="010" ind1=" " ind2=" ">
    <subfield code="a">  2003499779</subfield>
  </datafield>
  <datafield tag="040" ind1=" " ind2=" ">
    <subfield code="a">PL#</subfield>
    <subfield code="b">eng</subfield>
    <subfield code="c">ZCL</subfield>
    <subfield code="d">PL#</subfield>
    <subfield code="d">DLC</subfield>
    <subfield code="d">CLU</subfield>
    <subfield code="d">OCLCF</subfield>
    <subfield code="d">OCLCO</subfield>
    <subfield code="d">OCLCQ</subfield>
  </datafield>
  <datafield tag="020" ind1=" " ind2=" ">
    <subfield code="a">8484427374</subfield>
  </datafield>
  <datafield tag="020" ind1=" " ind2=" ">
    <subfield code="a">9788484427377</subfield>
  </datafield>
  <datafield tag="035" ind1=" " ind2=" ">
    <subfield code="a">(OCoLC)183927057</subfield>
  </datafield>
  <datafield tag="043" ind1=" " ind2=" ">
    <subfield code="a">e-sp---</subfield>
  </datafield>
  <datafield tag="050" ind1="0" ind2="0">
    <subfield code="a">KKT3025</subfield>
    <subfield code="b">.L46 2003</subfield>
  </datafield>
  <datafield tag="050" ind1="1" ind2="4">
    <subfield code="a">KJE6044</subfield>
    <subfield code="b">.L46 2003</subfield>
  </datafield>
  <datafield tag="100" ind1="1" ind2=" ">
    <subfield code="a">León Villalba, Francisco Javier de.</subfield>
  </datafield>
  <datafield tag="245" ind1="1" ind2="0">
    <subfield code="a">Tráfico de personas e inmigración ilegal /</subfield>
    <subfield code="c">Francisco Javier de León Villalba.</subfield>
  </datafield>
  <datafield tag="260" ind1=" " ind2=" ">
    <subfield code="a">Valencia :</subfield>
    <subfield code="b">Tirant lo Blanch,</subfield>
    <subfield code="c">2003.</subfield>
  </datafield>
  <datafield tag="300" ind1=" " ind2=" ">
    <subfield code="a">454 pages ;</subfield>
    <subfield code="c">22 cm.</subfield>
  </datafield>
  <datafield tag="336" ind1=" " ind2=" ">
    <subfield code="a">text</subfield>
    <subfield code="b">txt</subfield>
    <subfield code="2">rdacontent</subfield>
  </datafield>
  <datafield tag="337" ind1=" " ind2=" ">
    <subfield code="a">unmediated</subfield>
    <subfield code="b">n</subfield>
    <subfield code="2">rdamedia</subfield>
  </datafield>
  <datafield tag="338" ind1=" " ind2=" ">
    <subfield code="a">volume</subfield>
    <subfield code="b">nc</subfield>
    <subfield code="2">rdacarrier</subfield>
  </datafield>
  <datafield tag="490" ind1="1" ind2=" ">
    <subfield code="a">Tirant monografías ;</subfield>
    <subfield code="v">262</subfield>
  </datafield>
  <datafield tag="500" ind1=" " ind2=" ">
    <subfield code="a">Originally presented as the author's thesis (doctoral)--Universidad de Castilla-LaMancha.</subfield>
  </datafield>
  <datafield tag="504" ind1=" " ind2=" ">
    <subfield code="a">Includes bibliographical references (pages 439-454).</subfield>
  </datafield>
  <datafield tag="650" ind1=" " ind2="0">
    <subfield code="a">Emigration and immigration law</subfield>
    <subfield code="z">Spain.</subfield>
  </datafield>
  <datafield tag="650" ind1=" " ind2="0">
    <subfield code="a">Illegal aliens</subfield>
    <subfield code="z">Spain.</subfield>
  </datafield>
  <datafield tag="650" ind1=" " ind2="0">
    <subfield code="a">Human smuggling</subfield>
    <subfield code="z">Spain.</subfield>
  </datafield>
  <datafield tag="650" ind1=" " ind2="0">
    <subfield code="a">Women immigrants</subfield>
    <subfield code="x">Abuse of</subfield>
    <subfield code="z">Spain.</subfield>
  </datafield>
  <datafield tag="650" ind1=" " ind2="7">
    <subfield code="a">Emigration and immigration law.</subfield>
    <subfield code="2">fast</subfield>
    <subfield code="0">(OCoLC)fst00908736</subfield>
  </datafield>
  <datafield tag="650" ind1=" " ind2="7">
    <subfield code="a">Human smuggling.</subfield>
    <subfield code="2">fast</subfield>
    <subfield code="0">(OCoLC)fst00963471</subfield>
  </datafield>
  <datafield tag="650" ind1=" " ind2="7">
    <subfield code="a">Illegal aliens.</subfield>
    <subfield code="2">fast</subfield>
    <subfield code="0">(OCoLC)fst00967153</subfield>
  </datafield>
  <datafield tag="650" ind1=" " ind2="7">
    <subfield code="a">Women immigrants</subfield>
    <subfield code="x">Abuse of.</subfield>
    <subfield code="2">fast</subfield>
    <subfield code="0">(OCoLC)fst01177765</subfield>
  </datafield>
  <datafield tag="651" ind1=" " ind2="7">
    <subfield code="a">Spain.</subfield>
    <subfield code="2">fast</subfield>
    <subfield code="0">(OCoLC)fst01204303</subfield>
  </datafield>
  <datafield tag="830" ind1=" " ind2="0">
    <subfield code="a">Tirant monografías ;</subfield>
    <subfield code="v">262.</subfield>
  </datafield>
  
  
  
</record>