<record xmlns="http://www.loc.gov/MARC21/slim" xmlns:zs="http://docs.oasis-open.org/ns/search-ws/sruResponse">
  <leader>03009cam a2200505 a 4500</leader>
  <controlfield tag="001">ocn780571792</controlfield>
  <controlfield tag="003">OCoLC</controlfield>
  <controlfield tag="005">20160312213659.0</controlfield>
  <controlfield tag="008">120320s2012    dcua    ob   f000 0 eng c</controlfield>
  <controlfield tag="006">m     o  d f      </controlfield>
  <controlfield tag="007">cr bn|||||||||</controlfield>
  <datafield tag="040" ind1=" " ind2=" ">
    <subfield code="a">GPO</subfield>
    <subfield code="b">eng</subfield>
    <subfield code="c">GPO</subfield>
    <subfield code="d">GPO</subfield>
    <subfield code="d">GUL</subfield>
    <subfield code="d">OCLCQ</subfield>
    <subfield code="d">OCLCA</subfield>
    <subfield code="d">LEGAL</subfield>
    <subfield code="d">OCLCO</subfield>
    <subfield code="d">GPO</subfield>
    <subfield code="d">OCLCQ</subfield>
  </datafield>
  <datafield tag="035" ind1=" " ind2=" ">
    <subfield code="a">(OCoLC)780571792</subfield>
  </datafield>
  <datafield tag="042" ind1=" " ind2=" ">
    <subfield code="a">pcc</subfield>
  </datafield>
  <datafield tag="043" ind1=" " ind2=" ">
    <subfield code="a">n-us---</subfield>
  </datafield>
  <datafield tag="050" ind1="1" ind2="4">
    <subfield code="a">KF27</subfield>
    <subfield code="b">.H5764 2011c</subfield>
  </datafield>
  <datafield tag="074" ind1=" " ind2=" ">
    <subfield code="a">1018-E (online)</subfield>
  </datafield>
  <datafield tag="086" ind1="0" ind2=" ">
    <subfield code="a">Y 4.H 75:112-34</subfield>
  </datafield>
  <datafield tag="088" ind1=" " ind2=" ">
    <subfield code="a">Serial no. 112-34 (United States. Congress. House. Committee on Homeland Security)</subfield>
  </datafield>
  <datafield tag="110" ind1="1" ind2=" ">
    <subfield code="a">United States.</subfield>
    <subfield code="b">Congress.</subfield>
    <subfield code="b">House.</subfield>
    <subfield code="b">Committee on Homeland Security.</subfield>
    <subfield code="b">Subcommittee on Oversight, Investigations, and Management.</subfield>
  </datafield>
  <datafield tag="245" ind1="1" ind2="0">
    <subfield code="a">Homeland Security investigations</subfield>
    <subfield code="h">[electronic resource] :</subfield>
    <subfield code="b">examining DHS's efforts to protect American jobs and secure the homeland : hearing before the Subcommittee on Oversight, Investigations, and Management of the Committee on Homeland Security, House of Representatives, One Hundred Twelfth Congress, first session, July 7, 2011.</subfield>
  </datafield>
  <datafield tag="260" ind1=" " ind2=" ">
    <subfield code="a">Washington :</subfield>
    <subfield code="b">U.S. G.P.O.,</subfield>
    <subfield code="c">2012.</subfield>
  </datafield>
  <datafield tag="300" ind1=" " ind2=" ">
    <subfield code="a">1 online resource (iii, 47 pages) :</subfield>
    <subfield code="b">illustrations</subfield>
  </datafield>
  <datafield tag="336" ind1=" " ind2=" ">
    <subfield code="a">text</subfield>
    <subfield code="b">txt</subfield>
    <subfield code="2">rdacontent</subfield>
  </datafield>
  <datafield tag="337" ind1=" " ind2=" ">
    <subfield code="a">computer</subfield>
    <subfield code="b">c</subfield>
    <subfield code="2">rdamedia</subfield>
  </datafield>
  <datafield tag="338" ind1=" " ind2=" ">
    <subfield code="a">online resource</subfield>
    <subfield code="b">cr</subfield>
    <subfield code="2">rdacarrier</subfield>
  </datafield>
  <datafield tag="500" ind1=" " ind2=" ">
    <subfield code="a">Title from title screen (viewed Mar. 20, 2012).</subfield>
  </datafield>
  <datafield tag="504" ind1=" " ind2=" ">
    <subfield code="a">Includes bibliographical references.</subfield>
  </datafield>
  <datafield tag="500" ind1=" " ind2=" ">
    <subfield code="a">"Serial no. 112-34."</subfield>
  </datafield>
  <datafield tag="650" ind1=" " ind2="0">
    <subfield code="a">Intellectual property infringement</subfield>
    <subfield code="x">Prevention</subfield>
    <subfield code="x">Government policy</subfield>
    <subfield code="z">United States.</subfield>
  </datafield>
  <datafield tag="650" ind1=" " ind2="0">
    <subfield code="a">Product counterfeiting</subfield>
    <subfield code="x">Prevention</subfield>
    <subfield code="x">Government policy</subfield>
    <subfield code="z">United States.</subfield>
  </datafield>
  <datafield tag="650" ind1=" " ind2="0">
    <subfield code="a">Illegal aliens</subfield>
    <subfield code="x">Government policy</subfield>
    <subfield code="z">United States.</subfield>
  </datafield>
  <datafield tag="650" ind1=" " ind2="0">
    <subfield code="a">Immigration enforcement</subfield>
    <subfield code="z">United States.</subfield>
  </datafield>
  <datafield tag="610" ind1="1" ind2="0">
    <subfield code="a">United States.</subfield>
    <subfield code="b">Bureau of Customs and Border Protection</subfield>
    <subfield code="x">Rules and practice.</subfield>
  </datafield>
  <datafield tag="610" ind1="1" ind2="0">
    <subfield code="a">United States.</subfield>
    <subfield code="b">Department of Homeland Security</subfield>
    <subfield code="x">Rules and practice.</subfield>
  </datafield>
  <datafield tag="776" ind1="0" ind2="8">
    <subfield code="i">Print version:</subfield>
    <subfield code="a">United States. Congress. House. Committee on Homeland Security. Subcommittee on Subcommittee on Oversight, Investigations, and Management.</subfield>
    <subfield code="t">Homeland Security investigations : examining DHS's efforts to protect American jobs and secure the homeland</subfield>
    <subfield code="w">(OCoLC)780587245</subfield>
  </datafield>
  <datafield tag="776" ind1="0" ind2="8">
    <subfield code="i">Microfiche version:</subfield>
    <subfield code="a">United States. Congress. House. Committee on Homeland Security. Subcommittee on Subcommittee on Oversight, Investigations, and Management.</subfield>
    <subfield code="t">Homeland Security investigations : examining DHS's efforts to protect American jobs and secure the homeland</subfield>
    <subfield code="w">(OCoLC)812534338</subfield>
  </datafield>
  <datafield tag="856" ind1="4" ind2="0">
    <subfield code="u">http://purl.fdlp.gov/GPO/gpo20477</subfield>
  </datafield>
  <datafield tag="856" ind1="4" ind2="1">
    <subfield code="u">http://worldcat.org/oclc/780571792/viewonline</subfield>
    <subfield code="3">View Online</subfield>
  </datafield>
  <datafield tag="856" ind1="4" ind2=" ">
    <subfield code="u">http://www.gpo.gov/fdsys/pkg/CHRG-112hhrg72254/pdf/CHRG-112hhrg72254.pdf</subfield>
  </datafield>
  
  
  
  
  
</record>