<record xmlns="http://www.loc.gov/MARC21/slim" xmlns:zs="http://docs.oasis-open.org/ns/search-ws/sruResponse">
  <leader>02545cam a2200529 a 4500</leader>
  <controlfield tag="001">ocm10407804 </controlfield>
  <controlfield tag="003">OCoLC</controlfield>
  <controlfield tag="005">20160312213728.0</controlfield>
  <controlfield tag="008">840307s1983    dcua     b   f000 0 eng c</controlfield>
  <datafield tag="010" ind1=" " ind2=" ">
    <subfield code="a">   84601521 </subfield>
  </datafield>
  <datafield tag="040" ind1=" " ind2=" ">
    <subfield code="a">DGPO/DLC</subfield>
    <subfield code="b">eng</subfield>
    <subfield code="c">DLC</subfield>
    <subfield code="d">BTCTA</subfield>
    <subfield code="d">OCLCO</subfield>
    <subfield code="d">OCLCA</subfield>
    <subfield code="d">OCLCF</subfield>
    <subfield code="d">OCLCQ</subfield>
    <subfield code="d">OCLCA</subfield>
    <subfield code="d">OCLCO</subfield>
    <subfield code="d">BRL</subfield>
  </datafield>
  <datafield tag="019" ind1=" " ind2=" ">
    <subfield code="a">317725456</subfield>
  </datafield>
  <datafield tag="035" ind1=" " ind2=" ">
    <subfield code="a">(OCoLC)10407804</subfield>
    <subfield code="z">(OCoLC)317725456</subfield>
  </datafield>
  <datafield tag="043" ind1=" " ind2=" ">
    <subfield code="a">n-us---</subfield>
    <subfield code="a">n-mx---</subfield>
  </datafield>
  <datafield tag="050" ind1="0" ind2="0">
    <subfield code="a">KF27</subfield>
    <subfield code="b">.A3 1983c</subfield>
  </datafield>
  <datafield tag="082" ind1="0" ind2="0">
    <subfield code="a">342.73/082</subfield>
    <subfield code="a">347.30282</subfield>
    <subfield code="2">19</subfield>
  </datafield>
  <datafield tag="086" ind1="0" ind2=" ">
    <subfield code="a">Y 4.Ag 8/1:98-14</subfield>
  </datafield>
  <datafield tag="110" ind1="1" ind2=" ">
    <subfield code="a">United States.</subfield>
    <subfield code="b">Congress.</subfield>
    <subfield code="b">House.</subfield>
    <subfield code="b">Committee on Agriculture.</subfield>
  </datafield>
  <datafield tag="245" ind1="1" ind2="0">
    <subfield code="a">Immigration Reform and Control Act of 1983 :</subfield>
    <subfield code="b">hearing before the Committee on Agriculture, House of Representatives, Ninety-eighth Congress, first session, on H.R. 1510, June 15, 1983.</subfield>
  </datafield>
  <datafield tag="260" ind1=" " ind2=" ">
    <subfield code="a">Washington :</subfield>
    <subfield code="b">U.S. G.P.O.,</subfield>
    <subfield code="c">1983.</subfield>
  </datafield>
  <datafield tag="300" ind1=" " ind2=" ">
    <subfield code="a">iv, 386 pages :</subfield>
    <subfield code="b">illustrations ;</subfield>
    <subfield code="c">24 cm</subfield>
  </datafield>
  <datafield tag="336" ind1=" " ind2=" ">
    <subfield code="a">text</subfield>
    <subfield code="b">txt</subfield>
    <subfield code="2">rdacontent</subfield>
  </datafield>
  <datafield tag="337" ind1=" " ind2=" ">
    <subfield code="a">unmediated</subfield>
    <subfield code="b">n</subfield>
    <subfield code="2">rdamedia</subfield>
  </datafield>
  <datafield tag="338" ind1=" " ind2=" ">
    <subfield code="a">volume</subfield>
    <subfield code="b">nc</subfield>
    <subfield code="2">rdacarrier</subfield>
  </datafield>
  <datafield tag="500" ind1=" " ind2=" ">
    <subfield code="a">Distributed to some depository libraries in microfiche.</subfield>
  </datafield>
  <datafield tag="504" ind1=" " ind2=" ">
    <subfield code="a">Includes bibliographical references.</subfield>
  </datafield>
  <datafield tag="500" ind1=" " ind2=" ">
    <subfield code="a">"Serial no. 98-14."</subfield>
  </datafield>
  <datafield tag="500" ind1=" " ind2=" ">
    <subfield code="a">Item 1010-A, 1010-B (microfiche).</subfield>
  </datafield>
  <datafield tag="650" ind1=" " ind2="0">
    <subfield code="a">Emigration and immigration law</subfield>
    <subfield code="z">United States.</subfield>
  </datafield>
  <datafield tag="650" ind1=" " ind2="0">
    <subfield code="a">Illegal aliens</subfield>
    <subfield code="z">United States.</subfield>
  </datafield>
  <datafield tag="650" ind1=" " ind2="0">
    <subfield code="a">Foreign workers, Mexican</subfield>
    <subfield code="x">Legal status, laws, etc.</subfield>
    <subfield code="z">United States.</subfield>
  </datafield>
  <datafield tag="650" ind1=" " ind2="7">
    <subfield code="a">Emigration and immigration law.</subfield>
    <subfield code="2">fast</subfield>
    <subfield code="0">(OCoLC)fst00908736</subfield>
  </datafield>
  <datafield tag="650" ind1=" " ind2="7">
    <subfield code="a">Foreign workers, Mexican</subfield>
    <subfield code="x">Legal status, laws, etc.</subfield>
    <subfield code="2">fast</subfield>
    <subfield code="0">(OCoLC)fst01729169</subfield>
  </datafield>
  <datafield tag="650" ind1=" " ind2="7">
    <subfield code="a">Illegal aliens.</subfield>
    <subfield code="2">fast</subfield>
    <subfield code="0">(OCoLC)fst00967153</subfield>
  </datafield>
  <datafield tag="651" ind1=" " ind2="7">
    <subfield code="a">United States.</subfield>
    <subfield code="2">fast</subfield>
    <subfield code="0">(OCoLC)fst01204155</subfield>
  </datafield>
  <datafield tag="655" ind1=" " ind2="0">
    <subfield code="a">Digital images.</subfield>
  </datafield>
  <datafield tag="776" ind1="0" ind2="8">
    <subfield code="i">Online version:</subfield>
    <subfield code="a">United States. Congress. House. Committee on Agriculture.</subfield>
    <subfield code="t">Immigration Reform and Control Act of 1983.</subfield>
    <subfield code="d">Washington : U.S.G.P.O., 1983</subfield>
    <subfield code="w">(OCoLC)655234848</subfield>
  </datafield>
  <datafield tag="856" ind1="4" ind2="1">
    <subfield code="3">Internet Archive</subfield>
    <subfield code="u">http://www.archive.org/details/immigrationrefor1983unit</subfield>
  </datafield>
  <datafield tag="856" ind1="4" ind2="1">
    <subfield code="3">Internet Archive</subfield>
    <subfield code="u">http://www.archive.org/details/immigrationrefor1983aunit</subfield>
  </datafield>
  
  
  
  
  
  
  
  
</record>