<record xmlns="http://www.loc.gov/MARC21/slim" xmlns:zs="http://docs.oasis-open.org/ns/search-ws/sruResponse">
  <leader>02921cam a2200613 a 4500</leader>
  <controlfield tag="001">ocn434124575</controlfield>
  <controlfield tag="003">OCoLC</controlfield>
  <controlfield tag="005">20160312213654.0</controlfield>
  <controlfield tag="008">090820s2010    azuab    b   s000 0 eng  </controlfield>
  <datafield tag="010" ind1=" " ind2=" ">
    <subfield code="a">  2009033458</subfield>
  </datafield>
  <datafield tag="040" ind1=" " ind2=" ">
    <subfield code="a">DLC</subfield>
    <subfield code="b">eng</subfield>
    <subfield code="c">DLC</subfield>
    <subfield code="d">YDXCP</subfield>
    <subfield code="d">C#P</subfield>
    <subfield code="d">BWX</subfield>
    <subfield code="d">CDX</subfield>
    <subfield code="d">UKMGB</subfield>
    <subfield code="d">MIX</subfield>
    <subfield code="d">LEB</subfield>
    <subfield code="d">BDX</subfield>
    <subfield code="d">OCLCF</subfield>
    <subfield code="d">OCLCQ</subfield>
    <subfield code="d">OCLCO</subfield>
    <subfield code="d">OCLCQ</subfield>
  </datafield>
  <datafield tag="016" ind1="7" ind2=" ">
    <subfield code="a">015544004</subfield>
    <subfield code="2">Uk</subfield>
  </datafield>
  <datafield tag="020" ind1=" " ind2=" ">
    <subfield code="a">9780816528547</subfield>
    <subfield code="q">(pbk. ;</subfield>
    <subfield code="q">alk. paper)</subfield>
  </datafield>
  <datafield tag="020" ind1=" " ind2=" ">
    <subfield code="a">0816528543</subfield>
    <subfield code="q">(pbk. ;</subfield>
    <subfield code="q">alk. paper)</subfield>
  </datafield>
  <datafield tag="035" ind1=" " ind2=" ">
    <subfield code="a">(OCoLC)434124575</subfield>
  </datafield>
  <datafield tag="043" ind1=" " ind2=" ">
    <subfield code="a">n-mx---</subfield>
    <subfield code="a">n-us---</subfield>
  </datafield>
  <datafield tag="050" ind1="0" ind2="0">
    <subfield code="a">HV4011.M58</subfield>
    <subfield code="b">F47 2010</subfield>
  </datafield>
  <datafield tag="082" ind1="0" ind2="0">
    <subfield code="a">304.8/730720922</subfield>
    <subfield code="2">22</subfield>
  </datafield>
  <datafield tag="100" ind1="1" ind2=" ">
    <subfield code="a">Ferguson, Kathryn.</subfield>
  </datafield>
  <datafield tag="245" ind1="1" ind2="0">
    <subfield code="a">Crossing with the Virgin :</subfield>
    <subfield code="b">stories from the migrant trail /</subfield>
    <subfield code="c">Kathryn Ferguson, Norma A. Price, and Ted Parks ; with forewords by Claudia Aburto Guzmán and John M. Fife.</subfield>
  </datafield>
  <datafield tag="260" ind1=" " ind2=" ">
    <subfield code="a">Tucson :</subfield>
    <subfield code="b">University of Arizona Press,</subfield>
    <subfield code="c">©2010.</subfield>
  </datafield>
  <datafield tag="300" ind1=" " ind2=" ">
    <subfield code="a">xxii, 212 pages :</subfield>
    <subfield code="b">illustrations, maps ;</subfield>
    <subfield code="c">23 cm</subfield>
  </datafield>
  <datafield tag="336" ind1=" " ind2=" ">
    <subfield code="a">text</subfield>
    <subfield code="b">txt</subfield>
    <subfield code="2">rdacontent</subfield>
  </datafield>
  <datafield tag="337" ind1=" " ind2=" ">
    <subfield code="a">unmediated</subfield>
    <subfield code="b">n</subfield>
    <subfield code="2">rdamedia</subfield>
  </datafield>
  <datafield tag="338" ind1=" " ind2=" ">
    <subfield code="a">volume</subfield>
    <subfield code="b">nc</subfield>
    <subfield code="2">rdacarrier</subfield>
  </datafield>
  <datafield tag="504" ind1=" " ind2=" ">
    <subfield code="a">Includes bibliographical references.</subfield>
  </datafield>
  <datafield tag="520" ind1=" " ind2=" ">
    <subfield code="a">Collection of stories heard from migrants crossing the Arizona desert to find jobs, join families, or start new lives. These are firsthand accounts told to volunteers for the Samaritans, a humanitarian group seeking to provide these travelers with medical aid, water, and food.</subfield>
  </datafield>
  <datafield tag="650" ind1=" " ind2="0">
    <subfield code="a">Illegal aliens</subfield>
    <subfield code="z">Mexican-American Border Region.</subfield>
  </datafield>
  <datafield tag="650" ind1=" " ind2="0">
    <subfield code="a">Humanitarian assistance</subfield>
    <subfield code="z">Mexican-American Border Region.</subfield>
  </datafield>
  <datafield tag="650" ind1=" " ind2="0">
    <subfield code="a">Border crossing</subfield>
    <subfield code="z">Mexican-American Border Region.</subfield>
  </datafield>
  <datafield tag="651" ind1=" " ind2="0">
    <subfield code="a">United States</subfield>
    <subfield code="x">Emigration and immigration</subfield>
    <subfield code="x">Social aspects.</subfield>
  </datafield>
  <datafield tag="651" ind1=" " ind2="0">
    <subfield code="a">Mexico</subfield>
    <subfield code="x">Emigration and immigration</subfield>
    <subfield code="x">Social aspects.</subfield>
  </datafield>
  <datafield tag="650" ind1=" " ind2="7">
    <subfield code="a">Border crossing.</subfield>
    <subfield code="2">fast</subfield>
    <subfield code="0">(OCoLC)fst01715649</subfield>
  </datafield>
  <datafield tag="650" ind1=" " ind2="7">
    <subfield code="a">Emigration and immigration</subfield>
    <subfield code="x">Social aspects.</subfield>
    <subfield code="2">fast</subfield>
    <subfield code="0">(OCoLC)fst00908722</subfield>
  </datafield>
  <datafield tag="650" ind1=" " ind2="7">
    <subfield code="a">Humanitarian assistance.</subfield>
    <subfield code="2">fast</subfield>
    <subfield code="0">(OCoLC)fst00963553</subfield>
  </datafield>
  <datafield tag="650" ind1=" " ind2="7">
    <subfield code="a">Illegal aliens.</subfield>
    <subfield code="2">fast</subfield>
    <subfield code="0">(OCoLC)fst00967153</subfield>
  </datafield>
  <datafield tag="651" ind1=" " ind2="7">
    <subfield code="a">Mexico.</subfield>
    <subfield code="2">fast</subfield>
    <subfield code="0">(OCoLC)fst01211700</subfield>
  </datafield>
  <datafield tag="651" ind1=" " ind2="7">
    <subfield code="a">North America</subfield>
    <subfield code="z">Mexican-American Border Region.</subfield>
    <subfield code="2">fast</subfield>
    <subfield code="0">(OCoLC)fst01239966</subfield>
  </datafield>
  <datafield tag="651" ind1=" " ind2="7">
    <subfield code="a">United States.</subfield>
    <subfield code="2">fast</subfield>
    <subfield code="0">(OCoLC)fst01204155</subfield>
  </datafield>
  <datafield tag="700" ind1="1" ind2=" ">
    <subfield code="a">Price, Norma A.,</subfield>
    <subfield code="d">1942-</subfield>
  </datafield>
  <datafield tag="700" ind1="1" ind2=" ">
    <subfield code="a">Parks, Ted,</subfield>
    <subfield code="d">1955-</subfield>
  </datafield>
  
  
  
  
  
  
  
  
  
  
  
  
  
</record>