<record xmlns="http://www.loc.gov/MARC21/slim" xmlns:zs="http://docs.oasis-open.org/ns/search-ws/sruResponse">
  <leader>01635cam a2200445Ia 4500</leader>
  <controlfield tag="001">ocm16387802 </controlfield>
  <controlfield tag="003">OCoLC</controlfield>
  <controlfield tag="005">20160312213906.0</controlfield>
  <controlfield tag="008">870804t19871986onc           000 1 eng d</controlfield>
  <datafield tag="040" ind1=" " ind2=" ">
    <subfield code="a">SVP</subfield>
    <subfield code="b">eng</subfield>
    <subfield code="c">SVP</subfield>
    <subfield code="d">OCL</subfield>
    <subfield code="d">UV$</subfield>
    <subfield code="d">BTCTA</subfield>
    <subfield code="d">OCLCQ</subfield>
    <subfield code="d">OCLCF</subfield>
    <subfield code="d">OCLCQ</subfield>
    <subfield code="d">OCLCO</subfield>
    <subfield code="d">OCLCQ</subfield>
  </datafield>
  <datafield tag="020" ind1=" " ind2=" ">
    <subfield code="a">0553268767</subfield>
    <subfield code="q">(pbk.)</subfield>
  </datafield>
  <datafield tag="020" ind1=" " ind2=" ">
    <subfield code="a">9780553268768</subfield>
    <subfield code="q">(pbk.)</subfield>
  </datafield>
  <datafield tag="035" ind1=" " ind2=" ">
    <subfield code="a">(OCoLC)16387802</subfield>
  </datafield>
  <datafield tag="043" ind1=" " ind2=" ">
    <subfield code="a">n-us-ca</subfield>
  </datafield>
  <datafield tag="050" ind1=" " ind2="4">
    <subfield code="a">PS3563.A899</subfield>
    <subfield code="b">F7 1987</subfield>
  </datafield>
  <datafield tag="100" ind1="1" ind2=" ">
    <subfield code="a">Maxwell, A. E.</subfield>
  </datafield>
  <datafield tag="245" ind1="1" ind2="4">
    <subfield code="a">The frog and the scorpion /</subfield>
    <subfield code="c">A.E. Maxwell.</subfield>
  </datafield>
  <datafield tag="250" ind1=" " ind2=" ">
    <subfield code="a">Bantam ed.</subfield>
  </datafield>
  <datafield tag="260" ind1=" " ind2=" ">
    <subfield code="a">Toronto ;</subfield>
    <subfield code="a">New York :</subfield>
    <subfield code="b">Bantam,</subfield>
    <subfield code="c">1987, ©1986.</subfield>
  </datafield>
  <datafield tag="300" ind1=" " ind2=" ">
    <subfield code="a">218 pages ;</subfield>
    <subfield code="c">18 cm</subfield>
  </datafield>
  <datafield tag="336" ind1=" " ind2=" ">
    <subfield code="a">text</subfield>
    <subfield code="b">txt</subfield>
    <subfield code="2">rdacontent</subfield>
  </datafield>
  <datafield tag="337" ind1=" " ind2=" ">
    <subfield code="a">unmediated</subfield>
    <subfield code="b">n</subfield>
    <subfield code="2">rdamedia</subfield>
  </datafield>
  <datafield tag="338" ind1=" " ind2=" ">
    <subfield code="a">volume</subfield>
    <subfield code="b">nc</subfield>
    <subfield code="2">rdacarrier</subfield>
  </datafield>
  <datafield tag="650" ind1=" " ind2="0">
    <subfield code="a">Fiddler (Fictitious character)</subfield>
    <subfield code="v">Fiction.</subfield>
  </datafield>
  <datafield tag="650" ind1=" " ind2="0">
    <subfield code="a">Fiora (Fictitious character)</subfield>
    <subfield code="v">Fiction.</subfield>
  </datafield>
  <datafield tag="650" ind1=" " ind2="0">
    <subfield code="a">Private investigators</subfield>
    <subfield code="z">California</subfield>
    <subfield code="v">Fiction.</subfield>
  </datafield>
  <datafield tag="650" ind1=" " ind2="0">
    <subfield code="a">Illegal aliens</subfield>
    <subfield code="v">Fiction.</subfield>
  </datafield>
  <datafield tag="650" ind1=" " ind2="0">
    <subfield code="a">Jewish-Arab relations</subfield>
    <subfield code="v">Fiction.</subfield>
  </datafield>
  <datafield tag="651" ind1=" " ind2="0">
    <subfield code="a">California</subfield>
    <subfield code="v">Fiction.</subfield>
  </datafield>
  <datafield tag="650" ind1=" " ind2="7">
    <subfield code="a">Fiddler (Fictitious character)</subfield>
    <subfield code="2">fast</subfield>
    <subfield code="0">(OCoLC)fst00923790</subfield>
  </datafield>
  <datafield tag="650" ind1=" " ind2="7">
    <subfield code="a">Fiora (Fictitious character)</subfield>
    <subfield code="2">fast</subfield>
    <subfield code="0">(OCoLC)fst00925157</subfield>
  </datafield>
  <datafield tag="650" ind1=" " ind2="7">
    <subfield code="a">Illegal aliens.</subfield>
    <subfield code="2">fast</subfield>
    <subfield code="0">(OCoLC)fst00967153</subfield>
  </datafield>
  <datafield tag="650" ind1=" " ind2="7">
    <subfield code="a">Jewish-Arab relations.</subfield>
    <subfield code="2">fast</subfield>
    <subfield code="0">(OCoLC)fst00983106</subfield>
  </datafield>
  <datafield tag="650" ind1=" " ind2="7">
    <subfield code="a">Private investigators.</subfield>
    <subfield code="2">fast</subfield>
    <subfield code="0">(OCoLC)fst01077503</subfield>
  </datafield>
  <datafield tag="651" ind1=" " ind2="7">
    <subfield code="a">California.</subfield>
    <subfield code="2">fast</subfield>
    <subfield code="0">(OCoLC)fst01204928</subfield>
  </datafield>
  <datafield tag="655" ind1=" " ind2="7">
    <subfield code="a">Fiction.</subfield>
    <subfield code="2">fast</subfield>
    <subfield code="0">(OCoLC)fst01423787</subfield>
  </datafield>
  <datafield tag="655" ind1=" " ind2="7">
    <subfield code="a">Mystery fiction.</subfield>
    <subfield code="2">gsafd</subfield>
  </datafield>
  
  
  
</record>