<record xmlns="http://www.loc.gov/MARC21/slim" xmlns:zs="http://docs.oasis-open.org/ns/search-ws/sruResponse">
  <leader>04872cam a2200913Ii 4500</leader>
  <controlfield tag="001">ocn882769469</controlfield>
  <controlfield tag="003">OCoLC</controlfield>
  <controlfield tag="005">20160312213652.0</controlfield>
  <controlfield tag="008">140705t20142014cauab   ob    001 0 eng d</controlfield>
  <controlfield tag="006">m     o  d        </controlfield>
  <controlfield tag="007">cr cnu---unuuu</controlfield>
  <datafield tag="040" ind1=" " ind2=" ">
    <subfield code="a">EBLCP</subfield>
    <subfield code="b">eng</subfield>
    <subfield code="e">rda</subfield>
    <subfield code="e">pn</subfield>
    <subfield code="c">EBLCP</subfield>
    <subfield code="d">E7B</subfield>
    <subfield code="d">QGK</subfield>
    <subfield code="d">N$T</subfield>
    <subfield code="d">OCLCO</subfield>
    <subfield code="d">YDXCP</subfield>
    <subfield code="d">IDEBK</subfield>
    <subfield code="d">CDX</subfield>
    <subfield code="d">MERUC</subfield>
    <subfield code="d">HV6</subfield>
    <subfield code="d">CCO</subfield>
    <subfield code="d">JSTOR</subfield>
    <subfield code="d">OCLCQ</subfield>
    <subfield code="d">TEFOD</subfield>
    <subfield code="d">COO</subfield>
    <subfield code="d">TEFOD</subfield>
    <subfield code="d">OCLCQ</subfield>
    <subfield code="d">DOS</subfield>
    <subfield code="d">CSJ</subfield>
  </datafield>
  <datafield tag="019" ind1=" " ind2=" ">
    <subfield code="a">882607363</subfield>
  </datafield>
  <datafield tag="020" ind1=" " ind2=" ">
    <subfield code="a">9780520958289</subfield>
    <subfield code="q">(electronic bk.)</subfield>
  </datafield>
  <datafield tag="020" ind1=" " ind2=" ">
    <subfield code="a">0520958284</subfield>
    <subfield code="q">(electronic bk.)</subfield>
  </datafield>
  <datafield tag="020" ind1=" " ind2=" ">
    <subfield code="a">1306923611</subfield>
    <subfield code="q">(electronic bk.)</subfield>
  </datafield>
  <datafield tag="020" ind1=" " ind2=" ">
    <subfield code="a">9781306923613</subfield>
    <subfield code="q">(electronic bk.)</subfield>
  </datafield>
  <datafield tag="020" ind1=" " ind2=" ">
    <subfield code="a">0520282515</subfield>
  </datafield>
  <datafield tag="020" ind1=" " ind2=" ">
    <subfield code="a">9780520282513</subfield>
  </datafield>
  <datafield tag="020" ind1=" " ind2=" ">
    <subfield code="z">9780520282513</subfield>
    <subfield code="q">(hbk.)</subfield>
  </datafield>
  <datafield tag="020" ind1=" " ind2=" ">
    <subfield code="z">9780520282520</subfield>
    <subfield code="q">(pbk.)</subfield>
  </datafield>
  <datafield tag="035" ind1=" " ind2=" ">
    <subfield code="a">(OCoLC)882769469</subfield>
    <subfield code="z">(OCoLC)882607363</subfield>
  </datafield>
  <datafield tag="037" ind1=" " ind2=" ">
    <subfield code="a">623612</subfield>
    <subfield code="b">MIL</subfield>
  </datafield>
  <datafield tag="037" ind1=" " ind2=" ">
    <subfield code="a">22573/ctt6vqgsj</subfield>
    <subfield code="b">JSTOR</subfield>
  </datafield>
  <datafield tag="037" ind1=" " ind2=" ">
    <subfield code="a">8EE6B18F-2D3E-46B4-BD22-6B323BEE8150</subfield>
    <subfield code="b">OverDrive, Inc.</subfield>
    <subfield code="n">http://www.overdrive.com</subfield>
  </datafield>
  <datafield tag="043" ind1=" " ind2=" ">
    <subfield code="a">e-sp---</subfield>
    <subfield code="a">f-sh---</subfield>
    <subfield code="a">f-ml---</subfield>
    <subfield code="a">f-sg---</subfield>
  </datafield>
  <datafield tag="050" ind1=" " ind2="4">
    <subfield code="a">JV8259.Z6</subfield>
    <subfield code="b">C482 2014</subfield>
  </datafield>
  <datafield tag="072" ind1=" " ind2="7">
    <subfield code="a">SOC</subfield>
    <subfield code="x">004000</subfield>
    <subfield code="2">bisacsh</subfield>
  </datafield>
  <datafield tag="072" ind1=" " ind2="7">
    <subfield code="a">SOC002010</subfield>
    <subfield code="2">bisacsh</subfield>
  </datafield>
  <datafield tag="082" ind1="0" ind2="4">
    <subfield code="a">364.1/370964</subfield>
    <subfield code="2">23</subfield>
  </datafield>
  <datafield tag="100" ind1="1" ind2=" ">
    <subfield code="a">Andersson, Ruben,</subfield>
    <subfield code="d">1977-</subfield>
    <subfield code="e">author.</subfield>
  </datafield>
  <datafield tag="245" ind1="1" ind2="0">
    <subfield code="a">Illegality, Inc. :</subfield>
    <subfield code="b">clandestine migration and the business of bordering Europe /</subfield>
    <subfield code="c">Ruben Andersson.</subfield>
  </datafield>
  <datafield tag="264" ind1=" " ind2="1">
    <subfield code="a">Oakland, California :</subfield>
    <subfield code="b">University of California Press,</subfield>
    <subfield code="c">[2014]</subfield>
  </datafield>
  <datafield tag="264" ind1=" " ind2="3">
    <subfield code="c">©2014</subfield>
  </datafield>
  <datafield tag="300" ind1=" " ind2=" ">
    <subfield code="a">1 online resource (xvii, 338 pages) :</subfield>
    <subfield code="b">illustrations, maps.</subfield>
  </datafield>
  <datafield tag="336" ind1=" " ind2=" ">
    <subfield code="a">text</subfield>
    <subfield code="b">txt</subfield>
    <subfield code="2">rdacontent</subfield>
  </datafield>
  <datafield tag="337" ind1=" " ind2=" ">
    <subfield code="a">computer</subfield>
    <subfield code="b">c</subfield>
    <subfield code="2">rdamedia</subfield>
  </datafield>
  <datafield tag="338" ind1=" " ind2=" ">
    <subfield code="a">online resource</subfield>
    <subfield code="b">cr</subfield>
    <subfield code="2">rdacarrier</subfield>
  </datafield>
  <datafield tag="490" ind1="1" ind2=" ">
    <subfield code="a">California series in public anthropology ;</subfield>
    <subfield code="v">28</subfield>
  </datafield>
  <datafield tag="504" ind1=" " ind2=" ">
    <subfield code="a">Includes bibliographical references and index.</subfield>
  </datafield>
  <datafield tag="520" ind1=" " ind2=" ">
    <subfield code="a">"In this groundbreaking ethnography, Ruben Andersson, a gifted anthropologist and journalist, travels along the clandestine migration trail from Senegal and Mali to the Spanish North African enclaves of Ceuta and Melilla. Through the voices of his informants, Andersson explores, viscerally and emphatically, how Europe's increasingly powerful border regime meets and interacts with its target - the clandestine migrant. This vivid, rich work examines the subterranean migration flow from Africa to Europe, and shifts the focus from the "illegal immigrants" themselves to the vast industry built around their movements. This fascinating and accessible book is a must-read for anyone interested in the politics of international migration and the changing texture of global culture."--Provided by the publisher.</subfield>
  </datafield>
  <datafield tag="588" ind1="0" ind2=" ">
    <subfield code="a">Print version record.</subfield>
  </datafield>
  <datafield tag="505" ind1="0" ind2=" ">
    <subfield code="a">Part 1. Borderlands -- Part 2. Crossings -- Part 3. Confrontations.</subfield>
  </datafield>
  <datafield tag="650" ind1=" " ind2="0">
    <subfield code="a">Illegal aliens</subfield>
    <subfield code="z">Spain</subfield>
    <subfield code="z">Cueta</subfield>
    <subfield code="v">Case studies.</subfield>
  </datafield>
  <datafield tag="650" ind1=" " ind2="0">
    <subfield code="a">Illegal aliens</subfield>
    <subfield code="z">Spain</subfield>
    <subfield code="z">Melilla</subfield>
    <subfield code="v">Case studies.</subfield>
  </datafield>
  <datafield tag="651" ind1=" " ind2="0">
    <subfield code="a">Ceuta (Spain)</subfield>
    <subfield code="x">Emigration and immigration</subfield>
    <subfield code="v">Case studies.</subfield>
  </datafield>
  <datafield tag="651" ind1=" " ind2="0">
    <subfield code="a">Melilla (Spain)</subfield>
    <subfield code="x">Emigration and immigration</subfield>
    <subfield code="v">Case studies.</subfield>
  </datafield>
  <datafield tag="651" ind1=" " ind2="0">
    <subfield code="a">Mali</subfield>
    <subfield code="x">Emigration and immigration</subfield>
    <subfield code="v">Case studies.</subfield>
  </datafield>
  <datafield tag="651" ind1=" " ind2="0">
    <subfield code="a">Senegal</subfield>
    <subfield code="x">Emigration and immigration</subfield>
    <subfield code="v">Case studies.</subfield>
  </datafield>
  <datafield tag="650" ind1=" " ind2="7">
    <subfield code="a">SOCIAL SCIENCE</subfield>
    <subfield code="x">Criminology.</subfield>
    <subfield code="2">bisacsh</subfield>
  </datafield>
  <datafield tag="650" ind1=" " ind2="7">
    <subfield code="a">SOCIAL SCIENCE</subfield>
    <subfield code="x">Anthropology</subfield>
    <subfield code="x">Cultural.</subfield>
    <subfield code="2">bisacsh</subfield>
  </datafield>
  <datafield tag="655" ind1=" " ind2="4">
    <subfield code="a">Electronic books.</subfield>
  </datafield>
  <datafield tag="776" ind1="0" ind2="8">
    <subfield code="i">Print version:</subfield>
    <subfield code="a">Andersson, Ruben, 1977-</subfield>
    <subfield code="t">Illegality, inc.</subfield>
    <subfield code="d">Oakland, CA : University of California Press, [2014]</subfield>
    <subfield code="z">9780520282513</subfield>
    <subfield code="w">(DLC)  2014010244</subfield>
    <subfield code="w">(OCoLC)861955229</subfield>
  </datafield>
  <datafield tag="830" ind1=" " ind2="0">
    <subfield code="a">California series in public anthropology ;</subfield>
    <subfield code="v">28.</subfield>
  </datafield>
  <datafield tag="856" ind1="4" ind2="0">
    <subfield code="3">Ebook Library</subfield>
    <subfield code="u">http://public.eblib.com/choice/publicfullrecord.aspx?p=1711002</subfield>
  </datafield>
  <datafield tag="856" ind1="4" ind2="0">
    <subfield code="3">ebrary</subfield>
    <subfield code="u">http://site.ebrary.com/id/10888752</subfield>
  </datafield>
  <datafield tag="856" ind1="4" ind2="0">
    <subfield code="3">EBSCOhost</subfield>
    <subfield code="u">http://search.ebscohost.com/login.aspx?direct=true&amp;scope=site&amp;db=nlebk&amp;db=nlabk&amp;AN=809635</subfield>
  </datafield>
  <datafield tag="856" ind1="4" ind2="0">
    <subfield code="3">JSTOR</subfield>
    <subfield code="u">http://www.jstor.org/stable/10.1525/j.ctt6wqc7v</subfield>
  </datafield>
  <datafield tag="856" ind1="4" ind2="0">
    <subfield code="3">MyiLibrary</subfield>
    <subfield code="u">http://www.myilibrary.com?id=623612</subfield>
  </datafield>
  <datafield tag="856" ind1="4" ind2="0">
    <subfield code="3">OverDrive</subfield>
    <subfield code="u">https://www.overdrive.com/search?q=8EE6B18F-2D3E-46B4-BD22-6B323BEE8150</subfield>
  </datafield>
  <datafield tag="856" ind1="4" ind2=" ">
    <subfield code="3">Excerpt</subfield>
    <subfield code="u">https://samples.overdrive.com/illegality-inc?.epub-sample.overdrive.com</subfield>
  </datafield>
  <datafield tag="856" ind1="4" ind2=" ">
    <subfield code="3">Image</subfield>
    <subfield code="u">http://images.contentreserve.com/ImageType-100/0438-1/{8EE6B18F-2D3E-46B4-BD22-6B323BEE8150}Img100.jpg</subfield>
  </datafield>
  
  
  
  
  
  
  
  
  
  
  
  
  
  
  
  
  
</record>