<record xmlns="http://www.loc.gov/MARC21/slim" xmlns:zs="http://docs.oasis-open.org/ns/search-ws/sruResponse">
  <leader>05249cgm a2200709Ia 4500</leader>
  <controlfield tag="001">ocn435619048</controlfield>
  <controlfield tag="003">OCoLC</controlfield>
  <controlfield tag="005">20160312213735.0</controlfield>
  <controlfield tag="008">090902s2009    nyu061            vleng d</controlfield>
  <controlfield tag="006">aa          000 0 </controlfield>
  <controlfield tag="007">vd cvaizs</controlfield>
  <controlfield tag="007">co cg||m||||||</controlfield>
  <datafield tag="040" ind1=" " ind2=" ">
    <subfield code="a">TEFMT</subfield>
    <subfield code="b">eng</subfield>
    <subfield code="c">TEFMT</subfield>
    <subfield code="d">TEF</subfield>
    <subfield code="d">UMC</subfield>
    <subfield code="d">OCL</subfield>
    <subfield code="d">CNEDM</subfield>
    <subfield code="d">OCLCA</subfield>
    <subfield code="d">TXBXL</subfield>
    <subfield code="d">OCLCQ</subfield>
    <subfield code="d">OCLCO</subfield>
  </datafield>
  <datafield tag="024" ind1="1" ind2="0">
    <subfield code="a">845637000678</subfield>
  </datafield>
  <datafield tag="028" ind1="4" ind2="0">
    <subfield code="a">IP3872</subfield>
    <subfield code="b">IndiePix</subfield>
  </datafield>
  <datafield tag="035" ind1=" " ind2=" ">
    <subfield code="a">(OCoLC)435619048</subfield>
  </datafield>
  <datafield tag="043" ind1=" " ind2=" ">
    <subfield code="a">n-us-tx</subfield>
    <subfield code="a">n-us---</subfield>
  </datafield>
  <datafield tag="050" ind1="1" ind2="4">
    <subfield code="a">JV6483</subfield>
    <subfield code="b">.L427 2009</subfield>
  </datafield>
  <datafield tag="082" ind1="0" ind2="4">
    <subfield code="a">325.73</subfield>
    <subfield code="2">22</subfield>
  </datafield>
  <datafield tag="082" ind1="1" ind2="4">
    <subfield code="a">325.73</subfield>
    <subfield code="2">14</subfield>
  </datafield>
  <datafield tag="245" ind1="0" ind2="4">
    <subfield code="a">The least of these</subfield>
    <subfield code="h">[videorecording] /</subfield>
    <subfield code="c">Glass House Productions and La Sonrisa Productions present ; directors, Clark Lyda and Jesse Lyda ; producers, Marcy Garriott, Clark Lyda and Jesse Lyda.</subfield>
  </datafield>
  <datafield tag="250" ind1=" " ind2=" ">
    <subfield code="a">[Festival ed.].</subfield>
  </datafield>
  <datafield tag="260" ind1=" " ind2=" ">
    <subfield code="a">New York, NY :</subfield>
    <subfield code="b">IndiePix,</subfield>
    <subfield code="c">c2009.</subfield>
  </datafield>
  <datafield tag="300" ind1=" " ind2=" ">
    <subfield code="a">1 videodisc (61 min.) :</subfield>
    <subfield code="b">sd., col. ;</subfield>
    <subfield code="c">4 3/4 in.</subfield>
  </datafield>
  <datafield tag="538" ind1=" " ind2=" ">
    <subfield code="a">DVD; Dolby digital 2.0 stereo.</subfield>
  </datafield>
  <datafield tag="546" ind1=" " ind2=" ">
    <subfield code="a">In English.</subfield>
  </datafield>
  <datafield tag="508" ind1=" " ind2=" ">
    <subfield code="a">Director of photography, John Fiege ; editor, Amy Foote ; music by Adrian Quesada, Explosions in the Sky, James Levine.</subfield>
  </datafield>
  <datafield tag="500" ind1=" " ind2=" ">
    <subfield code="a">Originally produced as a motion picture in 2009.</subfield>
  </datafield>
  <datafield tag="500" ind1=" " ind2=" ">
    <subfield code="a">Widescreen format (1.78:1).</subfield>
  </datafield>
  <datafield tag="500" ind1=" " ind2=" ">
    <subfield code="a">Special features (68 min.): trailer (2 min.); "Restore fairness : bring back due process to the immigration system" short film (9 min.); Center for American Progress "Reel progress" interview (5 min.); SXSW 2009 Q &amp; A excerpts (13 min.); SXSW 2009 panel discussion (5 min.); NY International Latino Film Festival Q &amp; A excerpts (7 min.); 4 deleted/extended scenes (18 min. total); epilogue (9 min.).</subfield>
  </datafield>
  <datafield tag="500" ind1=" " ind2=" ">
    <subfield code="a">DVD-ROM features: resource guide (1 p. of hyperlinks); "U.S. detention of asylum seekers : seeking protection, finding prison" report by Human Rights First (c2009, PDF, col. ill., 102 p.); "Locking up family values : the detention of immigrant families" report by the Women's Commission for Refugee Women and Children &amp; the Lutheran Immigration and Refugee Service (c2007, PDF, col. ill., 65 p.); "Jailed without justice : immigrant detention in the USA" report by Amnesty International ([2009], PDF, col. ill., 52 p.).</subfield>
  </datafield>
  <datafield tag="520" ind1=" " ind2=" ">
    <subfield code="a">"Takes a penetrating look at the T. Don Hutto Residential Center, a former medium-security prison that re-opened in 2006 as a prototype family detention center. The facility was to house immigrant children and their parents from around the world who were awaiting asylum hearings or deportation proceedings. As information about troubling conditions at the facility began to leak out, activist attorneys sought to investigate and address the issues. In telling the story of their quest, the film explores the role (and limits) of community and legal activism in bringing about change. The film leads viewers to consider how core American rights and values - protection of children, presumption of innocence, upholding the family structure as the basic unit of civil society, and America as a refuge of last resort - should apply to immigrants, particularly children"--Container.</subfield>
  </datafield>
  <datafield tag="511" ind1="0" ind2=" ">
    <subfield code="a">Featuring expert commentary by Vanita Gupta of the American Civil Liberties Union and others.</subfield>
  </datafield>
  <datafield tag="505" ind1="0" ind2=" ">
    <subfield code="a">Special features (68 min.): trailer (2 min.); "Restore fairness : bring back due process to the immigration system" short film (9 min.); Center for American Progress "Reel progress" interview (5 min.); SXSW 2009 Q &amp; A excerpts (13 min.); SXSW 2009 panel discussion (5 min.); NY International Latino Film Festival Q &amp; A excerpts (7 min.); 4 deleted/extended scenes (18 min. total); epilogue (9 min.).</subfield>
  </datafield>
  <datafield tag="610" ind1="2" ind2="0">
    <subfield code="a">T. Don Hutto Residential Center.</subfield>
  </datafield>
  <datafield tag="650" ind1=" " ind2="0">
    <subfield code="a">Alien detention centers</subfield>
    <subfield code="z">Texas</subfield>
    <subfield code="z">Taylor.</subfield>
  </datafield>
  <datafield tag="650" ind1=" " ind2="0">
    <subfield code="a">Illegal alien children</subfield>
    <subfield code="x">Government policy</subfield>
    <subfield code="z">United States.</subfield>
  </datafield>
  <datafield tag="650" ind1=" " ind2="0">
    <subfield code="a">Illegal aliens</subfield>
    <subfield code="x">Government policy</subfield>
    <subfield code="z">United States.</subfield>
  </datafield>
  <datafield tag="650" ind1=" " ind2="0">
    <subfield code="a">Immigrant children</subfield>
    <subfield code="x">Government policy</subfield>
    <subfield code="z">United States.</subfield>
  </datafield>
  <datafield tag="650" ind1=" " ind2="0">
    <subfield code="a">Immigrant families</subfield>
    <subfield code="x">Government policy</subfield>
    <subfield code="z">United States.</subfield>
  </datafield>
  <datafield tag="651" ind1=" " ind2="0">
    <subfield code="a">United States</subfield>
    <subfield code="x">Emigration and immigration</subfield>
    <subfield code="x">Government policy.</subfield>
  </datafield>
  <datafield tag="655" ind1=" " ind2="7">
    <subfield code="a">Documentary films.</subfield>
    <subfield code="2">lcgft</subfield>
  </datafield>
  <datafield tag="655" ind1=" " ind2="7">
    <subfield code="a">Nonfiction films.</subfield>
    <subfield code="2">lcgft</subfield>
  </datafield>
  <datafield tag="655" ind1=" " ind2="7">
    <subfield code="a">Feature films.</subfield>
    <subfield code="2">lcgft</subfield>
  </datafield>
  <datafield tag="700" ind1="1" ind2=" ">
    <subfield code="a">Lyda, Clark.</subfield>
  </datafield>
  <datafield tag="700" ind1="1" ind2=" ">
    <subfield code="a">Lyda, Jesse.</subfield>
  </datafield>
  <datafield tag="700" ind1="1" ind2=" ">
    <subfield code="a">Garriott, Marcy.</subfield>
  </datafield>
  <datafield tag="700" ind1="1" ind2=" ">
    <subfield code="a">Quesada, Adrian.</subfield>
  </datafield>
  <datafield tag="710" ind1="2" ind2=" ">
    <subfield code="a">Glass House Productions.</subfield>
  </datafield>
  <datafield tag="710" ind1="2" ind2=" ">
    <subfield code="a">La Sonrisa Productions.</subfield>
  </datafield>
  <datafield tag="710" ind1="2" ind2=" ">
    <subfield code="a">Explosions in the Sky (Musical group)</subfield>
  </datafield>
  <datafield tag="710" ind1="2" ind2=" ">
    <subfield code="a">IndiePix (Firm)</subfield>
  </datafield>
  <datafield tag="740" ind1="0" ind2="2">
    <subfield code="a">Restore fairness : bring back due process to the immigration system.</subfield>
  </datafield>
  <datafield tag="740" ind1="0" ind2="2">
    <subfield code="a">U.S. detention of asylum seekers : seeking protection, finding prison.</subfield>
  </datafield>
  <datafield tag="740" ind1="0" ind2="2">
    <subfield code="a">Locking up family values : the detention of immigrant families.</subfield>
  </datafield>
  <datafield tag="740" ind1="0" ind2="2">
    <subfield code="a">Jailed without justice : immigrant detention in the USA.</subfield>
  </datafield>
  <datafield tag="856" ind1="4" ind2="2">
    <subfield code="3">Official website</subfield>
    <subfield code="u">http://theleastofthese-film.com/</subfield>
  </datafield>
  
  
  
  
  
</record>