<record xmlns="http://www.loc.gov/MARC21/slim" xmlns:zs="http://docs.oasis-open.org/ns/search-ws/sruResponse">
  <leader>02191cam a22005414a 4500</leader>
  <controlfield tag="001">ocn182732095</controlfield>
  <controlfield tag="003">OCoLC</controlfield>
  <controlfield tag="005">20160312213917.0</controlfield>
  <controlfield tag="008">071221s2007    gw a     b    000 0 ger  </controlfield>
  <datafield tag="010" ind1=" " ind2=" ">
    <subfield code="a">  2008373087</subfield>
  </datafield>
  <datafield tag="040" ind1=" " ind2=" ">
    <subfield code="a">DLC</subfield>
    <subfield code="b">eng</subfield>
    <subfield code="c">DLC</subfield>
    <subfield code="d">OHX</subfield>
    <subfield code="d">DEBSZ</subfield>
    <subfield code="d">OCLCF</subfield>
    <subfield code="d">OCLCO</subfield>
    <subfield code="d">OCLCQ</subfield>
  </datafield>
  <datafield tag="015" ind1=" " ind2=" ">
    <subfield code="a">07,N50,0547</subfield>
    <subfield code="2">dnb</subfield>
  </datafield>
  <datafield tag="016" ind1="7" ind2=" ">
    <subfield code="a">986435902</subfield>
    <subfield code="2">DE-101</subfield>
  </datafield>
  <datafield tag="020" ind1=" " ind2=" ">
    <subfield code="a">9783828203976</subfield>
    <subfield code="q">(pbk.)</subfield>
  </datafield>
  <datafield tag="020" ind1=" " ind2=" ">
    <subfield code="a">3828203973</subfield>
    <subfield code="q">(pbk.)</subfield>
  </datafield>
  <datafield tag="024" ind1="3" ind2=" ">
    <subfield code="a">9783828203976</subfield>
  </datafield>
  <datafield tag="035" ind1=" " ind2=" ">
    <subfield code="a">(OCoLC)182732095</subfield>
  </datafield>
  <datafield tag="043" ind1=" " ind2=" ">
    <subfield code="a">e-gx---</subfield>
  </datafield>
  <datafield tag="050" ind1="0" ind2="0">
    <subfield code="a">JV6201</subfield>
    <subfield code="b">.N47 2007</subfield>
  </datafield>
  <datafield tag="072" ind1=" " ind2="7">
    <subfield code="a">HV</subfield>
    <subfield code="2">lcco</subfield>
  </datafield>
  <datafield tag="082" ind1="0" ind2="0">
    <subfield code="a">364.1/370943</subfield>
    <subfield code="2">22</subfield>
  </datafield>
  <datafield tag="100" ind1="1" ind2=" ">
    <subfield code="a">Neske, Matthias.</subfield>
  </datafield>
  <datafield tag="245" ind1="1" ind2="0">
    <subfield code="a">Menschenschmuggel :</subfield>
    <subfield code="b">Deutschland als Transit- und Zielland irregulärer Migration /</subfield>
    <subfield code="c">Matthias Neske.</subfield>
  </datafield>
  <datafield tag="260" ind1=" " ind2=" ">
    <subfield code="a">Stuttgart :</subfield>
    <subfield code="b">Lucius &amp; Lucius,</subfield>
    <subfield code="c">2007.</subfield>
  </datafield>
  <datafield tag="300" ind1=" " ind2=" ">
    <subfield code="a">369 pages :</subfield>
    <subfield code="b">illustrations ;</subfield>
    <subfield code="c">23 cm.</subfield>
  </datafield>
  <datafield tag="336" ind1=" " ind2=" ">
    <subfield code="a">text</subfield>
    <subfield code="b">txt</subfield>
    <subfield code="2">rdacontent</subfield>
  </datafield>
  <datafield tag="337" ind1=" " ind2=" ">
    <subfield code="a">unmediated</subfield>
    <subfield code="b">n</subfield>
    <subfield code="2">rdamedia</subfield>
  </datafield>
  <datafield tag="338" ind1=" " ind2=" ">
    <subfield code="a">volume</subfield>
    <subfield code="b">nc</subfield>
    <subfield code="2">rdacarrier</subfield>
  </datafield>
  <datafield tag="490" ind1="0" ind2=" ">
    <subfield code="a">Forum Migration ;</subfield>
    <subfield code="v">10</subfield>
  </datafield>
  <datafield tag="500" ind1=" " ind2=" ">
    <subfield code="a">Originally presented as the author's thesis (doctoral)--Otto-Friedrich-Universität Bamberg.</subfield>
  </datafield>
  <datafield tag="504" ind1=" " ind2=" ">
    <subfield code="a">Includes bibliographical references (pages 292-313).</subfield>
  </datafield>
  <datafield tag="650" ind1=" " ind2="0">
    <subfield code="a">Human smuggling</subfield>
    <subfield code="z">Germany.</subfield>
  </datafield>
  <datafield tag="650" ind1=" " ind2="0">
    <subfield code="a">Illegal aliens</subfield>
    <subfield code="z">Germany.</subfield>
  </datafield>
  <datafield tag="650" ind1=" " ind2="7">
    <subfield code="a">Human smuggling.</subfield>
    <subfield code="2">fast</subfield>
    <subfield code="0">(OCoLC)fst00963471</subfield>
  </datafield>
  <datafield tag="650" ind1=" " ind2="7">
    <subfield code="a">Illegal aliens.</subfield>
    <subfield code="2">fast</subfield>
    <subfield code="0">(OCoLC)fst00967153</subfield>
  </datafield>
  <datafield tag="651" ind1=" " ind2="7">
    <subfield code="a">Germany.</subfield>
    <subfield code="2">fast</subfield>
    <subfield code="0">(OCoLC)fst01210272</subfield>
  </datafield>
  <datafield tag="856" ind1="4" ind2="1">
    <subfield code="3">Table of contents</subfield>
    <subfield code="u">http://d-nb.info/986435902/04</subfield>
  </datafield>
  <datafield tag="856" ind1="4" ind2=" ">
    <subfield code="q">text/html</subfield>
    <subfield code="u">http://deposit.d-nb.de/cgi-bin/dokserv?id=3026875&amp;prov=M&amp;dok_var=1&amp;dok_ext=htm</subfield>
    <subfield code="3">Inhaltstext</subfield>
  </datafield>
  <datafield tag="856" ind1="4" ind2=" ">
    <subfield code="3">Inhaltstext</subfield>
    <subfield code="u">http://deposit.d-nb.de/cgi-bin/dokserv?id=3026875&amp;prov=M&amp;dok%5Fvar=1&amp;dok%5Fext=htm</subfield>
  </datafield>
  
  
  
  
  
  
  
  
  
</record>