<record xmlns="http://www.loc.gov/MARC21/slim" xmlns:zs="http://docs.oasis-open.org/ns/search-ws/sruResponse">
  <leader>02473cam a2200613Li 4500</leader>
  <controlfield tag="001">ocn891399758</controlfield>
  <controlfield tag="003">OCoLC</controlfield>
  <controlfield tag="005">20160312213825.0</controlfield>
  <controlfield tag="008">140822t20152015enkab   ob    001 0 eng d</controlfield>
  <controlfield tag="006">m     o  d        </controlfield>
  <controlfield tag="007">cr cn|||||||||</controlfield>
  <datafield tag="040" ind1=" " ind2=" ">
    <subfield code="a">E7B</subfield>
    <subfield code="b">eng</subfield>
    <subfield code="e">rda</subfield>
    <subfield code="e">pn</subfield>
    <subfield code="c">E7B</subfield>
    <subfield code="d">IDEBK</subfield>
    <subfield code="d">YDXCP</subfield>
    <subfield code="d">TYFRS</subfield>
    <subfield code="d">OCLCF</subfield>
    <subfield code="d">OCLCQ</subfield>
    <subfield code="d">OCLCO</subfield>
  </datafield>
  <datafield tag="019" ind1=" " ind2=" ">
    <subfield code="a">888353320</subfield>
  </datafield>
  <datafield tag="020" ind1=" " ind2=" ">
    <subfield code="a">9781315848723</subfield>
    <subfield code="q">(e-book)</subfield>
  </datafield>
  <datafield tag="020" ind1=" " ind2=" ">
    <subfield code="a">1315848724</subfield>
    <subfield code="q">(e-book)</subfield>
  </datafield>
  <datafield tag="020" ind1=" " ind2=" ">
    <subfield code="z">9780415732994</subfield>
  </datafield>
  <datafield tag="035" ind1=" " ind2=" ">
    <subfield code="a">(OCoLC)891399758</subfield>
    <subfield code="z">(OCoLC)888353320</subfield>
  </datafield>
  <datafield tag="043" ind1=" " ind2=" ">
    <subfield code="a">a------</subfield>
  </datafield>
  <datafield tag="050" ind1=" " ind2="4">
    <subfield code="a">HV640.4.A68</subfield>
    <subfield code="b">.I77 2014eb</subfield>
  </datafield>
  <datafield tag="082" ind1="0" ind2="4">
    <subfield code="a">364.1/37094</subfield>
    <subfield code="2">23</subfield>
  </datafield>
  <datafield tag="245" ind1="0" ind2="0">
    <subfield code="a">Irregular migration and human security in East Asia /</subfield>
    <subfield code="c">edited by Jiyoung Song and Alistair D.B. Cook.</subfield>
  </datafield>
  <datafield tag="264" ind1=" " ind2="1">
    <subfield code="a">Oxfordshire, England ;</subfield>
    <subfield code="a">New York :</subfield>
    <subfield code="b">Routledge,</subfield>
    <subfield code="c">2015.</subfield>
  </datafield>
  <datafield tag="264" ind1=" " ind2="4">
    <subfield code="c">©2015</subfield>
  </datafield>
  <datafield tag="300" ind1=" " ind2=" ">
    <subfield code="a">1 online resource (210 pages) :</subfield>
    <subfield code="b">illustrations, graphs, maps.</subfield>
  </datafield>
  <datafield tag="336" ind1=" " ind2=" ">
    <subfield code="a">text</subfield>
    <subfield code="b">txt</subfield>
    <subfield code="2">rdacontent</subfield>
  </datafield>
  <datafield tag="337" ind1=" " ind2=" ">
    <subfield code="a">computer</subfield>
    <subfield code="b">c</subfield>
    <subfield code="2">rdamedia</subfield>
  </datafield>
  <datafield tag="338" ind1=" " ind2=" ">
    <subfield code="a">online resource</subfield>
    <subfield code="b">cr</subfield>
    <subfield code="2">rdacarrier</subfield>
  </datafield>
  <datafield tag="490" ind1="1" ind2=" ">
    <subfield code="a">Routledge Contemporary Asia Series ;</subfield>
    <subfield code="v">49</subfield>
  </datafield>
  <datafield tag="504" ind1=" " ind2=" ">
    <subfield code="a">Includes bibliographical references and index.</subfield>
  </datafield>
  <datafield tag="588" ind1="0" ind2=" ">
    <subfield code="a">Print version record.</subfield>
  </datafield>
  <datafield tag="650" ind1=" " ind2="0">
    <subfield code="a">Refugees</subfield>
    <subfield code="z">Asia.</subfield>
  </datafield>
  <datafield tag="650" ind1=" " ind2="0">
    <subfield code="a">Illegal aliens</subfield>
    <subfield code="z">Asia.</subfield>
  </datafield>
  <datafield tag="650" ind1=" " ind2="0">
    <subfield code="a">Foreign workers</subfield>
    <subfield code="z">Asia.</subfield>
  </datafield>
  <datafield tag="650" ind1=" " ind2="7">
    <subfield code="a">Foreign workers.</subfield>
    <subfield code="2">fast</subfield>
    <subfield code="0">(OCoLC)fst01729099</subfield>
  </datafield>
  <datafield tag="650" ind1=" " ind2="7">
    <subfield code="a">Illegal aliens.</subfield>
    <subfield code="2">fast</subfield>
    <subfield code="0">(OCoLC)fst00967153</subfield>
  </datafield>
  <datafield tag="650" ind1=" " ind2="7">
    <subfield code="a">Refugees.</subfield>
    <subfield code="2">fast</subfield>
    <subfield code="0">(OCoLC)fst01092797</subfield>
  </datafield>
  <datafield tag="651" ind1=" " ind2="7">
    <subfield code="a">Asia.</subfield>
    <subfield code="2">fast</subfield>
    <subfield code="0">(OCoLC)fst01240495</subfield>
  </datafield>
  <datafield tag="655" ind1=" " ind2="4">
    <subfield code="a">Electronic books.</subfield>
  </datafield>
  <datafield tag="700" ind1="1" ind2=" ">
    <subfield code="a">Song, Jiyoung,</subfield>
    <subfield code="e">editor.</subfield>
  </datafield>
  <datafield tag="700" ind1="1" ind2=" ">
    <subfield code="a">Cook, Alistair D. B.,</subfield>
    <subfield code="e">editor.</subfield>
  </datafield>
  <datafield tag="776" ind1="0" ind2="8">
    <subfield code="i">Print version:</subfield>
    <subfield code="t">Irregular migration and human security in East Asia.</subfield>
    <subfield code="d">Oxfordshire, England ; New York : Routledge, ©2015</subfield>
    <subfield code="h">xiii, 195 pages</subfield>
    <subfield code="k">Routledge contemporary Asia series ; 49</subfield>
    <subfield code="z">9780415732994</subfield>
  </datafield>
  <datafield tag="830" ind1=" " ind2="0">
    <subfield code="a">Routledge contemporary Asia series ;</subfield>
    <subfield code="v">49.</subfield>
  </datafield>
  <datafield tag="856" ind1="4" ind2="0">
    <subfield code="3">ebrary</subfield>
    <subfield code="u">http://site.ebrary.com/id/10908278</subfield>
  </datafield>
  <datafield tag="856" ind1="4" ind2="0">
    <subfield code="3">MyiLibrary</subfield>
    <subfield code="u">http://www.myilibrary.com?id=637060</subfield>
  </datafield>
  <datafield tag="856" ind1="4" ind2="0">
    <subfield code="3">Taylor &amp; Francis</subfield>
    <subfield code="u">http://www.tandfebooks.com/isbn/9781315848723</subfield>
  </datafield>
  
  
  
  
  
  
  
  
  
</record>