<record xmlns="http://www.loc.gov/MARC21/slim" xmlns:zs="http://docs.oasis-open.org/ns/search-ws/sruResponse">
  <leader>04828cam a2200841Ka 4500</leader>
  <controlfield tag="001">ocn767531930</controlfield>
  <controlfield tag="003">OCoLC</controlfield>
  <controlfield tag="005">20160312213752.0</controlfield>
  <controlfield tag="008">111205s2007    bccc   jo     000 f eng d</controlfield>
  <controlfield tag="006">m     o  d        </controlfield>
  <controlfield tag="007">cr cn|||||||||</controlfield>
  <datafield tag="040" ind1=" " ind2=" ">
    <subfield code="a">TEFOD</subfield>
    <subfield code="b">eng</subfield>
    <subfield code="e">pn</subfield>
    <subfield code="c">TEFOD</subfield>
    <subfield code="d">E7B</subfield>
    <subfield code="d">N$T</subfield>
    <subfield code="d">OCLCQ</subfield>
    <subfield code="d">OCLCA</subfield>
    <subfield code="d">OCLCF</subfield>
    <subfield code="d">EBLCP</subfield>
    <subfield code="d">TOH</subfield>
    <subfield code="d">IDEBK</subfield>
    <subfield code="d">CELBN</subfield>
    <subfield code="d">YDXCP</subfield>
    <subfield code="d">BTN</subfield>
    <subfield code="d">TEFOD</subfield>
    <subfield code="d">OCLCQ</subfield>
  </datafield>
  <datafield tag="019" ind1=" " ind2=" ">
    <subfield code="a">714568852</subfield>
    <subfield code="a">747084294</subfield>
    <subfield code="a">816635569</subfield>
    <subfield code="a">855703735</subfield>
    <subfield code="a">899185292</subfield>
    <subfield code="a">923771486</subfield>
  </datafield>
  <datafield tag="020" ind1=" " ind2=" ">
    <subfield code="a">9781551438672</subfield>
    <subfield code="q">(electronic bk.)</subfield>
  </datafield>
  <datafield tag="020" ind1=" " ind2=" ">
    <subfield code="a">1551438674</subfield>
    <subfield code="q">(electronic bk.)</subfield>
  </datafield>
  <datafield tag="020" ind1=" " ind2=" ">
    <subfield code="a">9781554697953</subfield>
    <subfield code="q">(electronic bk.)</subfield>
  </datafield>
  <datafield tag="020" ind1=" " ind2=" ">
    <subfield code="a">1554697956</subfield>
    <subfield code="q">(electronic bk.)</subfield>
  </datafield>
  <datafield tag="020" ind1=" " ind2=" ">
    <subfield code="a">1282969935</subfield>
  </datafield>
  <datafield tag="020" ind1=" " ind2=" ">
    <subfield code="a">9781282969933</subfield>
  </datafield>
  <datafield tag="035" ind1=" " ind2=" ">
    <subfield code="a">(OCoLC)767531930</subfield>
    <subfield code="z">(OCoLC)714568852</subfield>
    <subfield code="z">(OCoLC)747084294</subfield>
    <subfield code="z">(OCoLC)816635569</subfield>
    <subfield code="z">(OCoLC)855703735</subfield>
    <subfield code="z">(OCoLC)899185292</subfield>
    <subfield code="z">(OCoLC)923771486</subfield>
  </datafield>
  <datafield tag="037" ind1=" " ind2=" ">
    <subfield code="b">OverDrive, Inc.</subfield>
    <subfield code="n">http://www.overdrive.com</subfield>
  </datafield>
  <datafield tag="037" ind1=" " ind2=" ">
    <subfield code="a">0D331009-865E-4050-9C4D-65A279864C01</subfield>
    <subfield code="b">OverDrive, Inc.</subfield>
    <subfield code="n">http://www.overdrive.com</subfield>
  </datafield>
  <datafield tag="050" ind1=" " ind2="4">
    <subfield code="a">PZ7.B79984</subfield>
    <subfield code="b">Hu 2007</subfield>
  </datafield>
  <datafield tag="055" ind1=" " ind2="8">
    <subfield code="a">PS8553 R68467</subfield>
    <subfield code="b">H8 2007eb</subfield>
  </datafield>
  <datafield tag="072" ind1=" " ind2="7">
    <subfield code="a">JUV</subfield>
    <subfield code="x">000000</subfield>
    <subfield code="2">bisacsh</subfield>
  </datafield>
  <datafield tag="072" ind1=" " ind2="7">
    <subfield code="a">JUV000000</subfield>
    <subfield code="2">bicssc</subfield>
  </datafield>
  <datafield tag="082" ind1="0" ind2="4">
    <subfield code="a">813/.54</subfield>
    <subfield code="2">22</subfield>
  </datafield>
  <datafield tag="100" ind1="1" ind2=" ">
    <subfield code="a">Brouwer, Sigmund,</subfield>
    <subfield code="d">1959-</subfield>
  </datafield>
  <datafield tag="245" ind1="1" ind2="0">
    <subfield code="a">Hurricane power</subfield>
    <subfield code="h">[electronic resource] /</subfield>
    <subfield code="c">Sigmund Brouwer.</subfield>
  </datafield>
  <datafield tag="260" ind1=" " ind2=" ">
    <subfield code="a">Victoria :</subfield>
    <subfield code="b">Orca Book Publishers,</subfield>
    <subfield code="c">2007.</subfield>
  </datafield>
  <datafield tag="300" ind1=" " ind2=" ">
    <subfield code="a">1 online resource (166 pages) :</subfield>
    <subfield code="b">portrait.</subfield>
  </datafield>
  <datafield tag="336" ind1=" " ind2=" ">
    <subfield code="a">text</subfield>
    <subfield code="b">txt</subfield>
    <subfield code="2">rdacontent</subfield>
  </datafield>
  <datafield tag="337" ind1=" " ind2=" ">
    <subfield code="a">computer</subfield>
    <subfield code="b">c</subfield>
    <subfield code="2">rdamedia</subfield>
  </datafield>
  <datafield tag="338" ind1=" " ind2=" ">
    <subfield code="a">online resource</subfield>
    <subfield code="b">cr</subfield>
    <subfield code="2">rdacarrier</subfield>
  </datafield>
  <datafield tag="490" ind1="1" ind2=" ">
    <subfield code="a">Orca sports</subfield>
  </datafield>
  <datafield tag="520" ind1=" " ind2=" ">
    <subfield code="a">After he moves to Miami, seventeen-year-old David, who is a fast runner, gets invited to join the Hurricanes' track team, but he soon finds himself mixed up in a mystery involving a toy gun, a Cuban American boy, and a gang called the Black Roses.</subfield>
  </datafield>
  <datafield tag="505" ind1="0" ind2=" ">
    <subfield code="a">""Hurricane Power""; ""Chapter one""; ""Chapter two""; ""Chapter three""; ""Chapter four""; ""Chapter five""; ""Chapter six""; ""Chapter seven""; ""Chapter eight""; ""Chapter nine""; ""Chapter ten""; ""Chapter eleven""; ""Chapter twelve""; ""Chapter thirteen""; ""Chapter fourteen""; ""Chapter fifteen""; ""Chapter sixteen""; ""Chapter seventeen""; ""Chapter eighteen""; ""Chapter nineteen""; ""Chapter twenty""; ""Chapter twenty-one""; ""Chapter twenty-two""; ""Chapter twenty-three""; ""Chapter twenty-four""; ""Chapter twenty-five""; ""Chapter twenty-six""; ""Chapter twenty-seven""</subfield>
  </datafield>
  <datafield tag="650" ind1=" " ind2="0">
    <subfield code="a">Gangs</subfield>
    <subfield code="v">Juvenile fiction.</subfield>
  </datafield>
  <datafield tag="650" ind1=" " ind2="0">
    <subfield code="a">Illegal aliens</subfield>
    <subfield code="v">Juvenile fiction.</subfield>
  </datafield>
  <datafield tag="650" ind1=" " ind2="0">
    <subfield code="a">Detective and mystery stories.</subfield>
  </datafield>
  <datafield tag="650" ind1=" " ind2="4">
    <subfield code="a">Fiction.</subfield>
  </datafield>
  <datafield tag="650" ind1=" " ind2="7">
    <subfield code="a">JUVENILE FICTION</subfield>
    <subfield code="x">General.</subfield>
    <subfield code="2">bisacsh</subfield>
  </datafield>
  <datafield tag="650" ind1=" " ind2="7">
    <subfield code="a">Detective and mystery stories.</subfield>
    <subfield code="2">fast</subfield>
    <subfield code="0">(OCoLC)fst00891461</subfield>
  </datafield>
  <datafield tag="650" ind1=" " ind2="7">
    <subfield code="a">Gangs.</subfield>
    <subfield code="2">fast</subfield>
    <subfield code="0">(OCoLC)fst00937695</subfield>
  </datafield>
  <datafield tag="650" ind1=" " ind2="7">
    <subfield code="a">Illegal aliens.</subfield>
    <subfield code="2">fast</subfield>
    <subfield code="0">(OCoLC)fst00967153</subfield>
  </datafield>
  <datafield tag="655" ind1=" " ind2="0">
    <subfield code="a">Detective and mystery stories.</subfield>
  </datafield>
  <datafield tag="655" ind1=" " ind2="4">
    <subfield code="a">Electronic books.</subfield>
  </datafield>
  <datafield tag="655" ind1=" " ind2="7">
    <subfield code="a">Fiction.</subfield>
    <subfield code="2">fast</subfield>
    <subfield code="0">(OCoLC)fst01423787</subfield>
  </datafield>
  <datafield tag="655" ind1=" " ind2="7">
    <subfield code="a">Juvenile works.</subfield>
    <subfield code="2">fast</subfield>
    <subfield code="0">(OCoLC)fst01411637</subfield>
  </datafield>
  <datafield tag="776" ind1="0" ind2="8">
    <subfield code="i">Print version:</subfield>
    <subfield code="a">Brouwer, Sigmund.</subfield>
    <subfield code="t">Hurricane Power.</subfield>
    <subfield code="d">Victoria : Orca Book Publishers, ©2007</subfield>
    <subfield code="z">9781551438658</subfield>
  </datafield>
  <datafield tag="830" ind1=" " ind2="0">
    <subfield code="a">Orca sports.</subfield>
  </datafield>
  <datafield tag="856" ind1="4" ind2="0">
    <subfield code="3">desLibris ebook:</subfield>
    <subfield code="u">http://www.deslibris.ca/ID/428099</subfield>
  </datafield>
  <datafield tag="856" ind1="4" ind2="0">
    <subfield code="3">Ebook Library</subfield>
    <subfield code="u">http://public.eblib.com/choice/publicfullrecord.aspx?p=682930</subfield>
  </datafield>
  <datafield tag="856" ind1="4" ind2="0">
    <subfield code="3">ebrary</subfield>
    <subfield code="u">http://site.ebrary.com/id/10357940</subfield>
  </datafield>
  <datafield tag="856" ind1="4" ind2="0">
    <subfield code="3">EBSCOhost</subfield>
    <subfield code="u">http://search.ebscohost.com/login.aspx?direct=true&amp;scope=site&amp;db=nlebk&amp;db=nlabk&amp;AN=437995</subfield>
  </datafield>
  <datafield tag="856" ind1="4" ind2="0">
    <subfield code="3">MyiLibrary</subfield>
    <subfield code="u">http://www.myilibrary.com?id=296993</subfield>
  </datafield>
  <datafield tag="856" ind1="4" ind2="0">
    <subfield code="3">OverDrive</subfield>
    <subfield code="u">https://www.overdrive.com/search?q=0D331009-865E-4050-9C4D-65A279864C01</subfield>
  </datafield>
  <datafield tag="856" ind1="4" ind2="1">
    <subfield code="3">MyiLibrary, Table of contents</subfield>
    <subfield code="u">http://www.myilibrary.com?id=296993&amp;ref=toc</subfield>
  </datafield>
  <datafield tag="856" ind1="4" ind2="8">
    <subfield code="3">Cover image:</subfield>
    <subfield code="u">http://celarc.ca/covers/428/428099.gif</subfield>
  </datafield>
  <datafield tag="856" ind1="4" ind2="8">
    <subfield code="3">Medium cover image:</subfield>
    <subfield code="u">http://covers.openlibrary.org/b/isbn/9781551438658-M.jpg</subfield>
  </datafield>
  <datafield tag="856" ind1="4" ind2="8">
    <subfield code="3">Thumbnail cover image:</subfield>
    <subfield code="u">http://files.deslibris.ca/covers/428/428099.jpg</subfield>
  </datafield>
  <datafield tag="856" ind1="4" ind2=" ">
    <subfield code="3">Excerpt</subfield>
    <subfield code="u">http://excerpts.cdn.overdrive.com/FormatType-410/1371-1/0D3/310/09/HurricanePower-282.epub</subfield>
  </datafield>
  <datafield tag="856" ind1="4" ind2=" ">
    <subfield code="3">Excerpt</subfield>
    <subfield code="u">https://samples.overdrive.com/?crid=0D331009-865E-4050-9C4D-65A279864C01&amp;.epub-sample.overdrive.com</subfield>
  </datafield>
  <datafield tag="856" ind1="4" ind2=" ">
    <subfield code="3">Image</subfield>
    <subfield code="u">http://images.contentreserve.com/ImageType-100/1371-1/{0D331009-865E-4050-9C4D-65A279864C01}Img100.jpg</subfield>
  </datafield>
  <datafield tag="856" ind1="4" ind2="0">
    <subfield code="z">Click here to view book</subfield>
    <subfield code="u">http://public.eblib.com/choice/PublicFullRecord.aspx?p=3266103</subfield>
    <subfield code="3">Ebook Library</subfield>
  </datafield>
  
  
  
  
  
  
  
  
</record>