<record xmlns="http://www.loc.gov/MARC21/slim" xmlns:zs="http://docs.oasis-open.org/ns/search-ws/sruResponse">
  <leader>02343cam a2200457Ia 4500</leader>
  <controlfield tag="001">ocm24524311 </controlfield>
  <controlfield tag="003">OCoLC</controlfield>
  <controlfield tag="005">20160312213919.0</controlfield>
  <controlfield tag="008">911009s1991    caua     bt  s000 0 eng d</controlfield>
  <datafield tag="040" ind1=" " ind2=" ">
    <subfield code="a">CBT</subfield>
    <subfield code="b">eng</subfield>
    <subfield code="c">CBT</subfield>
    <subfield code="d">OCL</subfield>
    <subfield code="d">OCLCQ</subfield>
    <subfield code="d">OCLCF</subfield>
    <subfield code="d">OCLCO</subfield>
  </datafield>
  <datafield tag="027" ind1=" " ind2=" ">
    <subfield code="a">FHWA/CA/TO/91-3</subfield>
  </datafield>
  <datafield tag="035" ind1=" " ind2=" ">
    <subfield code="a">(OCoLC)24524311</subfield>
  </datafield>
  <datafield tag="043" ind1=" " ind2=" ">
    <subfield code="a">n-us-ca</subfield>
  </datafield>
  <datafield tag="050" ind1=" " ind2="4">
    <subfield code="a">HE5614.4.S22</subfield>
    <subfield code="b">S78 1991</subfield>
  </datafield>
  <datafield tag="245" ind1="0" ind2="0">
    <subfield code="a">Study of pedestrian crossings by undocumented aliens of Interstates 5 and 805 in San Diego County near the international border :</subfield>
    <subfield code="b">final report /</subfield>
    <subfield code="c">submitted by the School of Communications, California State University, Fullerton.</subfield>
  </datafield>
  <datafield tag="260" ind1=" " ind2=" ">
    <subfield code="a">[Sacramento] :</subfield>
    <subfield code="b">California Dept. of Transportation,</subfield>
    <subfield code="c">[1991]</subfield>
  </datafield>
  <datafield tag="300" ind1=" " ind2=" ">
    <subfield code="a">approximately 150 pages in various pagings :</subfield>
    <subfield code="b">illustrations ;</subfield>
    <subfield code="c">28 cm</subfield>
  </datafield>
  <datafield tag="336" ind1=" " ind2=" ">
    <subfield code="a">text</subfield>
    <subfield code="b">txt</subfield>
    <subfield code="2">rdacontent</subfield>
  </datafield>
  <datafield tag="337" ind1=" " ind2=" ">
    <subfield code="a">unmediated</subfield>
    <subfield code="b">n</subfield>
    <subfield code="2">rdamedia</subfield>
  </datafield>
  <datafield tag="338" ind1=" " ind2=" ">
    <subfield code="a">volume</subfield>
    <subfield code="b">nc</subfield>
    <subfield code="2">rdacarrier</subfield>
  </datafield>
  <datafield tag="500" ind1=" " ind2=" ">
    <subfield code="a">"Principal Investigator: Robert A. Embry."</subfield>
  </datafield>
  <datafield tag="500" ind1=" " ind2=" ">
    <subfield code="a">"Submitted to: California Department of Transportation and Federal Highway Administration."</subfield>
  </datafield>
  <datafield tag="500" ind1=" " ind2=" ">
    <subfield code="a">"Report date: March 1991"--Technical report documentation page.</subfield>
  </datafield>
  <datafield tag="504" ind1=" " ind2=" ">
    <subfield code="a">Includes bibliographical references.</subfield>
  </datafield>
  <datafield tag="650" ind1=" " ind2="0">
    <subfield code="a">Traffic accidents</subfield>
    <subfield code="z">California</subfield>
    <subfield code="z">San Diego.</subfield>
  </datafield>
  <datafield tag="650" ind1=" " ind2="0">
    <subfield code="a">Pedestrian accidents</subfield>
    <subfield code="z">California</subfield>
    <subfield code="z">San Diego.</subfield>
  </datafield>
  <datafield tag="650" ind1=" " ind2="0">
    <subfield code="a">Illegal aliens</subfield>
    <subfield code="z">California</subfield>
    <subfield code="z">San Diego County.</subfield>
  </datafield>
  <datafield tag="650" ind1=" " ind2="0">
    <subfield code="a">Traffic safety</subfield>
    <subfield code="x">Study and teaching</subfield>
    <subfield code="z">California</subfield>
    <subfield code="z">San Diego County.</subfield>
  </datafield>
  <datafield tag="650" ind1=" " ind2="7">
    <subfield code="a">Illegal aliens.</subfield>
    <subfield code="2">fast</subfield>
    <subfield code="0">(OCoLC)fst00967153</subfield>
  </datafield>
  <datafield tag="650" ind1=" " ind2="7">
    <subfield code="a">Pedestrian accidents.</subfield>
    <subfield code="2">fast</subfield>
    <subfield code="0">(OCoLC)fst01056357</subfield>
  </datafield>
  <datafield tag="650" ind1=" " ind2="7">
    <subfield code="a">Traffic accidents.</subfield>
    <subfield code="2">fast</subfield>
    <subfield code="0">(OCoLC)fst01153997</subfield>
  </datafield>
  <datafield tag="650" ind1=" " ind2="7">
    <subfield code="a">Traffic safety</subfield>
    <subfield code="x">Study and teaching.</subfield>
    <subfield code="2">fast</subfield>
    <subfield code="0">(OCoLC)fst01154251</subfield>
  </datafield>
  <datafield tag="651" ind1=" " ind2="7">
    <subfield code="a">California</subfield>
    <subfield code="z">San Diego.</subfield>
    <subfield code="2">fast</subfield>
    <subfield code="0">(OCoLC)fst01205232</subfield>
  </datafield>
  <datafield tag="651" ind1=" " ind2="7">
    <subfield code="a">California</subfield>
    <subfield code="z">San Diego County.</subfield>
    <subfield code="2">fast</subfield>
    <subfield code="0">(OCoLC)fst01204290</subfield>
  </datafield>
  <datafield tag="653" ind1="1" ind2=" ">
    <subfield code="a">fatal accidents</subfield>
  </datafield>
  <datafield tag="700" ind1="1" ind2=" ">
    <subfield code="a">Emry, Robert A.</subfield>
  </datafield>
  <datafield tag="710" ind1="1" ind2=" ">
    <subfield code="a">California.</subfield>
    <subfield code="b">Department of Transportation.</subfield>
  </datafield>
  <datafield tag="710" ind1="2" ind2=" ">
    <subfield code="a">California State University, Fullerton.</subfield>
    <subfield code="b">School of Communications.</subfield>
  </datafield>
  <datafield tag="776" ind1="0" ind2="8">
    <subfield code="i">Online version:</subfield>
    <subfield code="t">Study of pedestrian crossings by undocumented aliens of Interstates 5 and 805 in San Diego County near the international border.</subfield>
    <subfield code="d">[Sacramento] : California Dept. of Transportation, [1991]</subfield>
    <subfield code="w">(OCoLC)919739873</subfield>
  </datafield>
  
  
</record>