<record xmlns="http://www.loc.gov/MARC21/slim" xmlns:zs="http://docs.oasis-open.org/ns/search-ws/sruResponse">
  <leader>03484cam a2200601 i 4500</leader>
  <controlfield tag="001">ocn841580078</controlfield>
  <controlfield tag="003">OCoLC</controlfield>
  <controlfield tag="005">20160312213737.0</controlfield>
  <controlfield tag="008">140224s2013    dcua     b    001 0 eng d</controlfield>
  <datafield tag="010" ind1=" " ind2=" ">
    <subfield code="a">  2013387264</subfield>
  </datafield>
  <datafield tag="040" ind1=" " ind2=" ">
    <subfield code="a">NRC</subfield>
    <subfield code="b">eng</subfield>
    <subfield code="e">rda</subfield>
    <subfield code="c">NRC</subfield>
    <subfield code="d">DLC</subfield>
    <subfield code="d">NTD</subfield>
    <subfield code="d">NDD</subfield>
    <subfield code="d">YDXCP</subfield>
    <subfield code="d">OCLCO</subfield>
    <subfield code="d">KSU</subfield>
    <subfield code="d">UKMGB</subfield>
    <subfield code="d">CGU</subfield>
    <subfield code="d">RBN</subfield>
    <subfield code="d">UPM</subfield>
    <subfield code="d">OCLCF</subfield>
    <subfield code="d">NAM</subfield>
    <subfield code="d">CDX</subfield>
    <subfield code="d">BTCTA</subfield>
    <subfield code="d">BWX</subfield>
  </datafield>
  <datafield tag="016" ind1="7" ind2=" ">
    <subfield code="a">016425453</subfield>
    <subfield code="2">Uk</subfield>
  </datafield>
  <datafield tag="019" ind1=" " ind2=" ">
    <subfield code="a">822894401</subfield>
    <subfield code="a">823043999</subfield>
    <subfield code="a">845338905</subfield>
  </datafield>
  <datafield tag="020" ind1=" " ind2=" ">
    <subfield code="a">9780309264228 (pbk.)</subfield>
  </datafield>
  <datafield tag="020" ind1=" " ind2=" ">
    <subfield code="a">0309264227</subfield>
  </datafield>
  <datafield tag="035" ind1=" " ind2=" ">
    <subfield code="a">(OCoLC)841580078</subfield>
    <subfield code="z">(OCoLC)822894401</subfield>
    <subfield code="z">(OCoLC)823043999</subfield>
    <subfield code="z">(OCoLC)845338905</subfield>
  </datafield>
  <datafield tag="042" ind1=" " ind2=" ">
    <subfield code="a">lccopycat</subfield>
  </datafield>
  <datafield tag="043" ind1=" " ind2=" ">
    <subfield code="a">n-us---</subfield>
  </datafield>
  <datafield tag="050" ind1="0" ind2="0">
    <subfield code="a">JV6461</subfield>
    <subfield code="b">.P36 2013</subfield>
  </datafield>
  <datafield tag="082" ind1="0" ind2="4">
    <subfield code="a">325.73</subfield>
    <subfield code="2">23</subfield>
  </datafield>
  <datafield tag="110" ind1="2" ind2=" ">
    <subfield code="a">Panel on Survey Options for Estimating the Flow of Unauthorized Crossings at the U.S.-Mexican Border,</subfield>
    <subfield code="e">author.</subfield>
  </datafield>
  <datafield tag="245" ind1="1" ind2="0">
    <subfield code="a">Options for estimating illegal entries at the U.S.- Mexico border /</subfield>
    <subfield code="c">Alicia Carriquiry and Malay Majmundar, Editors.</subfield>
  </datafield>
  <datafield tag="264" ind1=" " ind2="1">
    <subfield code="a">Washington, D.C. :</subfield>
    <subfield code="b">National Academies Press,</subfield>
    <subfield code="c">2013.</subfield>
  </datafield>
  <datafield tag="300" ind1=" " ind2=" ">
    <subfield code="a">xi, 142 pages :</subfield>
    <subfield code="b">illustrations ;</subfield>
    <subfield code="c">24 cm</subfield>
  </datafield>
  <datafield tag="336" ind1=" " ind2=" ">
    <subfield code="a">text</subfield>
    <subfield code="b">txt</subfield>
    <subfield code="2">rdacontent</subfield>
  </datafield>
  <datafield tag="337" ind1=" " ind2=" ">
    <subfield code="a">unmediated</subfield>
    <subfield code="b">n</subfield>
    <subfield code="2">rdamedia</subfield>
  </datafield>
  <datafield tag="338" ind1=" " ind2=" ">
    <subfield code="a">volume</subfield>
    <subfield code="b">nc</subfield>
    <subfield code="2">rdacarrier</subfield>
  </datafield>
  <datafield tag="504" ind1=" " ind2=" ">
    <subfield code="a">Includes bibliographical references (pages 111-123) and index.</subfield>
  </datafield>
  <datafield tag="505" ind1="0" ind2=" ">
    <subfield code="a">Machine generated contents note: 1.Introduction -- 2.The Process of Unauthorized Crossing at the U.S.-Mexico Border -- 3.Migration-Relevant Surveys in the United States and Mexico: Background -- 4.Migration-Relevant Surveys in the United States and Mexico: Usefulness and Limitations -- 5.Administrative Data on Undocumented Migration Across U.S. Borders -- 6.Model-Based Approaches to Estimating Migration Flows -- References -- Appendixes -- A.Survey Questions About Migration and Border Crossing -- B.Review of Capture-Recapture Ideas for Measuring the Flow of Unauthorized Crossings at the U.S.-Mexico Border.</subfield>
  </datafield>
  <datafield tag="650" ind1=" " ind2="0">
    <subfield code="a">Illegal aliens</subfield>
    <subfield code="z">United States</subfield>
    <subfield code="x">Statistical methods.</subfield>
  </datafield>
  <datafield tag="650" ind1=" " ind2="0">
    <subfield code="a">Illegal aliens</subfield>
    <subfield code="z">Mexican-American Border Region.</subfield>
  </datafield>
  <datafield tag="650" ind1=" " ind2="7">
    <subfield code="a">Illegal aliens.</subfield>
    <subfield code="2">fast</subfield>
  </datafield>
  <datafield tag="650" ind1=" " ind2="7">
    <subfield code="a">Illegal aliens</subfield>
    <subfield code="x">Statistical methods.</subfield>
    <subfield code="2">fast</subfield>
  </datafield>
  <datafield tag="651" ind1=" " ind2="7">
    <subfield code="a">North America</subfield>
    <subfield code="z">Mexican-American Border Region.</subfield>
    <subfield code="2">fast</subfield>
  </datafield>
  <datafield tag="651" ind1=" " ind2="7">
    <subfield code="a">United States.</subfield>
    <subfield code="2">fast</subfield>
  </datafield>
  <datafield tag="700" ind1="1" ind2=" ">
    <subfield code="a">Carriquiry, Alicia,</subfield>
    <subfield code="e">editor.</subfield>
  </datafield>
  <datafield tag="700" ind1="1" ind2=" ">
    <subfield code="a">Majmundar, Malay Kiran,</subfield>
    <subfield code="e">editor.</subfield>
  </datafield>
  <datafield tag="710" ind1="2" ind2=" ">
    <subfield code="a">National Research Council (U.S.).</subfield>
    <subfield code="b">Committee on National Statistics,</subfield>
    <subfield code="e">author.</subfield>
  </datafield>
  <datafield tag="710" ind1="2" ind2=" ">
    <subfield code="a">National Research Council (U.S.).</subfield>
    <subfield code="b">Division of Behavioral and Social Sciences and Education,</subfield>
    <subfield code="e">issuing body.</subfield>
  </datafield>
  <datafield tag="710" ind1="2" ind2=" ">
    <subfield code="a">National Research Council (U.S.),</subfield>
    <subfield code="e">author.</subfield>
  </datafield>
  <datafield tag="776" ind1="0" ind2="8">
    <subfield code="i">Online version:</subfield>
    <subfield code="t">Options for estimating illegal entries at the U.S.- Mexico border</subfield>
    <subfield code="w">(OCoLC)823907596</subfield>
  </datafield>
  <datafield tag="856" ind1="4" ind2="1">
    <subfield code="3">National Academies Press</subfield>
    <subfield code="u">http://www.nap.edu/openbook.php?record_id=13498</subfield>
  </datafield>
  
  
  
  
  
  
  
  
  
  
  
</record>