<record xmlns="http://www.loc.gov/MARC21/slim" xmlns:zs="http://docs.oasis-open.org/ns/search-ws/sruResponse">
  <leader>01299cam a2200385 a 4500</leader>
  <controlfield tag="001">ocn773477059</controlfield>
  <controlfield tag="003">OCoLC</controlfield>
  <controlfield tag="005">20160312213924.0</controlfield>
  <controlfield tag="008">120120s2012    inua          000 0aeng c</controlfield>
  <datafield tag="040" ind1=" " ind2=" ">
    <subfield code="a">YDXCP</subfield>
    <subfield code="b">eng</subfield>
    <subfield code="c">YDXCP</subfield>
    <subfield code="d">BTCTA</subfield>
    <subfield code="d">CLU</subfield>
    <subfield code="d">OCLCO</subfield>
    <subfield code="d">OCLCQ</subfield>
  </datafield>
  <datafield tag="019" ind1=" " ind2=" ">
    <subfield code="a">773477060</subfield>
  </datafield>
  <datafield tag="020" ind1=" " ind2=" ">
    <subfield code="a">1468541676</subfield>
  </datafield>
  <datafield tag="020" ind1=" " ind2=" ">
    <subfield code="a">9781468541670</subfield>
  </datafield>
  <datafield tag="020" ind1=" " ind2=" ">
    <subfield code="a">1468541684</subfield>
  </datafield>
  <datafield tag="020" ind1=" " ind2=" ">
    <subfield code="a">9781468541687</subfield>
  </datafield>
  <datafield tag="035" ind1=" " ind2=" ">
    <subfield code="a">(OCoLC)773477059</subfield>
    <subfield code="z">(OCoLC)773477060</subfield>
  </datafield>
  <datafield tag="042" ind1=" " ind2=" ">
    <subfield code="a">pcc</subfield>
  </datafield>
  <datafield tag="043" ind1=" " ind2=" ">
    <subfield code="a">n-us-nb</subfield>
  </datafield>
  <datafield tag="050" ind1=" " ind2="4">
    <subfield code="a">F675.Z5</subfield>
    <subfield code="b">M37 2012</subfield>
  </datafield>
  <datafield tag="100" ind1="1" ind2=" ">
    <subfield code="a">Marimo, Ruth.</subfield>
  </datafield>
  <datafield tag="245" ind1="1" ind2="0">
    <subfield code="a">Freedom of an illegal immigrant :</subfield>
    <subfield code="b">the untold story of my search for a place in the world /</subfield>
    <subfield code="c">by Ruth Marimo.</subfield>
  </datafield>
  <datafield tag="260" ind1=" " ind2=" ">
    <subfield code="a">Bloomington, IN :</subfield>
    <subfield code="b">Authorhouse,</subfield>
    <subfield code="c">2012.</subfield>
  </datafield>
  <datafield tag="300" ind1=" " ind2=" ">
    <subfield code="a">236 pages :</subfield>
    <subfield code="b">illustrations ;</subfield>
    <subfield code="c">23 cm</subfield>
  </datafield>
  <datafield tag="336" ind1=" " ind2=" ">
    <subfield code="a">text</subfield>
    <subfield code="b">txt</subfield>
    <subfield code="2">rdacontent</subfield>
  </datafield>
  <datafield tag="337" ind1=" " ind2=" ">
    <subfield code="a">unmediated</subfield>
    <subfield code="b">n</subfield>
    <subfield code="2">rdamedia</subfield>
  </datafield>
  <datafield tag="338" ind1=" " ind2=" ">
    <subfield code="a">volume</subfield>
    <subfield code="b">nc</subfield>
    <subfield code="2">rdacarrier</subfield>
  </datafield>
  <datafield tag="600" ind1="1" ind2="0">
    <subfield code="a">Marimo, Ruth.</subfield>
  </datafield>
  <datafield tag="650" ind1=" " ind2="0">
    <subfield code="a">Immigrants</subfield>
    <subfield code="z">Nebraska</subfield>
    <subfield code="z">Omaha</subfield>
    <subfield code="v">Biography.</subfield>
  </datafield>
  <datafield tag="650" ind1=" " ind2="0">
    <subfield code="a">Zimbabweans</subfield>
    <subfield code="z">Nebraska</subfield>
    <subfield code="z">Omaha</subfield>
    <subfield code="v">Biography.</subfield>
  </datafield>
  <datafield tag="650" ind1=" " ind2="0">
    <subfield code="a">Illegal aliens</subfield>
    <subfield code="z">Nebraska</subfield>
    <subfield code="z">Omaha</subfield>
    <subfield code="v">Biography.</subfield>
  </datafield>
  <datafield tag="650" ind1=" " ind2="0">
    <subfield code="a">Lesbians</subfield>
    <subfield code="z">Nebraska</subfield>
    <subfield code="z">Omaha</subfield>
    <subfield code="v">Biography.</subfield>
  </datafield>
  
  
  
  
</record>