<record xmlns="http://www.loc.gov/MARC21/slim" xmlns:zs="http://docs.oasis-open.org/ns/search-ws/sruResponse">
  <leader>03064cam a2200601Ia 4500</leader>
  <controlfield tag="001">ocm34915503 </controlfield>
  <controlfield tag="003">OCoLC</controlfield>
  <controlfield tag="005">20160312213817.0</controlfield>
  <controlfield tag="008">960612s1995    caua         s000 0 eng d</controlfield>
  <datafield tag="040" ind1=" " ind2=" ">
    <subfield code="a">KLL</subfield>
    <subfield code="b">eng</subfield>
    <subfield code="c">KLL</subfield>
    <subfield code="d">CUS</subfield>
    <subfield code="d">OCLCQ</subfield>
    <subfield code="d">OCLCF</subfield>
    <subfield code="d">OCLCQ</subfield>
    <subfield code="d">OCLCO</subfield>
  </datafield>
  <datafield tag="035" ind1=" " ind2=" ">
    <subfield code="a">(OCoLC)34915503</subfield>
  </datafield>
  <datafield tag="043" ind1=" " ind2=" ">
    <subfield code="a">n-us-ca</subfield>
  </datafield>
  <datafield tag="050" ind1=" " ind2="4">
    <subfield code="a">KFC571</subfield>
    <subfield code="b">.A2 1995a</subfield>
  </datafield>
  <datafield tag="086" ind1=" " ind2=" ">
    <subfield code="a">L500.I35 1995 no.1</subfield>
    <subfield code="2">cadocs</subfield>
  </datafield>
  <datafield tag="110" ind1="1" ind2=" ">
    <subfield code="a">California.</subfield>
    <subfield code="b">Legislature.</subfield>
    <subfield code="b">Assembly.</subfield>
    <subfield code="b">Select Committee on Statewide Immigration Impact.</subfield>
  </datafield>
  <datafield tag="245" ind1="1" ind2="4">
    <subfield code="a">The federal government's telephone employment verification system and California State Assembly Bill 507 /</subfield>
    <subfield code="c">California State Assembly Select Committee on Statewide Immigration Impact.</subfield>
  </datafield>
  <datafield tag="246" ind1="3" ind2="0">
    <subfield code="a">California State Assembly Bill 507</subfield>
  </datafield>
  <datafield tag="260" ind1=" " ind2=" ">
    <subfield code="a">Sacramento, CA :</subfield>
    <subfield code="b">Assembly Publications Office,</subfield>
    <subfield code="c">[1995]</subfield>
  </datafield>
  <datafield tag="300" ind1=" " ind2=" ">
    <subfield code="a">135, [1] pages :</subfield>
    <subfield code="b">illustrations ;</subfield>
    <subfield code="c">28 cm</subfield>
  </datafield>
  <datafield tag="336" ind1=" " ind2=" ">
    <subfield code="a">text</subfield>
    <subfield code="b">txt</subfield>
    <subfield code="2">rdacontent</subfield>
  </datafield>
  <datafield tag="337" ind1=" " ind2=" ">
    <subfield code="a">unmediated</subfield>
    <subfield code="b">n</subfield>
    <subfield code="2">rdamedia</subfield>
  </datafield>
  <datafield tag="338" ind1=" " ind2=" ">
    <subfield code="a">volume</subfield>
    <subfield code="b">nc</subfield>
    <subfield code="2">rdacarrier</subfield>
  </datafield>
  <datafield tag="500" ind1=" " ind2=" ">
    <subfield code="a">Cover title.</subfield>
  </datafield>
  <datafield tag="500" ind1=" " ind2=" ">
    <subfield code="a">"Report of the hearing, Friday, December 8, 1995 at Los Angeles, California."</subfield>
  </datafield>
  <datafield tag="500" ind1=" " ind2=" ">
    <subfield code="a">"0572-A."</subfield>
  </datafield>
  <datafield tag="650" ind1=" " ind2="0">
    <subfield code="a">Foreign workers</subfield>
    <subfield code="z">California.</subfield>
  </datafield>
  <datafield tag="650" ind1=" " ind2="0">
    <subfield code="a">Employee selection</subfield>
    <subfield code="z">California.</subfield>
  </datafield>
  <datafield tag="650" ind1=" " ind2="0">
    <subfield code="a">Foreign worker certification</subfield>
    <subfield code="z">United States.</subfield>
  </datafield>
  <datafield tag="650" ind1=" " ind2="0">
    <subfield code="a">Foreign worker certification</subfield>
    <subfield code="z">California.</subfield>
  </datafield>
  <datafield tag="650" ind1=" " ind2="0">
    <subfield code="a">Illegal aliens</subfield>
    <subfield code="z">California</subfield>
    <subfield code="x">Identification.</subfield>
  </datafield>
  <datafield tag="650" ind1=" " ind2="0">
    <subfield code="a">Discrimination in employment</subfield>
    <subfield code="z">California.</subfield>
  </datafield>
  <datafield tag="650" ind1=" " ind2="0">
    <subfield code="a">Aliens</subfield>
    <subfield code="z">California.</subfield>
  </datafield>
  <datafield tag="650" ind1=" " ind2="7">
    <subfield code="a">Aliens.</subfield>
    <subfield code="2">fast</subfield>
    <subfield code="0">(OCoLC)fst00805278</subfield>
  </datafield>
  <datafield tag="650" ind1=" " ind2="7">
    <subfield code="a">Discrimination in employment.</subfield>
    <subfield code="2">fast</subfield>
    <subfield code="0">(OCoLC)fst00895050</subfield>
  </datafield>
  <datafield tag="650" ind1=" " ind2="7">
    <subfield code="a">Employee selection.</subfield>
    <subfield code="2">fast</subfield>
    <subfield code="0">(OCoLC)fst00909065</subfield>
  </datafield>
  <datafield tag="650" ind1=" " ind2="7">
    <subfield code="a">Foreign worker certification.</subfield>
    <subfield code="2">fast</subfield>
    <subfield code="0">(OCoLC)fst01758704</subfield>
  </datafield>
  <datafield tag="650" ind1=" " ind2="7">
    <subfield code="a">Foreign workers.</subfield>
    <subfield code="2">fast</subfield>
    <subfield code="0">(OCoLC)fst01729099</subfield>
  </datafield>
  <datafield tag="650" ind1=" " ind2="7">
    <subfield code="a">Illegal aliens.</subfield>
    <subfield code="2">fast</subfield>
    <subfield code="0">(OCoLC)fst00967153</subfield>
  </datafield>
  <datafield tag="651" ind1=" " ind2="7">
    <subfield code="a">California.</subfield>
    <subfield code="2">fast</subfield>
    <subfield code="0">(OCoLC)fst01204928</subfield>
  </datafield>
  <datafield tag="651" ind1=" " ind2="7">
    <subfield code="a">United States.</subfield>
    <subfield code="2">fast</subfield>
    <subfield code="0">(OCoLC)fst01204155</subfield>
  </datafield>
  <datafield tag="655" ind1=" " ind2="7">
    <subfield code="a">Guidebooks.</subfield>
    <subfield code="2">fast</subfield>
    <subfield code="0">(OCoLC)fst01423871</subfield>
  </datafield>
  <datafield tag="776" ind1="0" ind2="8">
    <subfield code="i">Online version:</subfield>
    <subfield code="a">California. Legislature. Assembly. Select Committee on Statewide Immigration Impact.</subfield>
    <subfield code="t">Federal government's telephone employment verification system and California State Assembly Bill 507.</subfield>
    <subfield code="d">Sacramento, CA : Assembly Publications Office, [1995]</subfield>
    <subfield code="w">(OCoLC)923788309</subfield>
  </datafield>
  
  
  
  
  
  
  
  
  
  
  
</record>