<record xmlns="http://www.loc.gov/MARC21/slim" xmlns:zs="http://docs.oasis-open.org/ns/search-ws/sruResponse">
  <leader>02412cam a2200541Ka 4500</leader>
  <controlfield tag="001">ocm62299693 </controlfield>
  <controlfield tag="003">OCoLC</controlfield>
  <controlfield tag="005">20160312213846.0</controlfield>
  <controlfield tag="008">051118s2005    nyu     o     000 1 eng d</controlfield>
  <controlfield tag="006">m     o  d        </controlfield>
  <controlfield tag="007">cr cn|||||||||</controlfield>
  <datafield tag="040" ind1=" " ind2=" ">
    <subfield code="a">TEFOD</subfield>
    <subfield code="b">eng</subfield>
    <subfield code="c">TEFOD</subfield>
    <subfield code="d">TEFOD</subfield>
    <subfield code="d">CQU</subfield>
    <subfield code="d">OCLCA</subfield>
    <subfield code="d">OCLCF</subfield>
    <subfield code="d">OCLCQ</subfield>
    <subfield code="d">RECBK</subfield>
    <subfield code="d">TEFOD</subfield>
  </datafield>
  <datafield tag="020" ind1=" " ind2=" ">
    <subfield code="a">1552543358</subfield>
    <subfield code="q">(electronic bk. : Adobe Reader)</subfield>
  </datafield>
  <datafield tag="020" ind1=" " ind2=" ">
    <subfield code="a">9781552543351</subfield>
    <subfield code="q">(electronic bk. : Adobe Reader)</subfield>
  </datafield>
  <datafield tag="035" ind1=" " ind2=" ">
    <subfield code="a">(OCoLC)62299693</subfield>
  </datafield>
  <datafield tag="037" ind1=" " ind2=" ">
    <subfield code="b">OverDrive, Inc.</subfield>
    <subfield code="n">http://www.overdrive.com</subfield>
  </datafield>
  <datafield tag="037" ind1=" " ind2=" ">
    <subfield code="a">D3FD6B44-1247-4B23-AF43-7CD45393CBA6</subfield>
    <subfield code="b">OverDrive, Inc.</subfield>
    <subfield code="n">http://www.overdrive.com</subfield>
  </datafield>
  <datafield tag="043" ind1=" " ind2=" ">
    <subfield code="a">n-us-tx</subfield>
  </datafield>
  <datafield tag="050" ind1="1" ind2="4">
    <subfield code="a">PS3623.H574</subfield>
    <subfield code="b">U53 2005eb</subfield>
  </datafield>
  <datafield tag="082" ind1="0" ind2="4">
    <subfield code="a">813/.6</subfield>
    <subfield code="2">22</subfield>
  </datafield>
  <datafield tag="100" ind1="1" ind2=" ">
    <subfield code="a">White, Elizabeth,</subfield>
    <subfield code="d">1957-</subfield>
  </datafield>
  <datafield tag="245" ind1="1" ind2="0">
    <subfield code="a">Under cover of darkness</subfield>
    <subfield code="h">[electronic resource] /</subfield>
    <subfield code="c">Elizabeth White.</subfield>
  </datafield>
  <datafield tag="260" ind1=" " ind2=" ">
    <subfield code="a">New York :</subfield>
    <subfield code="b">Steeple Hill,</subfield>
    <subfield code="c">©2005.</subfield>
  </datafield>
  <datafield tag="300" ind1=" " ind2=" ">
    <subfield code="a">250 pages ;</subfield>
    <subfield code="c">17 cm.</subfield>
  </datafield>
  <datafield tag="336" ind1=" " ind2=" ">
    <subfield code="a">text</subfield>
    <subfield code="b">txt</subfield>
    <subfield code="2">rdacontent</subfield>
  </datafield>
  <datafield tag="337" ind1=" " ind2=" ">
    <subfield code="a">computer</subfield>
    <subfield code="b">c</subfield>
    <subfield code="2">rdamedia</subfield>
  </datafield>
  <datafield tag="338" ind1=" " ind2=" ">
    <subfield code="a">online resource</subfield>
    <subfield code="b">cr</subfield>
    <subfield code="2">rdacarrier</subfield>
  </datafield>
  <datafield tag="490" ind1="0" ind2=" ">
    <subfield code="a">Texas gatekeepers ;</subfield>
    <subfield code="v">1</subfield>
  </datafield>
  <datafield tag="490" ind1="0" ind2=" ">
    <subfield code="a">Love inspired suspense</subfield>
  </datafield>
  <datafield tag="533" ind1=" " ind2=" ">
    <subfield code="a">Electronic reproduction.</subfield>
    <subfield code="b">Toronto, Ontario :</subfield>
    <subfield code="c">Steeple Hill,</subfield>
    <subfield code="d">2005.</subfield>
    <subfield code="n">Requires Adobe Digital Editions (file size: 1261 KB) or Mobipocket Reader (file size: 208 KB).</subfield>
  </datafield>
  <datafield tag="610" ind1="2" ind2="0">
    <subfield code="a">U.S. Border Patrol</subfield>
    <subfield code="v">Fiction.</subfield>
  </datafield>
  <datafield tag="650" ind1=" " ind2="0">
    <subfield code="a">Illegal aliens</subfield>
    <subfield code="z">Texas</subfield>
    <subfield code="v">Fiction.</subfield>
  </datafield>
  <datafield tag="610" ind1="2" ind2="7">
    <subfield code="a">U.S. Border Patrol.</subfield>
    <subfield code="2">fast</subfield>
    <subfield code="0">(OCoLC)fst01800126</subfield>
  </datafield>
  <datafield tag="650" ind1=" " ind2="7">
    <subfield code="a">Illegal aliens.</subfield>
    <subfield code="2">fast</subfield>
    <subfield code="0">(OCoLC)fst00967153</subfield>
  </datafield>
  <datafield tag="651" ind1=" " ind2="7">
    <subfield code="a">Texas.</subfield>
    <subfield code="2">fast</subfield>
    <subfield code="0">(OCoLC)fst01210336</subfield>
  </datafield>
  <datafield tag="655" ind1=" " ind2="4">
    <subfield code="a">Electronic books.</subfield>
  </datafield>
  <datafield tag="655" ind1=" " ind2="7">
    <subfield code="a">Fiction.</subfield>
    <subfield code="2">fast</subfield>
    <subfield code="0">(OCoLC)fst01423787</subfield>
  </datafield>
  <datafield tag="655" ind1=" " ind2="7">
    <subfield code="a">Christian fiction.</subfield>
    <subfield code="2">gsafd</subfield>
  </datafield>
  <datafield tag="655" ind1=" " ind2="7">
    <subfield code="a">Romantic suspense fiction.</subfield>
    <subfield code="2">gsafd</subfield>
  </datafield>
  <datafield tag="776" ind1="1" ind2=" ">
    <subfield code="c">Original</subfield>
    <subfield code="z">0373442181</subfield>
    <subfield code="w">(DLC)  2005577056</subfield>
    <subfield code="w">(OCoLC)60748401</subfield>
  </datafield>
  <datafield tag="856" ind1="4" ind2="0">
    <subfield code="u">http://rbdigital.oneclickdigital.com</subfield>
  </datafield>
  <datafield tag="856" ind1="4" ind2="0">
    <subfield code="3">OverDrive</subfield>
    <subfield code="u">https://www.overdrive.com/search?q=D3FD6B44-1247-4B23-AF43-7CD45393CBA6</subfield>
  </datafield>
  <datafield tag="856" ind1="4" ind2=" ">
    <subfield code="3">Excerpt</subfield>
    <subfield code="u">https://samples.overdrive.com/?crid=D3FD6B44-1247-4B23-AF43-7CD45393CBA6&amp;.epub-sample.overdrive.com</subfield>
  </datafield>
  <datafield tag="856" ind1="4" ind2=" ">
    <subfield code="3">Image</subfield>
    <subfield code="u">http://images.contentreserve.com/ImageType-100/1071-1/{D3FD6B44-1247-4B23-AF43-7CD45393CBA6}Img100.jpg</subfield>
  </datafield>
  
  
  
  
</record>