<record xmlns="http://www.loc.gov/MARC21/slim" xmlns:zs="http://docs.oasis-open.org/ns/search-ws/sruResponse">
  <leader>03702cgm a2200793Ia 4500</leader>
  <controlfield tag="001">ocm69122805 </controlfield>
  <controlfield tag="003">OCoLC</controlfield>
  <controlfield tag="005">20160312213911.0</controlfield>
  <controlfield tag="008">060522p20052002flu096            vlspa d</controlfield>
  <controlfield tag="007">vd cvaizs</controlfield>
  <datafield tag="040" ind1=" " ind2=" ">
    <subfield code="a">BNY</subfield>
    <subfield code="b">eng</subfield>
    <subfield code="c">BNY</subfield>
    <subfield code="d">OCLCQ</subfield>
    <subfield code="d">OCLCG</subfield>
    <subfield code="d">HTM</subfield>
    <subfield code="d">OCLCQ</subfield>
    <subfield code="d">WAU</subfield>
    <subfield code="d">OCLCF</subfield>
    <subfield code="d">OCLCO</subfield>
    <subfield code="d">OCL</subfield>
    <subfield code="d">OCLCO</subfield>
  </datafield>
  <datafield tag="024" ind1="1" ind2=" ">
    <subfield code="a">822847012035</subfield>
  </datafield>
  <datafield tag="035" ind1=" " ind2=" ">
    <subfield code="a">(OCoLC)69122805</subfield>
  </datafield>
  <datafield tag="041" ind1="1" ind2=" ">
    <subfield code="a">spa</subfield>
    <subfield code="j">eng</subfield>
    <subfield code="h">spa</subfield>
  </datafield>
  <datafield tag="043" ind1=" " ind2=" ">
    <subfield code="a">e-sp---</subfield>
  </datafield>
  <datafield tag="050" ind1=" " ind2="4">
    <subfield code="a">PN1997.25.S7</subfield>
    <subfield code="b">G884 P66 2002 dvd</subfield>
  </datafield>
  <datafield tag="092" ind1=" " ind2=" ">
    <subfield code="a">791.4372</subfield>
    <subfield code="b">P</subfield>
  </datafield>
  <datafield tag="130" ind1="0" ind2=" ">
    <subfield code="a">Poniente.</subfield>
  </datafield>
  <datafield tag="245" ind1="1" ind2="0">
    <subfield code="a">Frente al mar</subfield>
    <subfield code="h">[videorecording] /</subfield>
    <subfield code="c">Sociedad Kino Visión presenta una producción Olmo Films, Amboto Audiovisual ; guión, Chus Gutiérrez con la participación de Icíar Bollaín ; producida por Ana Huete, Iñaki Núñez ; dirigida por Chus Gutiérrez.</subfield>
  </datafield>
  <datafield tag="246" ind1="1" ind2=" ">
    <subfield code="a">Title from container, menu, and disc.  Opening frames lack title.</subfield>
  </datafield>
  <datafield tag="250" ind1=" " ind2=" ">
    <subfield code="a">[Widescreen].</subfield>
  </datafield>
  <datafield tag="257" ind1=" " ind2=" ">
    <subfield code="a">Spain</subfield>
    <subfield code="2">naf</subfield>
  </datafield>
  <datafield tag="260" ind1=" " ind2=" ">
    <subfield code="a">Coral Gables, FL :</subfield>
    <subfield code="b">Distributed by Venevision International,</subfield>
    <subfield code="c">[2005]</subfield>
  </datafield>
  <datafield tag="300" ind1=" " ind2=" ">
    <subfield code="a">1 videodisc (ca. 96 min.) :</subfield>
    <subfield code="b">sd., col. ;</subfield>
    <subfield code="c">4 3/4 in.</subfield>
  </datafield>
  <datafield tag="538" ind1=" " ind2=" ">
    <subfield code="a">DVD, region 1, widescreen presentation; Dolby Digital stereo., NTSC.</subfield>
  </datafield>
  <datafield tag="546" ind1=" " ind2=" ">
    <subfield code="a">In Spanish with optional English subtitles.</subfield>
  </datafield>
  <datafield tag="511" ind1="1" ind2=" ">
    <subfield code="a">Cuca Escribano, José Coronado, Mariola Fuentes, Antonio Dechent, Farid Fatmi, Antonio de la Torre.</subfield>
  </datafield>
  <datafield tag="508" ind1=" " ind2=" ">
    <subfield code="a">Music, Tao Gutiérrez, Ángel Luis Samos ; director of photography, Carles Gusi ; editor, Fernando Pardo.</subfield>
  </datafield>
  <datafield tag="500" ind1=" " ind2=" ">
    <subfield code="a">Originally released as a motion picture in 2002 titled Poniente.</subfield>
  </datafield>
  <datafield tag="520" ind1=" " ind2=" ">
    <subfield code="a">Lucia returns to her hometown that is changed by a wave of immigration. While fighting the community's racism towards the new illegal workers, she falls in love with Curro, a man who shares her cause. The couple is forced to confront the town's racism and tensions soon come to a head.</subfield>
  </datafield>
  <datafield tag="520" ind1=" " ind2=" ">
    <subfield code="a">Lucia, regresa a su pueblo natal, tras la muerte de su padre. La tensión social generada por el racismo hacia los inmigrantes despierta en ella un inevitable sentimiento de lucha.</subfield>
  </datafield>
  <datafield tag="521" ind1="8" ind2=" ">
    <subfield code="a">MPAA rating: Not rated.</subfield>
  </datafield>
  <datafield tag="650" ind1=" " ind2="0">
    <subfield code="a">Migrant labor</subfield>
    <subfield code="z">Spain</subfield>
    <subfield code="v">Drama.</subfield>
  </datafield>
  <datafield tag="650" ind1=" " ind2="0">
    <subfield code="a">Illegal aliens</subfield>
    <subfield code="z">Spain</subfield>
    <subfield code="v">Drama.</subfield>
  </datafield>
  <datafield tag="650" ind1=" " ind2="0">
    <subfield code="a">Racism</subfield>
    <subfield code="z">Spain</subfield>
    <subfield code="v">Drama.</subfield>
  </datafield>
  <datafield tag="650" ind1=" " ind2="0">
    <subfield code="a">Man-woman relationships</subfield>
    <subfield code="z">Spain</subfield>
    <subfield code="v">Drama.</subfield>
  </datafield>
  <datafield tag="650" ind1=" " ind2="7">
    <subfield code="a">Relaciones raciales</subfield>
    <subfield code="v">Teatro.</subfield>
    <subfield code="2">bidex</subfield>
  </datafield>
  <datafield tag="650" ind1=" " ind2="7">
    <subfield code="a">Extranjeros ilegales</subfield>
    <subfield code="v">Teatro.</subfield>
    <subfield code="2">bidex</subfield>
  </datafield>
  <datafield tag="650" ind1=" " ind2="7">
    <subfield code="a">Illegal aliens.</subfield>
    <subfield code="2">fast</subfield>
    <subfield code="0">(OCoLC)fst00967153</subfield>
  </datafield>
  <datafield tag="650" ind1=" " ind2="7">
    <subfield code="a">Man-woman relationships.</subfield>
    <subfield code="2">fast</subfield>
    <subfield code="0">(OCoLC)fst01007080</subfield>
  </datafield>
  <datafield tag="650" ind1=" " ind2="7">
    <subfield code="a">Migrant labor.</subfield>
    <subfield code="2">fast</subfield>
    <subfield code="0">(OCoLC)fst01020711</subfield>
  </datafield>
  <datafield tag="650" ind1=" " ind2="7">
    <subfield code="a">Racism.</subfield>
    <subfield code="2">fast</subfield>
    <subfield code="0">(OCoLC)fst01086616</subfield>
  </datafield>
  <datafield tag="651" ind1=" " ind2="7">
    <subfield code="a">Spain.</subfield>
    <subfield code="2">fast</subfield>
    <subfield code="0">(OCoLC)fst01204303</subfield>
  </datafield>
  <datafield tag="655" ind1=" " ind2="7">
    <subfield code="a">Fiction films.</subfield>
    <subfield code="2">lcgft</subfield>
  </datafield>
  <datafield tag="655" ind1=" " ind2="7">
    <subfield code="a">Feature films.</subfield>
    <subfield code="2">lcgft</subfield>
  </datafield>
  <datafield tag="655" ind1=" " ind2="7">
    <subfield code="a">Feature films</subfield>
    <subfield code="z">Spain.</subfield>
    <subfield code="2">local</subfield>
  </datafield>
  <datafield tag="655" ind1=" " ind2="7">
    <subfield code="a">Foreign language films</subfield>
    <subfield code="x">Spanish.</subfield>
    <subfield code="2">local</subfield>
  </datafield>
  <datafield tag="655" ind1=" " ind2="7">
    <subfield code="a">Drama.</subfield>
    <subfield code="2">fast</subfield>
    <subfield code="0">(OCoLC)fst01423879</subfield>
  </datafield>
  <datafield tag="655" ind1=" " ind2="7">
    <subfield code="a">Feature films.</subfield>
    <subfield code="2">fast</subfield>
    <subfield code="0">(OCoLC)fst01710384</subfield>
  </datafield>
  <datafield tag="655" ind1=" " ind2="7">
    <subfield code="a">Fiction films.</subfield>
    <subfield code="2">fast</subfield>
    <subfield code="0">(OCoLC)fst01710264</subfield>
  </datafield>
  <datafield tag="700" ind1="1" ind2=" ">
    <subfield code="a">Gutiérrez, Chus,</subfield>
    <subfield code="d">1962-</subfield>
    <subfield code="4">aus</subfield>
    <subfield code="4">drt</subfield>
  </datafield>
  <datafield tag="700" ind1="1" ind2=" ">
    <subfield code="a">Huete, Ana.</subfield>
    <subfield code="4">pro</subfield>
  </datafield>
  <datafield tag="700" ind1="1" ind2=" ">
    <subfield code="a">Núñez, Iñaki.</subfield>
    <subfield code="4">pro</subfield>
  </datafield>
  <datafield tag="700" ind1="1" ind2=" ">
    <subfield code="a">Escribano, Cuca.</subfield>
    <subfield code="4">act</subfield>
  </datafield>
  <datafield tag="700" ind1="1" ind2=" ">
    <subfield code="a">Coronado, José,</subfield>
    <subfield code="d">1957-</subfield>
    <subfield code="4">act</subfield>
  </datafield>
  <datafield tag="700" ind1="1" ind2=" ">
    <subfield code="a">Fuentes, Mariola.</subfield>
    <subfield code="4">act</subfield>
  </datafield>
  <datafield tag="700" ind1="1" ind2=" ">
    <subfield code="a">Dechent, Antonio.</subfield>
    <subfield code="4">act</subfield>
  </datafield>
  <datafield tag="700" ind1="1" ind2=" ">
    <subfield code="a">Fatmi, Farid.</subfield>
    <subfield code="4">act</subfield>
  </datafield>
  <datafield tag="700" ind1="1" ind2=" ">
    <subfield code="a">Torre, Antonio de la,</subfield>
    <subfield code="d">1968-</subfield>
    <subfield code="4">act</subfield>
  </datafield>
  <datafield tag="700" ind1="1" ind2=" ">
    <subfield code="a">Gutiérrez, Tao.</subfield>
    <subfield code="4">cmp</subfield>
  </datafield>
  <datafield tag="700" ind1="1" ind2=" ">
    <subfield code="a">Samos, Ángel Luis.</subfield>
    <subfield code="4">cmp</subfield>
  </datafield>
  <datafield tag="700" ind1="1" ind2=" ">
    <subfield code="a">Gusi, Carlos.</subfield>
    <subfield code="4">cng</subfield>
  </datafield>
  <datafield tag="700" ind1="1" ind2=" ">
    <subfield code="a">Pardo, Fernando.</subfield>
    <subfield code="4">flm</subfield>
  </datafield>
  <datafield tag="710" ind1="2" ind2=" ">
    <subfield code="a">Sociedad Kino Visión.</subfield>
  </datafield>
  <datafield tag="710" ind1="2" ind2=" ">
    <subfield code="a">Olmo Films.</subfield>
  </datafield>
  <datafield tag="710" ind1="2" ind2=" ">
    <subfield code="a">Amboto Audiovisual (Firm)</subfield>
  </datafield>
  <datafield tag="710" ind1="2" ind2=" ">
    <subfield code="a">Venevision International.</subfield>
  </datafield>
  
  
</record>