<record xmlns="http://www.loc.gov/MARC21/slim" xmlns:zs="http://docs.oasis-open.org/ns/search-ws/sruResponse">
  <leader>02456cam a2200517 a 4500</leader>
  <controlfield tag="001">ocm62728794 </controlfield>
  <controlfield tag="003">OCoLC</controlfield>
  <controlfield tag="005">20160312213808.0</controlfield>
  <controlfield tag="008">051207s2005    ii       b    001 0 eng  </controlfield>
  <datafield tag="010" ind1=" " ind2=" ">
    <subfield code="a">  2005389723</subfield>
  </datafield>
  <datafield tag="040" ind1=" " ind2=" ">
    <subfield code="a">DLC</subfield>
    <subfield code="b">eng</subfield>
    <subfield code="c">DLC</subfield>
    <subfield code="d">BTCTA</subfield>
    <subfield code="d">IXA</subfield>
    <subfield code="d">STF</subfield>
    <subfield code="d">DKAGE</subfield>
    <subfield code="d">OCLCO</subfield>
    <subfield code="d">OCLCA</subfield>
    <subfield code="d">OCLCQ</subfield>
  </datafield>
  <datafield tag="020" ind1=" " ind2=" ">
    <subfield code="a">8183640001</subfield>
  </datafield>
  <datafield tag="020" ind1=" " ind2=" ">
    <subfield code="a">9788183640008</subfield>
  </datafield>
  <datafield tag="025" ind1=" " ind2=" ">
    <subfield code="a">I-E-2005-389723; 69-15; 91</subfield>
  </datafield>
  <datafield tag="035" ind1=" " ind2=" ">
    <subfield code="a">(OCoLC)62728794</subfield>
  </datafield>
  <datafield tag="037" ind1=" " ind2=" ">
    <subfield code="b">Library of Congress -- New Delhi Overseas Office</subfield>
    <subfield code="c">Rs280.00 ($18.00 U.S.)</subfield>
  </datafield>
  <datafield tag="042" ind1=" " ind2=" ">
    <subfield code="a">lcode</subfield>
  </datafield>
  <datafield tag="043" ind1=" " ind2=" ">
    <subfield code="a">a-ii---</subfield>
    <subfield code="a">a-bg---</subfield>
  </datafield>
  <datafield tag="050" ind1="0" ind2="0">
    <subfield code="a">JV8501</subfield>
    <subfield code="b">.S36 2005</subfield>
  </datafield>
  <datafield tag="082" ind1="0" ind2="4">
    <subfield code="a">362.849 141 260 541 64</subfield>
    <subfield code="2">21</subfield>
  </datafield>
  <datafield tag="100" ind1="1" ind2=" ">
    <subfield code="a">Sangma, Senjrang N.</subfield>
  </datafield>
  <datafield tag="245" ind1="1" ind2="0">
    <subfield code="a">Bangladeshi immigrants in Meghalaya :</subfield>
    <subfield code="b">causes of human movement and impact on Garo Hills /</subfield>
    <subfield code="c">Senjrang N. Sangma.</subfield>
  </datafield>
  <datafield tag="260" ind1=" " ind2=" ">
    <subfield code="a">Delhi :</subfield>
    <subfield code="b">Anshah Publishing House,</subfield>
    <subfield code="c">2005.</subfield>
  </datafield>
  <datafield tag="300" ind1=" " ind2=" ">
    <subfield code="a">118 pages ;</subfield>
    <subfield code="c">23 cm</subfield>
  </datafield>
  <datafield tag="336" ind1=" " ind2=" ">
    <subfield code="a">text</subfield>
    <subfield code="b">txt</subfield>
    <subfield code="2">rdacontent</subfield>
  </datafield>
  <datafield tag="337" ind1=" " ind2=" ">
    <subfield code="a">unmediated</subfield>
    <subfield code="b">n</subfield>
    <subfield code="2">rdamedia</subfield>
  </datafield>
  <datafield tag="338" ind1=" " ind2=" ">
    <subfield code="a">volume</subfield>
    <subfield code="b">nc</subfield>
    <subfield code="2">rdacarrier</subfield>
  </datafield>
  <datafield tag="500" ind1=" " ind2=" ">
    <subfield code="a">"Maulana Abul Kalam Azad Institute of Asian Studies, Kolkata."</subfield>
  </datafield>
  <datafield tag="520" ind1=" " ind2=" ">
    <subfield code="a">Study with reference to the state of Meghalaya and Gāro Hills in India.</subfield>
  </datafield>
  <datafield tag="504" ind1=" " ind2=" ">
    <subfield code="a">Includes bibliographical references (pages 111-114) and index.</subfield>
  </datafield>
  <datafield tag="650" ind1=" " ind2="0">
    <subfield code="a">Bangladeshis</subfield>
    <subfield code="z">India</subfield>
    <subfield code="z">Meghalaya.</subfield>
  </datafield>
  <datafield tag="650" ind1=" " ind2="0">
    <subfield code="a">Meghalaya (India)</subfield>
    <subfield code="x">Emigration and immigration</subfield>
    <subfield code="x">Economic aspects.</subfield>
  </datafield>
  <datafield tag="650" ind1=" " ind2="0">
    <subfield code="a">Illegal aliens</subfield>
    <subfield code="z">India</subfield>
    <subfield code="z">Meghalaya</subfield>
    <subfield code="x">Social conditions.</subfield>
  </datafield>
  <datafield tag="710" ind1="2" ind2=" ">
    <subfield code="a">Maulana Abul Kalam Azad Institute of Asian Studies (Kolkata, India)</subfield>
  </datafield>
  <datafield tag="776" ind1="0" ind2="8">
    <subfield code="i">Online version:</subfield>
    <subfield code="a">Sangma, Senjrang N.</subfield>
    <subfield code="t">Bangladeshi immigrants in Meghalaya.</subfield>
    <subfield code="d">Delhi : Anshah Publishing House, 2005</subfield>
    <subfield code="w">(OCoLC)607644714</subfield>
  </datafield>
  <datafield tag="776" ind1="0" ind2="8">
    <subfield code="i">Online version:</subfield>
    <subfield code="a">Sangma, Senjrang N.</subfield>
    <subfield code="t">Bangladeshi immigrants in Meghalaya.</subfield>
    <subfield code="d">Delhi : Anshah Publishing House, 2005</subfield>
    <subfield code="w">(OCoLC)607836560</subfield>
  </datafield>
  
  
  
  
  
  
  
  
  
  
</record>