<record xmlns="http://www.loc.gov/MARC21/slim" xmlns:zs="http://docs.oasis-open.org/ns/search-ws/sruResponse">
  <leader>02477cam a2200517 a 4500</leader>
  <controlfield tag="001">ocm49867368 </controlfield>
  <controlfield tag="003">OCoLC</controlfield>
  <controlfield tag="005">20160312213919.0</controlfield>
  <controlfield tag="008">020524s2001    gw a     bls  100 0 ger c</controlfield>
  <datafield tag="040" ind1=" " ind2=" ">
    <subfield code="a">OHX</subfield>
    <subfield code="b">eng</subfield>
    <subfield code="c">OHX</subfield>
    <subfield code="d">OCLCQ</subfield>
    <subfield code="d">GZM</subfield>
    <subfield code="d">OCLCQ</subfield>
    <subfield code="d">YUS</subfield>
    <subfield code="d">OCLCQ</subfield>
    <subfield code="d">OCLCO</subfield>
  </datafield>
  <datafield tag="016" ind1="7" ind2=" ">
    <subfield code="a">963036432</subfield>
    <subfield code="2">DE-101</subfield>
  </datafield>
  <datafield tag="020" ind1=" " ind2=" ">
    <subfield code="a">3980810305</subfield>
    <subfield code="q">(pbk.)</subfield>
  </datafield>
  <datafield tag="020" ind1=" " ind2=" ">
    <subfield code="a">9783980810302</subfield>
    <subfield code="q">(pbk.)</subfield>
  </datafield>
  <datafield tag="035" ind1=" " ind2=" ">
    <subfield code="a">(OCoLC)49867368</subfield>
  </datafield>
  <datafield tag="042" ind1=" " ind2=" ">
    <subfield code="a">pcc</subfield>
  </datafield>
  <datafield tag="043" ind1=" " ind2=" ">
    <subfield code="a">e-gx---</subfield>
  </datafield>
  <datafield tag="050" ind1=" " ind2="4">
    <subfield code="a">KK6048</subfield>
    <subfield code="b">.R43 2001</subfield>
  </datafield>
  <datafield tag="072" ind1=" " ind2="7">
    <subfield code="a">HT</subfield>
    <subfield code="2">lcco</subfield>
  </datafield>
  <datafield tag="072" ind1=" " ind2="7">
    <subfield code="a">K</subfield>
    <subfield code="2">lcco</subfield>
  </datafield>
  <datafield tag="082" ind1="0" ind2="4">
    <subfield code="a">342.43/082</subfield>
    <subfield code="2">21</subfield>
  </datafield>
  <datafield tag="245" ind1="0" ind2="0">
    <subfield code="a">Rechtliche Betreuung von Migranten :</subfield>
    <subfield code="b">Stand, Konzeption und Grundlegung transkultureller Betreuungsarbeit /</subfield>
    <subfield code="c">Ramazan Salman &amp; Ulrich Wöhler (Hg.).</subfield>
  </datafield>
  <datafield tag="260" ind1=" " ind2=" ">
    <subfield code="a">Hannover :</subfield>
    <subfield code="b">Institut für transkulturelle Betreuung,</subfield>
    <subfield code="c">©2001.</subfield>
  </datafield>
  <datafield tag="300" ind1=" " ind2=" ">
    <subfield code="a">102 pages :</subfield>
    <subfield code="b">illustrations ;</subfield>
    <subfield code="c">21 cm</subfield>
  </datafield>
  <datafield tag="336" ind1=" " ind2=" ">
    <subfield code="a">text</subfield>
    <subfield code="b">txt</subfield>
    <subfield code="2">rdacontent</subfield>
  </datafield>
  <datafield tag="337" ind1=" " ind2=" ">
    <subfield code="a">unmediated</subfield>
    <subfield code="b">n</subfield>
    <subfield code="2">rdamedia</subfield>
  </datafield>
  <datafield tag="338" ind1=" " ind2=" ">
    <subfield code="a">volume</subfield>
    <subfield code="b">nc</subfield>
    <subfield code="2">rdacarrier</subfield>
  </datafield>
  <datafield tag="500" ind1=" " ind2=" ">
    <subfield code="a">"Dokumentation einer Fachtagung in Hannover am 18. June 2001, Institut für transkulturelle Betreuung e.V. Mit Beiträgen von: Dirck van Bekkum, Utrecht [and others]"--Preliminary page.</subfield>
  </datafield>
  <datafield tag="500" ind1=" " ind2=" ">
    <subfield code="a">"Dokumentationsband zur Fachtagung 'Rechtliche Betreuung von Migranten', die am 18. Juni 2001 in Hannover stattfand. Veranstalter waren: Institut für transkulturelle Betreuung e.V. [and others]"--Page 4 of cover.</subfield>
  </datafield>
  <datafield tag="500" ind1=" " ind2=" ">
    <subfield code="a">Conference proceedings.</subfield>
  </datafield>
  <datafield tag="504" ind1=" " ind2=" ">
    <subfield code="a">Includes bibliographical references.</subfield>
  </datafield>
  <datafield tag="650" ind1=" " ind2="0">
    <subfield code="a">Emigration and immigration law</subfield>
    <subfield code="z">Germany</subfield>
    <subfield code="v">Statistics</subfield>
    <subfield code="v">Congresses.</subfield>
  </datafield>
  <datafield tag="650" ind1=" " ind2="0">
    <subfield code="a">Illegal aliens</subfield>
    <subfield code="z">Germany</subfield>
    <subfield code="v">Statistics</subfield>
    <subfield code="v">Congresses.</subfield>
  </datafield>
  <datafield tag="651" ind1=" " ind2="0">
    <subfield code="a">Germany</subfield>
    <subfield code="x">Cultural policy</subfield>
    <subfield code="v">Statistics</subfield>
    <subfield code="v">Congresses.</subfield>
  </datafield>
  <datafield tag="700" ind1="1" ind2=" ">
    <subfield code="a">Salman, Ramazan.</subfield>
  </datafield>
  <datafield tag="700" ind1="1" ind2=" ">
    <subfield code="a">Wöhler, Ulrich.</subfield>
  </datafield>
  <datafield tag="700" ind1="1" ind2=" ">
    <subfield code="a">Bekkum, Dirck van.</subfield>
  </datafield>
  <datafield tag="711" ind1="2" ind2=" ">
    <subfield code="a">Fachtagung "Rechtliche Betreuung von Migranten"</subfield>
    <subfield code="d">(2001 :</subfield>
    <subfield code="c">Hannover, Germany)</subfield>
  </datafield>
  <datafield tag="710" ind1="2" ind2=" ">
    <subfield code="a">Institut für Transkulturelle Betreuung (Hannover, Germany)</subfield>
  </datafield>
  <datafield tag="776" ind1="0" ind2="8">
    <subfield code="i">Online version:</subfield>
    <subfield code="t">Rechtliche Betreuung von Migranten.</subfield>
    <subfield code="d">Hannover : Institut für transkulturelle Betreuung, ©2001</subfield>
    <subfield code="w">(OCoLC)606990660</subfield>
  </datafield>
  
  
  
  
  
  
  
</record>