<record xmlns="http://www.loc.gov/MARC21/slim" xmlns:zs="http://docs.oasis-open.org/ns/search-ws/sruResponse">
  <leader>03943cam a2200697 a 4500</leader>
  <controlfield tag="001">ocm66144158 </controlfield>
  <controlfield tag="003">OCoLC</controlfield>
  <controlfield tag="005">20160312213654.0</controlfield>
  <controlfield tag="008">060410s2006    dcu      b   f000 0 eng c</controlfield>
  <datafield tag="040" ind1=" " ind2=" ">
    <subfield code="a">GPO</subfield>
    <subfield code="b">eng</subfield>
    <subfield code="c">GPO</subfield>
    <subfield code="d">GPO</subfield>
    <subfield code="d">COO</subfield>
    <subfield code="d">ZAD</subfield>
    <subfield code="d">OCLCO</subfield>
    <subfield code="d">OCLCF</subfield>
    <subfield code="d">OCLCO</subfield>
    <subfield code="d">OCLCQ</subfield>
  </datafield>
  <datafield tag="020" ind1=" " ind2=" ">
    <subfield code="a">0160759501</subfield>
  </datafield>
  <datafield tag="020" ind1=" " ind2=" ">
    <subfield code="a">9780160759505</subfield>
  </datafield>
  <datafield tag="035" ind1=" " ind2=" ">
    <subfield code="a">(OCoLC)66144158</subfield>
  </datafield>
  <datafield tag="037" ind1=" " ind2=" ">
    <subfield code="a">552-070-33954-0</subfield>
    <subfield code="b">GPO</subfield>
  </datafield>
  <datafield tag="042" ind1=" " ind2=" ">
    <subfield code="a">pcc</subfield>
  </datafield>
  <datafield tag="043" ind1=" " ind2=" ">
    <subfield code="a">n-us---</subfield>
  </datafield>
  <datafield tag="050" ind1="1" ind2="4">
    <subfield code="a">KF26</subfield>
    <subfield code="b">.J8526 2005d</subfield>
  </datafield>
  <datafield tag="074" ind1=" " ind2=" ">
    <subfield code="a">1042-A</subfield>
  </datafield>
  <datafield tag="074" ind1=" " ind2=" ">
    <subfield code="a">1042-A (online)</subfield>
  </datafield>
  <datafield tag="074" ind1=" " ind2=" ">
    <subfield code="a">1042-B (MF)</subfield>
  </datafield>
  <datafield tag="074" ind1=" " ind2=" ">
    <subfield code="a">1042-B (online)</subfield>
  </datafield>
  <datafield tag="086" ind1="0" ind2=" ">
    <subfield code="a">Y 4.J 89/2:S.HRG.109-64</subfield>
  </datafield>
  <datafield tag="088" ind1=" " ind2=" ">
    <subfield code="a">Serial no. J-109-13 (United States. Congress. Senate. Committee on the Judiciary)</subfield>
  </datafield>
  <datafield tag="110" ind1="1" ind2=" ">
    <subfield code="a">United States.</subfield>
    <subfield code="b">Congress.</subfield>
    <subfield code="b">Senate.</subfield>
    <subfield code="b">Committee on the Judiciary.</subfield>
    <subfield code="b">Subcommittee on Immigration, Border Security, and Citizenship.</subfield>
  </datafield>
  <datafield tag="245" ind1="1" ind2="0">
    <subfield code="a">Strengthening interior enforcement :</subfield>
    <subfield code="b">deportation and related issues : joint hearing before the Subcommittee on Immigration, Border Security, and Citizenship and Subcommittee on Terrorism, Technology, and Homeland Security of the Committee on the Judiciary, United States Senate, One Hundred Ninth Congress, first session, April 14, 2005.</subfield>
  </datafield>
  <datafield tag="260" ind1=" " ind2=" ">
    <subfield code="a">Washington :</subfield>
    <subfield code="b">U.S. G.P.O. :</subfield>
    <subfield code="b">For sale by the Supt. of Docs., U.S. G.P.O.,</subfield>
    <subfield code="c">2006.</subfield>
  </datafield>
  <datafield tag="300" ind1=" " ind2=" ">
    <subfield code="a">iii, 145 pages ;</subfield>
    <subfield code="c">24 cm.</subfield>
  </datafield>
  <datafield tag="336" ind1=" " ind2=" ">
    <subfield code="a">text</subfield>
    <subfield code="b">txt</subfield>
    <subfield code="2">rdacontent</subfield>
  </datafield>
  <datafield tag="337" ind1=" " ind2=" ">
    <subfield code="a">unmediated</subfield>
    <subfield code="b">n</subfield>
    <subfield code="2">rdamedia</subfield>
  </datafield>
  <datafield tag="338" ind1=" " ind2=" ">
    <subfield code="a">volume</subfield>
    <subfield code="b">nc</subfield>
    <subfield code="2">rdacarrier</subfield>
  </datafield>
  <datafield tag="490" ind1="1" ind2=" ">
    <subfield code="a">S. hrg. ;</subfield>
    <subfield code="v">109-64</subfield>
  </datafield>
  <datafield tag="500" ind1=" " ind2=" ">
    <subfield code="a">Distributed to some depository libraries in microfiche.</subfield>
  </datafield>
  <datafield tag="500" ind1=" " ind2=" ">
    <subfield code="a">Shipping list no.: 2006-0171-P.</subfield>
  </datafield>
  <datafield tag="530" ind1=" " ind2=" ">
    <subfield code="a">Also available via Internet from the GPO Access web site. Address as of 4/10/06: http://frwebgate.access.gpo.gov/cgi-bin/getdoc.cgi?dbname=109%5Fsenate%5Fhearings&amp;docid=f:22332.pdf; current access is available via PURL.</subfield>
  </datafield>
  <datafield tag="504" ind1=" " ind2=" ">
    <subfield code="a">Includes bibliographical references.</subfield>
  </datafield>
  <datafield tag="500" ind1=" " ind2=" ">
    <subfield code="a">"Serial no. J-109-13."</subfield>
  </datafield>
  <datafield tag="650" ind1=" " ind2="0">
    <subfield code="a">Illegal aliens</subfield>
    <subfield code="x">Government policy</subfield>
    <subfield code="z">United States.</subfield>
  </datafield>
  <datafield tag="650" ind1=" " ind2="0">
    <subfield code="a">Alien criminals</subfield>
    <subfield code="x">Government policy</subfield>
    <subfield code="z">United States.</subfield>
  </datafield>
  <datafield tag="650" ind1=" " ind2="0">
    <subfield code="a">Deportation</subfield>
    <subfield code="z">United States.</subfield>
  </datafield>
  <datafield tag="650" ind1=" " ind2="0">
    <subfield code="a">Detention of persons</subfield>
    <subfield code="x">Government policy</subfield>
    <subfield code="z">United States.</subfield>
  </datafield>
  <datafield tag="651" ind1=" " ind2="0">
    <subfield code="a">United States</subfield>
    <subfield code="x">Emigration and immigration.</subfield>
  </datafield>
  <datafield tag="650" ind1=" " ind2="7">
    <subfield code="a">Alien criminals</subfield>
    <subfield code="x">Government policy.</subfield>
    <subfield code="2">fast</subfield>
    <subfield code="0">(OCoLC)fst00805054</subfield>
  </datafield>
  <datafield tag="650" ind1=" " ind2="7">
    <subfield code="a">Deportation.</subfield>
    <subfield code="2">fast</subfield>
    <subfield code="0">(OCoLC)fst00890840</subfield>
  </datafield>
  <datafield tag="650" ind1=" " ind2="7">
    <subfield code="a">Detention of persons</subfield>
    <subfield code="x">Government policy.</subfield>
    <subfield code="2">fast</subfield>
    <subfield code="0">(OCoLC)fst00891622</subfield>
  </datafield>
  <datafield tag="650" ind1=" " ind2="7">
    <subfield code="a">Emigration and immigration.</subfield>
    <subfield code="2">fast</subfield>
    <subfield code="0">(OCoLC)fst00908690</subfield>
  </datafield>
  <datafield tag="650" ind1=" " ind2="7">
    <subfield code="a">Illegal aliens</subfield>
    <subfield code="x">Government policy.</subfield>
    <subfield code="2">fast</subfield>
    <subfield code="0">(OCoLC)fst00967160</subfield>
  </datafield>
  <datafield tag="651" ind1=" " ind2="7">
    <subfield code="a">United States.</subfield>
    <subfield code="2">fast</subfield>
    <subfield code="0">(OCoLC)fst01204155</subfield>
  </datafield>
  <datafield tag="710" ind1="1" ind2=" ">
    <subfield code="a">United States.</subfield>
    <subfield code="b">Congress.</subfield>
    <subfield code="b">Senate.</subfield>
    <subfield code="b">Committee on the Judiciary.</subfield>
    <subfield code="b">Subcommittee on Terrorism, Technology, and Homeland Security.</subfield>
  </datafield>
  <datafield tag="776" ind1="0" ind2="8">
    <subfield code="i">Online version:</subfield>
    <subfield code="a">United States. Congress. Senate. Committee on the Judiciary. Subcommittee on Immigration, Border Security, and Citizenship.</subfield>
    <subfield code="t">Strengthening interior enforcement.</subfield>
    <subfield code="d">Washington : U.S.G.P.O. : For sale by the Supt. of Docs., U.S.G.P.O., 2006</subfield>
    <subfield code="w">(OCoLC)651919078</subfield>
  </datafield>
  <datafield tag="810" ind1="1" ind2=" ">
    <subfield code="a">United States.</subfield>
    <subfield code="b">Congress.</subfield>
    <subfield code="b">Senate.</subfield>
    <subfield code="t">S. hrg. ;</subfield>
    <subfield code="v">109-64.</subfield>
  </datafield>
  <datafield tag="856" ind1="4" ind2="1">
    <subfield code="u">http://purl.access.gpo.gov/GPO/LPS68627</subfield>
  </datafield>
  
  
  
  
  
  
  
  
  
  
</record>