<record xmlns="http://www.loc.gov/MARC21/slim" xmlns:zs="http://docs.oasis-open.org/ns/search-ws/sruResponse">
  <leader>02490cam a22005414a 4500</leader>
  <controlfield tag="001">ocm75927699 </controlfield>
  <controlfield tag="003">OCoLC</controlfield>
  <controlfield tag="005">20160312213843.0</controlfield>
  <controlfield tag="008">061124s2006    sz a     b    000 0 ger c</controlfield>
  <datafield tag="040" ind1=" " ind2=" ">
    <subfield code="a">CSt</subfield>
    <subfield code="b">eng</subfield>
    <subfield code="c">STF</subfield>
    <subfield code="d">OHX</subfield>
    <subfield code="d">CLU</subfield>
    <subfield code="d">IXA</subfield>
    <subfield code="d">SZ9XM</subfield>
    <subfield code="d">OCLCF</subfield>
    <subfield code="d">OCLCO</subfield>
    <subfield code="d">OCLCQ</subfield>
  </datafield>
  <datafield tag="016" ind1="7" ind2=" ">
    <subfield code="a">980437571</subfield>
    <subfield code="2">DE-101</subfield>
  </datafield>
  <datafield tag="020" ind1=" " ind2=" ">
    <subfield code="a">9783037770436</subfield>
  </datafield>
  <datafield tag="020" ind1=" " ind2=" ">
    <subfield code="a">3037770430</subfield>
  </datafield>
  <datafield tag="035" ind1=" " ind2=" ">
    <subfield code="a">(OCoLC)75927699</subfield>
  </datafield>
  <datafield tag="041" ind1="0" ind2=" ">
    <subfield code="a">ger</subfield>
    <subfield code="b">fre</subfield>
  </datafield>
  <datafield tag="042" ind1=" " ind2=" ">
    <subfield code="a">pcc</subfield>
  </datafield>
  <datafield tag="043" ind1=" " ind2=" ">
    <subfield code="a">e-sz---</subfield>
  </datafield>
  <datafield tag="050" ind1=" " ind2="4">
    <subfield code="a">JV8288</subfield>
    <subfield code="b">.S27 2006</subfield>
  </datafield>
  <datafield tag="072" ind1=" " ind2="7">
    <subfield code="a">HT</subfield>
    <subfield code="2">lcco</subfield>
  </datafield>
  <datafield tag="245" ind1="0" ind2="0">
    <subfield code="a">Sans-Papiers in der Schweiz :</subfield>
    <subfield code="b">unsichtbar--unverzichtbar /</subfield>
    <subfield code="c">herausgegeben vom Departement Migration, Schweizerisches Rotes Kreuz (SRK) ; mit einem Vorwort von René Rhinow.</subfield>
  </datafield>
  <datafield tag="260" ind1=" " ind2=" ">
    <subfield code="a">Zürich :</subfield>
    <subfield code="b">Seismo,</subfield>
    <subfield code="c">©2006.</subfield>
  </datafield>
  <datafield tag="300" ind1=" " ind2=" ">
    <subfield code="a">261 pages :</subfield>
    <subfield code="b">illustrations ;</subfield>
    <subfield code="c">23 cm.</subfield>
  </datafield>
  <datafield tag="336" ind1=" " ind2=" ">
    <subfield code="a">text</subfield>
    <subfield code="b">txt</subfield>
    <subfield code="2">rdacontent</subfield>
  </datafield>
  <datafield tag="337" ind1=" " ind2=" ">
    <subfield code="a">unmediated</subfield>
    <subfield code="b">n</subfield>
    <subfield code="2">rdamedia</subfield>
  </datafield>
  <datafield tag="338" ind1=" " ind2=" ">
    <subfield code="a">volume</subfield>
    <subfield code="b">nc</subfield>
    <subfield code="2">rdacarrier</subfield>
  </datafield>
  <datafield tag="490" ind1="1" ind2=" ">
    <subfield code="a">Migration--Beiträge aus Theorie und Praxis</subfield>
  </datafield>
  <datafield tag="504" ind1=" " ind2=" ">
    <subfield code="a">Includes bibliographical references.</subfield>
  </datafield>
  <datafield tag="546" ind1=" " ind2=" ">
    <subfield code="a">Abstracts in German and French.</subfield>
  </datafield>
  <datafield tag="650" ind1=" " ind2="0">
    <subfield code="a">Illegal aliens</subfield>
    <subfield code="z">Switzerland.</subfield>
  </datafield>
  <datafield tag="650" ind1=" " ind2="7">
    <subfield code="a">Illegal aliens.</subfield>
    <subfield code="2">fast</subfield>
    <subfield code="0">(OCoLC)fst00967153</subfield>
  </datafield>
  <datafield tag="651" ind1=" " ind2="7">
    <subfield code="a">Switzerland.</subfield>
    <subfield code="2">fast</subfield>
    <subfield code="0">(OCoLC)fst01205401</subfield>
  </datafield>
  <datafield tag="650" ind1=" " ind2="7">
    <subfield code="a">Illegale Einwanderung</subfield>
    <subfield code="x">Lebensbedingungen</subfield>
    <subfield code="x">Humanitäre Hilfe</subfield>
    <subfield code="x">Menschenwürde</subfield>
    <subfield code="z">Schweiz</subfield>
    <subfield code="v">Aufsatzsammlung.</subfield>
    <subfield code="2">swd</subfield>
  </datafield>
  <datafield tag="650" ind1=" " ind2="7">
    <subfield code="a">Lebensbedingungen</subfield>
    <subfield code="x">Illegale Einwanderung</subfield>
    <subfield code="x">Humanitäre Hilfe</subfield>
    <subfield code="x">Menschenwürde</subfield>
    <subfield code="z">Schweiz</subfield>
    <subfield code="v">Aufsatzsammlung.</subfield>
    <subfield code="2">swd</subfield>
  </datafield>
  <datafield tag="650" ind1=" " ind2="7">
    <subfield code="a">Humanitäre Hilfe</subfield>
    <subfield code="x">Menschenwürde</subfield>
    <subfield code="x">Illegale Einwanderung</subfield>
    <subfield code="x">Lebensbedingungen</subfield>
    <subfield code="z">Schweiz</subfield>
    <subfield code="v">Aufsatzsammlung.</subfield>
    <subfield code="2">swd</subfield>
  </datafield>
  <datafield tag="650" ind1=" " ind2="7">
    <subfield code="a">Menschenwürde</subfield>
    <subfield code="x">Humanitäre Hilfe</subfield>
    <subfield code="x">Illegale Einwanderung</subfield>
    <subfield code="x">Lebensbedingungen</subfield>
    <subfield code="z">Schweiz</subfield>
    <subfield code="v">Aufsatzsammlung.</subfield>
    <subfield code="2">swd</subfield>
  </datafield>
  <datafield tag="651" ind1=" " ind2="7">
    <subfield code="a">Schweiz</subfield>
    <subfield code="x">Illegale Einwanderung</subfield>
    <subfield code="x">Lebensbedingungen</subfield>
    <subfield code="x">Humanitäre Hilfe</subfield>
    <subfield code="x">Menschenwürde</subfield>
    <subfield code="v">Aufsatzsammlung.</subfield>
    <subfield code="2">swd</subfield>
  </datafield>
  <datafield tag="710" ind1="2" ind2=" ">
    <subfield code="a">Schweizerisches Rotes Kreuz.</subfield>
    <subfield code="b">Departement Migration.</subfield>
  </datafield>
  <datafield tag="830" ind1=" " ind2="0">
    <subfield code="a">Migration--Beiträge aus Theorie und Praxis.</subfield>
  </datafield>
  
  
  
  
  
  
  
  
  
  
</record>