<record xmlns="http://www.loc.gov/MARC21/slim" xmlns:zs="http://docs.oasis-open.org/ns/search-ws/sruResponse">
  <leader>03377cam a2200541Mi 4500</leader>
  <controlfield tag="001">ocn836719159</controlfield>
  <controlfield tag="003">OCoLC</controlfield>
  <controlfield tag="005">20160312213956.0</controlfield>
  <controlfield tag="008">130405s2013    gw fo         000 0 ger d</controlfield>
  <datafield tag="040" ind1=" " ind2=" ">
    <subfield code="a">OHX</subfield>
    <subfield code="b">eng</subfield>
    <subfield code="c">OHX</subfield>
    <subfield code="d">OCLCO</subfield>
    <subfield code="d">YUS</subfield>
    <subfield code="d">STF</subfield>
    <subfield code="d">OCLCF</subfield>
    <subfield code="d">OCLCO</subfield>
    <subfield code="d">OCLCQ</subfield>
    <subfield code="d">OCLCO</subfield>
  </datafield>
  <datafield tag="016" ind1="7" ind2=" ">
    <subfield code="a">1012169960</subfield>
    <subfield code="2">GyFmDB</subfield>
  </datafield>
  <datafield tag="020" ind1=" " ind2=" ">
    <subfield code="a">9783518126448</subfield>
    <subfield code="q">(pbk.)</subfield>
  </datafield>
  <datafield tag="020" ind1=" " ind2=" ">
    <subfield code="a">351812644X</subfield>
    <subfield code="q">(pbk.)</subfield>
  </datafield>
  <datafield tag="035" ind1=" " ind2=" ">
    <subfield code="a">(OCoLC)836719159</subfield>
  </datafield>
  <datafield tag="043" ind1=" " ind2=" ">
    <subfield code="a">e-gx---</subfield>
  </datafield>
  <datafield tag="050" ind1="1" ind2="4">
    <subfield code="a">JV8015</subfield>
    <subfield code="b">.O85 2013</subfield>
  </datafield>
  <datafield tag="072" ind1=" " ind2="7">
    <subfield code="a">HT</subfield>
    <subfield code="2">lcco</subfield>
  </datafield>
  <datafield tag="100" ind1="1" ind2=" ">
    <subfield code="a">Oulios, Miltiadis.</subfield>
  </datafield>
  <datafield tag="245" ind1="1" ind2="0">
    <subfield code="a">Blackbox Abschiebung :</subfield>
    <subfield code="b">Geschichten und Bilder von Leuten, die gerne geblieben wären /</subfield>
    <subfield code="c">Miltiadis Oulios.</subfield>
  </datafield>
  <datafield tag="250" ind1=" " ind2=" ">
    <subfield code="a">1. Aufl., Originalausg.</subfield>
  </datafield>
  <datafield tag="260" ind1=" " ind2=" ">
    <subfield code="a">Berlin :</subfield>
    <subfield code="b">Suhrkamp,</subfield>
    <subfield code="c">2013.</subfield>
  </datafield>
  <datafield tag="300" ind1=" " ind2=" ">
    <subfield code="a">483 pages, [30] pages of plates :</subfield>
    <subfield code="b">color photographs ;</subfield>
    <subfield code="c">18 cm.</subfield>
  </datafield>
  <datafield tag="336" ind1=" " ind2=" ">
    <subfield code="a">text</subfield>
    <subfield code="b">txt</subfield>
    <subfield code="2">rdacontent</subfield>
  </datafield>
  <datafield tag="337" ind1=" " ind2=" ">
    <subfield code="a">unmediated</subfield>
    <subfield code="b">n</subfield>
    <subfield code="2">rdamedia</subfield>
  </datafield>
  <datafield tag="338" ind1=" " ind2=" ">
    <subfield code="a">volume</subfield>
    <subfield code="b">nc</subfield>
    <subfield code="2">rdacarrier</subfield>
  </datafield>
  <datafield tag="490" ind1="1" ind2=" ">
    <subfield code="a">Edition Suhrkamp ;</subfield>
    <subfield code="v">2644</subfield>
  </datafield>
  <datafield tag="505" ind1="0" ind2="0">
    <subfield code="t">Nadire Mujolli "Meine Freundinnen waren Christina, Lena, Lisa, Anna-Lena und Cevriye." --</subfield>
    <subfield code="t">Abschiebung als Blackbox --</subfield>
    <subfield code="t">Dzevad S. "Ich bezahl die mit meinen Steuergeldern dafür, dass die mich abschieben." --</subfield>
    <subfield code="t">Die Abschiebung, das Leben und der Tod --</subfield>
    <subfield code="t">Faruk Firizi "die Politiker sollten sich schämen, wenn die das Wort Integration in den Mund nehmen." --</subfield>
    <subfield code="t">Abschiebung : ein Paradoxon --</subfield>
    <subfield code="t">Bello Taofik "Ich verstehe ihren Wohlstand nicht." --</subfield>
    <subfield code="t">Abschiebung und ihre Geschichte --</subfield>
    <subfield code="t">Deniz und Enis Miftari "Man kann sagen, dass wir uns wie Deutsche fühlen." --</subfield>
    <subfield code="t">Abschiebung und Recht --</subfield>
    <subfield code="t">Nino Bogdanovic "mein Herz ist total am Ende." --</subfield>
    <subfield code="t">Abschiebung in Deutschland --</subfield>
    <subfield code="t">Hamide, Nermina und Ramon Mujolli "Wie Abschiebung? : wir sind doch zu Hause!" --</subfield>
    <subfield code="t">Die Logistik der Abschiebung --</subfield>
    <subfield code="t">Jewgenij Stelmach : ein Kiosk in Koblenz --</subfield>
    <subfield code="t">Abschiebung und Haft --</subfield>
    <subfield code="t">Omari Kasoiani "Selbst wenn ich abgeschoben werde, hat es sich gelohnt, dass ich in Deutschland gewesen bin." --</subfield>
    <subfield code="t">Abschiebung und Widerstand --</subfield>
    <subfield code="t">Yusuf K. "Ich komme wieder." --</subfield>
    <subfield code="t">Abschiebung als Strafe --</subfield>
    <subfield code="t">Alexander Peacock "Es waren doch nur Drogen." --</subfield>
    <subfield code="t">Biniam Elias Abraha "Ich kam mit einem Schlauchboot." --</subfield>
    <subfield code="t">Abschiebung : ein Autopilot? --</subfield>
    <subfield code="g">Anmerkungen.</subfield>
  </datafield>
  <datafield tag="651" ind1=" " ind2="0">
    <subfield code="a">Germany</subfield>
    <subfield code="x">Emigration and immigration</subfield>
    <subfield code="x">History</subfield>
    <subfield code="y">20th century.</subfield>
  </datafield>
  <datafield tag="650" ind1=" " ind2="0">
    <subfield code="a">Immigrants</subfield>
    <subfield code="z">Germany</subfield>
    <subfield code="x">History</subfield>
    <subfield code="y">20th century.</subfield>
  </datafield>
  <datafield tag="650" ind1=" " ind2="0">
    <subfield code="a">Illegal aliens</subfield>
    <subfield code="z">Germany</subfield>
    <subfield code="x">History</subfield>
    <subfield code="y">20th century.</subfield>
  </datafield>
  <datafield tag="650" ind1=" " ind2="0">
    <subfield code="a">Deportees</subfield>
    <subfield code="z">Germany</subfield>
    <subfield code="v">Portraits.</subfield>
  </datafield>
  <datafield tag="650" ind1=" " ind2="0">
    <subfield code="a">Deportation</subfield>
    <subfield code="z">Germany</subfield>
    <subfield code="x">History</subfield>
    <subfield code="y">20th century.</subfield>
  </datafield>
  <datafield tag="650" ind1=" " ind2="7">
    <subfield code="a">Deportation.</subfield>
    <subfield code="2">fast</subfield>
    <subfield code="0">(OCoLC)fst00890840</subfield>
  </datafield>
  <datafield tag="650" ind1=" " ind2="7">
    <subfield code="a">Deportees.</subfield>
    <subfield code="2">fast</subfield>
    <subfield code="0">(OCoLC)fst01750055</subfield>
  </datafield>
  <datafield tag="650" ind1=" " ind2="7">
    <subfield code="a">Emigration and immigration.</subfield>
    <subfield code="2">fast</subfield>
    <subfield code="0">(OCoLC)fst00908690</subfield>
  </datafield>
  <datafield tag="650" ind1=" " ind2="7">
    <subfield code="a">Illegal aliens.</subfield>
    <subfield code="2">fast</subfield>
    <subfield code="0">(OCoLC)fst00967153</subfield>
  </datafield>
  <datafield tag="650" ind1=" " ind2="7">
    <subfield code="a">Immigrants.</subfield>
    <subfield code="2">fast</subfield>
    <subfield code="0">(OCoLC)fst00967712</subfield>
  </datafield>
  <datafield tag="651" ind1=" " ind2="7">
    <subfield code="a">Germany.</subfield>
    <subfield code="2">fast</subfield>
    <subfield code="0">(OCoLC)fst01210272</subfield>
  </datafield>
  <datafield tag="648" ind1=" " ind2="7">
    <subfield code="a">1900 - 1999</subfield>
    <subfield code="2">fast</subfield>
  </datafield>
  <datafield tag="655" ind1=" " ind2="7">
    <subfield code="a">History.</subfield>
    <subfield code="2">fast</subfield>
    <subfield code="0">(OCoLC)fst01411628</subfield>
  </datafield>
  <datafield tag="655" ind1=" " ind2="7">
    <subfield code="a">Portraits.</subfield>
    <subfield code="2">fast</subfield>
    <subfield code="0">(OCoLC)fst01423831</subfield>
  </datafield>
  <datafield tag="830" ind1=" " ind2="0">
    <subfield code="a">Edition Suhrkamp ;</subfield>
    <subfield code="v">2644.</subfield>
  </datafield>
  
  
  
  
  
  
</record>