<record xmlns="http://www.loc.gov/MARC21/slim" xmlns:zs="http://docs.oasis-open.org/ns/search-ws/sruResponse">
  <leader>02847cam a2200553Ka 4500</leader>
  <controlfield tag="001">ocn680496120</controlfield>
  <controlfield tag="003">OCoLC</controlfield>
  <controlfield tag="005">20160312213857.0</controlfield>
  <controlfield tag="008">101110s2008    dcua    ob   f000 0 eng d</controlfield>
  <controlfield tag="006">m     o  d        </controlfield>
  <controlfield tag="007">cr bn||||abp||</controlfield>
  <controlfield tag="007">cr bn||||ada||</controlfield>
  <datafield tag="040" ind1=" " ind2=" ">
    <subfield code="a">OCLCE</subfield>
    <subfield code="b">eng</subfield>
    <subfield code="e">pn</subfield>
    <subfield code="c">OCLCE</subfield>
    <subfield code="d">OCLCQ</subfield>
    <subfield code="d">OCLCO</subfield>
  </datafield>
  <datafield tag="019" ind1=" " ind2=" ">
    <subfield code="a">657477845</subfield>
  </datafield>
  <datafield tag="020" ind1=" " ind2=" ">
    <subfield code="z">9780160812569</subfield>
  </datafield>
  <datafield tag="020" ind1=" " ind2=" ">
    <subfield code="z">0160812569</subfield>
  </datafield>
  <datafield tag="035" ind1=" " ind2=" ">
    <subfield code="a">(OCoLC)680496120</subfield>
    <subfield code="z">(OCoLC)657477845</subfield>
  </datafield>
  <datafield tag="042" ind1=" " ind2=" ">
    <subfield code="a">dlr</subfield>
  </datafield>
  <datafield tag="043" ind1=" " ind2=" ">
    <subfield code="a">n-us---</subfield>
  </datafield>
  <datafield tag="050" ind1=" " ind2="4">
    <subfield code="a">KF27</subfield>
    <subfield code="b">.J8 2007i</subfield>
  </datafield>
  <datafield tag="074" ind1=" " ind2=" ">
    <subfield code="a">1020-A (online)</subfield>
  </datafield>
  <datafield tag="086" ind1="0" ind2=" ">
    <subfield code="a">Y 4.J 89/1:110-83</subfield>
  </datafield>
  <datafield tag="088" ind1=" " ind2=" ">
    <subfield code="a">Serial no. 110-83 (United States. Congress. House. Committee on the Judiciary)</subfield>
  </datafield>
  <datafield tag="110" ind1="1" ind2=" ">
    <subfield code="a">United States.</subfield>
    <subfield code="b">Congress.</subfield>
    <subfield code="b">House.</subfield>
    <subfield code="b">Committee on the Judiciary.</subfield>
  </datafield>
  <datafield tag="245" ind1="1" ind2="0">
    <subfield code="a">Combating modern slavery</subfield>
    <subfield code="h">[electronic resource] :</subfield>
    <subfield code="b">reauthorization of the anti-trafficking programs : hearing before the Committee on the Judiciary, House of Representatives, One Hundred Tenth Congress, first session, October 31, 2007.</subfield>
  </datafield>
  <datafield tag="260" ind1=" " ind2=" ">
    <subfield code="a">Washington :</subfield>
    <subfield code="b">U.S. G.P.O. :</subfield>
    <subfield code="b">For sale by the Supt. of Docs., U.S. G.P.O.,</subfield>
    <subfield code="c">2008.</subfield>
  </datafield>
  <datafield tag="300" ind1=" " ind2=" ">
    <subfield code="a">1 online resource (iv, 126 pages) :</subfield>
    <subfield code="b">illustrations</subfield>
  </datafield>
  <datafield tag="336" ind1=" " ind2=" ">
    <subfield code="a">text</subfield>
    <subfield code="b">txt</subfield>
    <subfield code="2">rdacontent</subfield>
  </datafield>
  <datafield tag="337" ind1=" " ind2=" ">
    <subfield code="a">computer</subfield>
    <subfield code="b">c</subfield>
    <subfield code="2">rdamedia</subfield>
  </datafield>
  <datafield tag="338" ind1=" " ind2=" ">
    <subfield code="a">online resource</subfield>
    <subfield code="b">cr</subfield>
    <subfield code="2">rdacarrier</subfield>
  </datafield>
  <datafield tag="500" ind1=" " ind2=" ">
    <subfield code="a">Distributed to some depository libraries in microfiche.</subfield>
  </datafield>
  <datafield tag="500" ind1=" " ind2=" ">
    <subfield code="a">Shipping list no.: 2008-0435-P.</subfield>
  </datafield>
  <datafield tag="500" ind1=" " ind2=" ">
    <subfield code="a">"Serial no. 110-83."</subfield>
  </datafield>
  <datafield tag="504" ind1=" " ind2=" ">
    <subfield code="a">Includes bibliographical references.</subfield>
  </datafield>
  <datafield tag="506" ind1=" " ind2=" ">
    <subfield code="3">Use copy</subfield>
    <subfield code="f">Restrictions unspecified</subfield>
    <subfield code="2">star</subfield>
    <subfield code="5">MiAaHDL</subfield>
  </datafield>
  <datafield tag="533" ind1=" " ind2=" ">
    <subfield code="a">Electronic reproduction.</subfield>
    <subfield code="b">[S.l.] :</subfield>
    <subfield code="c">HathiTrust Digital Library,</subfield>
    <subfield code="d">2010.</subfield>
    <subfield code="5">MiAaHDL</subfield>
  </datafield>
  <datafield tag="538" ind1=" " ind2=" ">
    <subfield code="a">Master and use copy. Digital master created according to Benchmark for Faithful Digital Reproductions of Monographs and Serials, Version 1. Digital Library Federation, December 2002.</subfield>
    <subfield code="u">http://purl.oclc.org/DLF/benchrepro0212</subfield>
    <subfield code="5">MiAaHDL</subfield>
  </datafield>
  <datafield tag="583" ind1="1" ind2=" ">
    <subfield code="a">digitized</subfield>
    <subfield code="c">2010</subfield>
    <subfield code="h">HathiTrust Digital Library</subfield>
    <subfield code="l">committed to preserve</subfield>
    <subfield code="2">pda</subfield>
    <subfield code="5">MiAaHDL</subfield>
  </datafield>
  <datafield tag="588" ind1=" " ind2=" ">
    <subfield code="a">Description based on print version record.</subfield>
  </datafield>
  <datafield tag="650" ind1=" " ind2="0">
    <subfield code="a">Forced labor</subfield>
    <subfield code="z">United States</subfield>
    <subfield code="x">Prevention.</subfield>
  </datafield>
  <datafield tag="650" ind1=" " ind2="0">
    <subfield code="a">Prostitution</subfield>
    <subfield code="z">United States</subfield>
    <subfield code="x">Prevention.</subfield>
  </datafield>
  <datafield tag="650" ind1=" " ind2="0">
    <subfield code="a">Human trafficking</subfield>
    <subfield code="z">United States</subfield>
    <subfield code="x">Prevention.</subfield>
  </datafield>
  <datafield tag="650" ind1=" " ind2="0">
    <subfield code="a">Human smuggling</subfield>
    <subfield code="z">United States</subfield>
    <subfield code="x">Prevention.</subfield>
  </datafield>
  <datafield tag="650" ind1=" " ind2="0">
    <subfield code="a">Victims of crimes</subfield>
    <subfield code="x">Protection</subfield>
    <subfield code="z">United States.</subfield>
  </datafield>
  <datafield tag="650" ind1=" " ind2="0">
    <subfield code="a">Illegal aliens</subfield>
    <subfield code="x">Government policy</subfield>
    <subfield code="z">United States.</subfield>
  </datafield>
  <datafield tag="776" ind1="0" ind2="8">
    <subfield code="i">Print version:</subfield>
    <subfield code="a">United States. Congress. House. Committee on the Judiciary.</subfield>
    <subfield code="t">Combating modern slavery.</subfield>
    <subfield code="d">Washington : U.S.G.P.O. : For sale by the Supt. of Docs., U.S.G.P.O., 2008</subfield>
    <subfield code="w">(DLC)  2008377970</subfield>
    <subfield code="w">(OCoLC)320555073</subfield>
  </datafield>
  <datafield tag="856" ind1="4" ind2="0">
    <subfield code="3">HathiTrust Digital Library, Full view</subfield>
    <subfield code="u">http://catalog.hathitrust.org/api/volumes/oclc/320555073.html</subfield>
  </datafield>
  
  
</record>