<record xmlns="http://www.loc.gov/MARC21/slim" xmlns:zs="http://docs.oasis-open.org/ns/search-ws/sruResponse">
  <leader>05201cam a2200865Ia 4500</leader>
  <controlfield tag="001">ocn317070579</controlfield>
  <controlfield tag="003">OCoLC</controlfield>
  <controlfield tag="005">20160312213744.0</controlfield>
  <controlfield tag="008">090325s2010    mau      b    001 0 eng d</controlfield>
  <datafield tag="040" ind1=" " ind2=" ">
    <subfield code="a">FVC</subfield>
    <subfield code="b">eng</subfield>
    <subfield code="c">FVC</subfield>
    <subfield code="d">CDX</subfield>
    <subfield code="d">KUT</subfield>
    <subfield code="d">OCLCQ</subfield>
    <subfield code="d">OCLCA</subfield>
    <subfield code="d">KSU</subfield>
    <subfield code="d">OCLCA</subfield>
    <subfield code="d">BTCTA</subfield>
    <subfield code="d">YDXCP</subfield>
    <subfield code="d">HL6</subfield>
    <subfield code="d">BDX</subfield>
    <subfield code="d">OCLCF</subfield>
    <subfield code="d">OCL</subfield>
    <subfield code="d">OCLCQ</subfield>
  </datafield>
  <datafield tag="019" ind1=" " ind2=" ">
    <subfield code="a">262881150</subfield>
    <subfield code="a">423722730</subfield>
    <subfield code="a">841137478</subfield>
  </datafield>
  <datafield tag="020" ind1=" " ind2=" ">
    <subfield code="a">9780078127526</subfield>
  </datafield>
  <datafield tag="020" ind1=" " ind2=" ">
    <subfield code="a">0078127521</subfield>
  </datafield>
  <datafield tag="020" ind1=" " ind2=" ">
    <subfield code="a">9780073515274</subfield>
    <subfield code="q">(pbk.)</subfield>
  </datafield>
  <datafield tag="020" ind1=" " ind2=" ">
    <subfield code="a">0073515272</subfield>
    <subfield code="q">(pbk.)</subfield>
  </datafield>
  <datafield tag="035" ind1=" " ind2=" ">
    <subfield code="a">(OCoLC)317070579</subfield>
    <subfield code="z">(OCoLC)262881150</subfield>
    <subfield code="z">(OCoLC)423722730</subfield>
    <subfield code="z">(OCoLC)841137478</subfield>
  </datafield>
  <datafield tag="043" ind1=" " ind2=" ">
    <subfield code="a">n-us---</subfield>
  </datafield>
  <datafield tag="050" ind1=" " ind2="4">
    <subfield code="a">JK271</subfield>
    <subfield code="b">.T37  2010</subfield>
  </datafield>
  <datafield tag="082" ind1="0" ind2="4">
    <subfield code="a">320</subfield>
    <subfield code="2">22</subfield>
  </datafield>
  <datafield tag="245" ind1="0" ind2="0">
    <subfield code="a">Taking sides.</subfield>
    <subfield code="p">Clashing views on political issues /</subfield>
    <subfield code="c">selected, edited, and with introductions by George McKenna and Stanley Feingold.</subfield>
  </datafield>
  <datafield tag="246" ind1="3" ind2="0">
    <subfield code="a">Clashing views on political issues</subfield>
  </datafield>
  <datafield tag="246" ind1="3" ind2="0">
    <subfield code="a">Political issues</subfield>
  </datafield>
  <datafield tag="250" ind1=" " ind2=" ">
    <subfield code="a">16th ed., expanded.</subfield>
  </datafield>
  <datafield tag="260" ind1=" " ind2=" ">
    <subfield code="a">Boston, MA :</subfield>
    <subfield code="b">McGraw-Hill Higher Education,</subfield>
    <subfield code="c">©2010.</subfield>
  </datafield>
  <datafield tag="300" ind1=" " ind2=" ">
    <subfield code="a">xxviii, 460 pages ;</subfield>
    <subfield code="c">24 cm.</subfield>
  </datafield>
  <datafield tag="336" ind1=" " ind2=" ">
    <subfield code="a">text</subfield>
    <subfield code="b">txt</subfield>
    <subfield code="2">rdacontent</subfield>
  </datafield>
  <datafield tag="337" ind1=" " ind2=" ">
    <subfield code="a">unmediated</subfield>
    <subfield code="b">n</subfield>
    <subfield code="2">rdamedia</subfield>
  </datafield>
  <datafield tag="338" ind1=" " ind2=" ">
    <subfield code="a">volume</subfield>
    <subfield code="b">nc</subfield>
    <subfield code="2">rdacarrier</subfield>
  </datafield>
  <datafield tag="490" ind1="1" ind2=" ">
    <subfield code="a">Taking sides</subfield>
  </datafield>
  <datafield tag="504" ind1=" " ind2=" ">
    <subfield code="a">Includes bibliographical references and index.</subfield>
  </datafield>
  <datafield tag="505" ind1="0" ind2=" ">
    <subfield code="a">Democracy and the American political process: Should Americans believe in a unique American "Mission"?; Is democracy the answer to global terrorism?; Should America adopt public financing of political campaigns -- Institution of government: Does the president have unilateral war powers?; Should the courts seek the "Original Meaning" of the Constitution?; Is Congress a "broken branch"?; Should the president be allowed "Executive privilege"? -- Social change and public policy: Is homosexual conduct constitutionally protected?; Does affirmative action advance racial equality?; Should abortion be restricted?; Should the government provide national health insurance?; Is America becoming more unequal?; Does the Patriot Act abridge essential freedom?; Stopping illegal immigration, should border security come first?; Should there be a "wall of separation" between church and state? -- America and the world: Does the war in Iraq help the war against terrorism?; Is "Middle Eastern" profiling ever justified?; Is warrantless wiretapping in some cases justified to protect national security?; Must America exercise world leadership?; Should Federal taxes be increased?; Does conservatism get the world wrong?</subfield>
  </datafield>
  <datafield tag="650" ind1=" " ind2="0">
    <subfield code="a">Right and left (Political science)</subfield>
  </datafield>
  <datafield tag="651" ind1=" " ind2="0">
    <subfield code="a">United States</subfield>
    <subfield code="x">Politics and government</subfield>
    <subfield code="y">1945-1989.</subfield>
  </datafield>
  <datafield tag="651" ind1=" " ind2="0">
    <subfield code="a">United States</subfield>
    <subfield code="x">Politics and government</subfield>
    <subfield code="y">1989-1993.</subfield>
  </datafield>
  <datafield tag="651" ind1=" " ind2="0">
    <subfield code="a">United States</subfield>
    <subfield code="x">Politics and government</subfield>
    <subfield code="y">1993-2001.</subfield>
  </datafield>
  <datafield tag="651" ind1=" " ind2="0">
    <subfield code="a">United States</subfield>
    <subfield code="x">Politics and government</subfield>
    <subfield code="y">2001-2009.</subfield>
  </datafield>
  <datafield tag="650" ind1=" " ind2="0">
    <subfield code="a">Campaign funds</subfield>
    <subfield code="z">United States.</subfield>
  </datafield>
  <datafield tag="650" ind1=" " ind2="0">
    <subfield code="a">Wiretapping</subfield>
    <subfield code="z">United States.</subfield>
  </datafield>
  <datafield tag="650" ind1=" " ind2="0">
    <subfield code="a">National security</subfield>
    <subfield code="z">United States.</subfield>
  </datafield>
  <datafield tag="650" ind1=" " ind2="0">
    <subfield code="a">Racial profiling in law enforcement</subfield>
    <subfield code="z">United States.</subfield>
  </datafield>
  <datafield tag="610" ind1="1" ind2="0">
    <subfield code="a">United States.</subfield>
    <subfield code="t">Uniting and Strengthening America by Providing Appropriate Tools Required to Intercept and Obstruct Terrorism (USA PATRIOT ACT) Act of 2001.</subfield>
  </datafield>
  <datafield tag="650" ind1=" " ind2="0">
    <subfield code="a">Illegal aliens</subfield>
    <subfield code="z">United States.</subfield>
  </datafield>
  <datafield tag="650" ind1=" " ind2="0">
    <subfield code="a">Border security</subfield>
    <subfield code="z">United States.</subfield>
  </datafield>
  <datafield tag="650" ind1=" " ind2="0">
    <subfield code="a">War on Terrorism, 2001-2009.</subfield>
  </datafield>
  <datafield tag="650" ind1=" " ind2="0">
    <subfield code="a">Free trade</subfield>
    <subfield code="z">United States.</subfield>
  </datafield>
  <datafield tag="650" ind1=" " ind2="0">
    <subfield code="a">Prisoners</subfield>
    <subfield code="x">Legal status, laws, etc.</subfield>
    <subfield code="z">United States.</subfield>
  </datafield>
  <datafield tag="650" ind1=" " ind2="0">
    <subfield code="a">Church and state</subfield>
    <subfield code="z">United States.</subfield>
  </datafield>
  <datafield tag="650" ind1=" " ind2="0">
    <subfield code="a">Debates and debating.</subfield>
  </datafield>
  <datafield tag="611" ind1="2" ind2="7">
    <subfield code="a">War on Terrorism (2001-2009)</subfield>
    <subfield code="2">fast</subfield>
    <subfield code="0">(OCoLC)fst01754980</subfield>
  </datafield>
  <datafield tag="630" ind1="0" ind2="7">
    <subfield code="a">Uniting and Strengthening America by Providing Appropriate Tools Required to Intercept and Obstruct Terrorism (USA PATRIOT ACT) Act of 2001 (United States)</subfield>
    <subfield code="2">fast</subfield>
    <subfield code="0">(OCoLC)fst01396670</subfield>
  </datafield>
  <datafield tag="650" ind1=" " ind2="7">
    <subfield code="a">Border security.</subfield>
    <subfield code="2">fast</subfield>
    <subfield code="0">(OCoLC)fst01742239</subfield>
  </datafield>
  <datafield tag="650" ind1=" " ind2="7">
    <subfield code="a">Campaign funds.</subfield>
    <subfield code="2">fast</subfield>
    <subfield code="0">(OCoLC)fst00844844</subfield>
  </datafield>
  <datafield tag="650" ind1=" " ind2="7">
    <subfield code="a">Church and state.</subfield>
    <subfield code="2">fast</subfield>
    <subfield code="0">(OCoLC)fst00860509</subfield>
  </datafield>
  <datafield tag="650" ind1=" " ind2="7">
    <subfield code="a">Debates and debating.</subfield>
    <subfield code="2">fast</subfield>
    <subfield code="0">(OCoLC)fst00888743</subfield>
  </datafield>
  <datafield tag="650" ind1=" " ind2="7">
    <subfield code="a">Free trade.</subfield>
    <subfield code="2">fast</subfield>
    <subfield code="0">(OCoLC)fst00933944</subfield>
  </datafield>
  <datafield tag="650" ind1=" " ind2="7">
    <subfield code="a">Illegal aliens.</subfield>
    <subfield code="2">fast</subfield>
    <subfield code="0">(OCoLC)fst00967153</subfield>
  </datafield>
  <datafield tag="650" ind1=" " ind2="7">
    <subfield code="a">National security.</subfield>
    <subfield code="2">fast</subfield>
    <subfield code="0">(OCoLC)fst01033711</subfield>
  </datafield>
  <datafield tag="650" ind1=" " ind2="7">
    <subfield code="a">Politics and government</subfield>
    <subfield code="2">fast</subfield>
    <subfield code="0">(OCoLC)fst01919741</subfield>
  </datafield>
  <datafield tag="650" ind1=" " ind2="7">
    <subfield code="a">Prisoners</subfield>
    <subfield code="x">Legal status, laws, etc.</subfield>
    <subfield code="2">fast</subfield>
    <subfield code="0">(OCoLC)fst01077155</subfield>
  </datafield>
  <datafield tag="650" ind1=" " ind2="7">
    <subfield code="a">Racial profiling in law enforcement.</subfield>
    <subfield code="2">fast</subfield>
    <subfield code="0">(OCoLC)fst01086589</subfield>
  </datafield>
  <datafield tag="650" ind1=" " ind2="7">
    <subfield code="a">Right and left (Political science)</subfield>
    <subfield code="2">fast</subfield>
    <subfield code="0">(OCoLC)fst01097849</subfield>
  </datafield>
  <datafield tag="650" ind1=" " ind2="7">
    <subfield code="a">Wiretapping.</subfield>
    <subfield code="2">fast</subfield>
    <subfield code="0">(OCoLC)fst01176227</subfield>
  </datafield>
  <datafield tag="651" ind1=" " ind2="7">
    <subfield code="a">United States.</subfield>
    <subfield code="2">fast</subfield>
    <subfield code="0">(OCoLC)fst01204155</subfield>
  </datafield>
  <datafield tag="648" ind1=" " ind2="7">
    <subfield code="a">1945 - 2009</subfield>
    <subfield code="2">fast</subfield>
  </datafield>
  <datafield tag="700" ind1="1" ind2=" ">
    <subfield code="a">McKenna, George.</subfield>
  </datafield>
  <datafield tag="700" ind1="1" ind2=" ">
    <subfield code="a">Feingold, Stanley,</subfield>
    <subfield code="d">1926-</subfield>
  </datafield>
  <datafield tag="776" ind1="0" ind2="8">
    <subfield code="i">Online version:</subfield>
    <subfield code="t">Taking sides. Clashing views on political issues.</subfield>
    <subfield code="b">16th ed., expanded.</subfield>
    <subfield code="d">Boston, MA : McGraw-Hill Higher Education, ©2010</subfield>
    <subfield code="w">(OCoLC)761962392</subfield>
  </datafield>
  <datafield tag="830" ind1=" " ind2="0">
    <subfield code="a">Taking sides.</subfield>
  </datafield>
  
  
  
  
  
  
  
</record>