<record xmlns="http://www.loc.gov/MARC21/slim" xmlns:zs="http://docs.oasis-open.org/ns/search-ws/sruResponse">
  <leader>03449cam a2200865Mi 4500</leader>
  <controlfield tag="001">ocn611327908</controlfield>
  <controlfield tag="003">OCoLC</controlfield>
  <controlfield tag="005">20160312213911.0</controlfield>
  <controlfield tag="008">041025s2005    xxka     b    001 0 eng d</controlfield>
  <datafield tag="010" ind1=" " ind2=" ">
    <subfield code="a">  2004061051</subfield>
  </datafield>
  <datafield tag="040" ind1=" " ind2=" ">
    <subfield code="a">SzZUIDS</subfield>
    <subfield code="b">ger</subfield>
    <subfield code="c">CHVBK</subfield>
    <subfield code="d">OCLCQ</subfield>
    <subfield code="d">GBVCP</subfield>
    <subfield code="d">OCLCO</subfield>
    <subfield code="d">OCLCQ</subfield>
    <subfield code="d">OCLCO</subfield>
  </datafield>
  <datafield tag="016" ind1="7" ind2=" ">
    <subfield code="a">013-04645</subfield>
    <subfield code="2">uk</subfield>
  </datafield>
  <datafield tag="020" ind1=" " ind2=" ">
    <subfield code="a">1403943656</subfield>
  </datafield>
  <datafield tag="020" ind1=" " ind2=" ">
    <subfield code="a">9781403943651</subfield>
  </datafield>
  <datafield tag="020" ind1=" " ind2=" ">
    <subfield code="z">1403943656</subfield>
  </datafield>
  <datafield tag="035" ind1=" " ind2=" ">
    <subfield code="a">(OCoLC)611327908</subfield>
  </datafield>
  <datafield tag="050" ind1=" " ind2=" ">
    <subfield code="a">JV6217</subfield>
    <subfield code="b">.P68 2005</subfield>
  </datafield>
  <datafield tag="082" ind1="0" ind2=" ">
    <subfield code="a">304.8</subfield>
  </datafield>
  <datafield tag="084" ind1=" " ind2=" ">
    <subfield code="a">71.52</subfield>
    <subfield code="2">bcl</subfield>
  </datafield>
  <datafield tag="084" ind1=" " ind2=" ">
    <subfield code="a">74.80</subfield>
    <subfield code="2">bcl</subfield>
  </datafield>
  <datafield tag="084" ind1=" " ind2=" ">
    <subfield code="a">89.59</subfield>
    <subfield code="2">bcl</subfield>
  </datafield>
  <datafield tag="084" ind1=" " ind2=" ">
    <subfield code="a">MS 3600</subfield>
    <subfield code="2">rvk</subfield>
  </datafield>
  <datafield tag="084" ind1=" " ind2=" ">
    <subfield code="a">QU 400</subfield>
    <subfield code="2">rvk</subfield>
  </datafield>
  <datafield tag="245" ind1="0" ind2="0">
    <subfield code="a">Poverty, international migration and asylum /</subfield>
    <subfield code="c">ed. by George J. Borjas and Jeff Crisp.</subfield>
  </datafield>
  <datafield tag="260" ind1=" " ind2=" ">
    <subfield code="a">Hampshire :</subfield>
    <subfield code="b">Palgrave Macmillan,</subfield>
    <subfield code="c">2005.</subfield>
  </datafield>
  <datafield tag="300" ind1=" " ind2=" ">
    <subfield code="a">xix, 445 p :</subfield>
    <subfield code="b">Ill.</subfield>
  </datafield>
  <datafield tag="490" ind1="0" ind2=" ">
    <subfield code="a">Studies in development economics and policy</subfield>
  </datafield>
  <datafield tag="500" ind1=" " ind2=" ">
    <subfield code="a">Includes many of the studies presented at a UNU-WIDER sponsored conference held in Helsinki in September 2002.</subfield>
  </datafield>
  <datafield tag="504" ind1=" " ind2=" ">
    <subfield code="a">Includes bibliographical references and index.</subfield>
  </datafield>
  <datafield tag="650" ind1=" " ind2="0">
    <subfield code="a">Emigration and immigration</subfield>
    <subfield code="x">Economic aspects</subfield>
    <subfield code="v">Congresses.</subfield>
  </datafield>
  <datafield tag="650" ind1=" " ind2="0">
    <subfield code="a">Asylum, Right of</subfield>
    <subfield code="x">Economic aspects</subfield>
    <subfield code="v">Congresses.</subfield>
  </datafield>
  <datafield tag="650" ind1=" " ind2="0">
    <subfield code="a">Illegal aliens</subfield>
    <subfield code="x">Economic aspects</subfield>
    <subfield code="v">Congresses.</subfield>
  </datafield>
  <datafield tag="650" ind1=" " ind2="0">
    <subfield code="a">Foreign workers</subfield>
    <subfield code="x">Economic aspects</subfield>
    <subfield code="v">Congresses.</subfield>
  </datafield>
  <datafield tag="650" ind1=" " ind2="0">
    <subfield code="a">Immigrants</subfield>
    <subfield code="x">Economic conditions</subfield>
    <subfield code="v">Congresses.</subfield>
  </datafield>
  <datafield tag="650" ind1=" " ind2="7">
    <subfield code="a">Asylpolitik.</subfield>
    <subfield code="0">(DE-588)4199676-8</subfield>
    <subfield code="2">gnd</subfield>
  </datafield>
  <datafield tag="650" ind1=" " ind2="7">
    <subfield code="a">Einwanderung.</subfield>
    <subfield code="0">(DE-588)4013960-8</subfield>
    <subfield code="2">gnd</subfield>
  </datafield>
  <datafield tag="650" ind1=" " ind2="7">
    <subfield code="a">Internationaler Vergleich.</subfield>
    <subfield code="0">(DE-588)4120509-1</subfield>
    <subfield code="2">gnd</subfield>
  </datafield>
  <datafield tag="651" ind1=" " ind2="7">
    <subfield code="a">Industriestaaten.</subfield>
    <subfield code="0">(DE-588)4026840-8</subfield>
    <subfield code="2">gnd</subfield>
  </datafield>
  <datafield tag="650" ind1=" " ind2="7">
    <subfield code="a">Einwanderung</subfield>
    <subfield code="x">Wirtschaft</subfield>
    <subfield code="v">Kongress (Helsinki, 2002)</subfield>
    <subfield code="2">idszbz</subfield>
  </datafield>
  <datafield tag="611" ind1="2" ind2="7">
    <subfield code="a">Kongress</subfield>
    <subfield code="c">Helsinki</subfield>
    <subfield code="d">2002.</subfield>
    <subfield code="2">swd</subfield>
  </datafield>
  <datafield tag="650" ind1=" " ind2="7">
    <subfield code="a">Ausländerrecht.</subfield>
    <subfield code="2">swd</subfield>
  </datafield>
  <datafield tag="650" ind1=" " ind2="7">
    <subfield code="a">Asylrecht.</subfield>
    <subfield code="2">swd</subfield>
  </datafield>
  <datafield tag="650" ind1=" " ind2="7">
    <subfield code="a">Internationale Migration.</subfield>
    <subfield code="2">swd</subfield>
  </datafield>
  <datafield tag="650" ind1=" " ind2="7">
    <subfield code="a">Internationale Politik.</subfield>
    <subfield code="2">swd</subfield>
  </datafield>
  <datafield tag="650" ind1=" " ind2="7">
    <subfield code="a">Asylpolitik.</subfield>
    <subfield code="2">swd</subfield>
  </datafield>
  <datafield tag="650" ind1=" " ind2="7">
    <subfield code="a">Einwanderung.</subfield>
    <subfield code="2">swd</subfield>
  </datafield>
  <datafield tag="650" ind1=" " ind2="7">
    <subfield code="a">Internationaler Vergleich.</subfield>
    <subfield code="2">swd</subfield>
  </datafield>
  <datafield tag="651" ind1=" " ind2="7">
    <subfield code="a">Entwicklungsländer.</subfield>
    <subfield code="2">swd</subfield>
  </datafield>
  <datafield tag="650" ind1=" " ind2="7">
    <subfield code="a">Internationale Wanderung</subfield>
    <subfield code="0">(DE-601)091368448</subfield>
    <subfield code="0">(DE-STW)15954-1</subfield>
    <subfield code="2">stw</subfield>
  </datafield>
  <datafield tag="650" ind1=" " ind2="7">
    <subfield code="a">Einwanderung</subfield>
    <subfield code="0">(DE-601)091356253</subfield>
    <subfield code="0">(DE-STW)15952-5</subfield>
    <subfield code="2">stw</subfield>
  </datafield>
  <datafield tag="650" ind1=" " ind2="7">
    <subfield code="a">Migrationspolitik</subfield>
    <subfield code="0">(DE-601)091377722</subfield>
    <subfield code="0">(DE-STW)16486-3</subfield>
    <subfield code="2">stw</subfield>
  </datafield>
  <datafield tag="650" ind1=" " ind2="7">
    <subfield code="a">Flüchtlinge</subfield>
    <subfield code="0">(DE-601)091360528</subfield>
    <subfield code="0">(DE-STW)15919-3</subfield>
    <subfield code="2">stw</subfield>
  </datafield>
  <datafield tag="650" ind1=" " ind2="7">
    <subfield code="a">Welt</subfield>
    <subfield code="0">(DE-601)09140004X</subfield>
    <subfield code="0">(DE-STW)16809-5</subfield>
    <subfield code="2">stw</subfield>
  </datafield>
  <datafield tag="650" ind1=" " ind2="7">
    <subfield code="a">Illegale Einwanderung</subfield>
    <subfield code="0">(DE-601)091366593</subfield>
    <subfield code="0">(DE-STW)19640-4</subfield>
    <subfield code="2">stw</subfield>
  </datafield>
  <datafield tag="653" ind1=" " ind2="0">
    <subfield code="a">Asylum, Right of</subfield>
    <subfield code="a">Economic aspects</subfield>
    <subfield code="a">Congresses</subfield>
  </datafield>
  <datafield tag="653" ind1=" " ind2="0">
    <subfield code="a">Emigration and immigration</subfield>
    <subfield code="a">Economic aspects</subfield>
    <subfield code="a">Congresses</subfield>
  </datafield>
  <datafield tag="653" ind1=" " ind2="0">
    <subfield code="a">Illegal aliens</subfield>
    <subfield code="a">Economic aspects</subfield>
    <subfield code="a">Congresses</subfield>
  </datafield>
  <datafield tag="653" ind1=" " ind2="0">
    <subfield code="a">Immigrants</subfield>
    <subfield code="a">Economic conditions</subfield>
    <subfield code="a">Congresses</subfield>
  </datafield>
  <datafield tag="655" ind1=" " ind2="4">
    <subfield code="a">Kongress (Helsinki ; 2002)</subfield>
    <subfield code="x">Formschlagwort.</subfield>
  </datafield>
  <datafield tag="655" ind1=" " ind2="7">
    <subfield code="a">Aufsatzsammlung.</subfield>
    <subfield code="2">swd</subfield>
  </datafield>
  <datafield tag="700" ind1="1" ind2=" ">
    <subfield code="a">Borjas, George J.</subfield>
  </datafield>
  <datafield tag="710" ind1="2" ind2=" ">
    <subfield code="a">World Institute for Development Economics Research (Helsinki)</subfield>
  </datafield>
  <datafield tag="856" ind1="4" ind2="1">
    <subfield code="u">http://aleph.unisg.ch/hsgscan/hm00163047.pdf</subfield>
    <subfield code="z">download (pdf)</subfield>
    <subfield code="3">Inhaltsverzeichnis</subfield>
  </datafield>
  
  
  
  
  
  
  
  
  
  
  
  
</record>