<record xmlns="http://www.loc.gov/MARC21/slim" xmlns:zs="http://docs.oasis-open.org/ns/search-ws/sruResponse">
  <leader>02363cim a2200553Ka 4500</leader>
  <controlfield tag="001">ocn182730953</controlfield>
  <controlfield tag="003">OCoLC</controlfield>
  <controlfield tag="005">20160312213934.0</controlfield>
  <controlfield tag="008">071129s2007    orunnnn        f  n spa d</controlfield>
  <controlfield tag="006">m        h        </controlfield>
  <controlfield tag="007">sd uungnn|||zu</controlfield>
  <controlfield tag="007">co nga||||||||</controlfield>
  <datafield tag="040" ind1=" " ind2=" ">
    <subfield code="a">BTCTA</subfield>
    <subfield code="b">eng</subfield>
    <subfield code="c">BTCTA</subfield>
    <subfield code="d">BAKER</subfield>
    <subfield code="d">BLACP</subfield>
    <subfield code="d">OCLCQ</subfield>
    <subfield code="d">OCLCO</subfield>
    <subfield code="d">BDX</subfield>
    <subfield code="d">OCLCA</subfield>
  </datafield>
  <datafield tag="020" ind1=" " ind2=" ">
    <subfield code="a">9781433213083 :</subfield>
    <subfield code="c">$29.95</subfield>
  </datafield>
  <datafield tag="020" ind1=" " ind2=" ">
    <subfield code="a">1433213087 :</subfield>
    <subfield code="c">$29.95</subfield>
  </datafield>
  <datafield tag="028" ind1="0" ind2="2">
    <subfield code="a">ZM 4675</subfield>
    <subfield code="b">Blackstone Audiobooks</subfield>
  </datafield>
  <datafield tag="035" ind1=" " ind2=" ">
    <subfield code="a">(OCoLC)182730953</subfield>
  </datafield>
  <datafield tag="037" ind1=" " ind2=" ">
    <subfield code="b">Blackstone Audiobooks</subfield>
    <subfield code="n">http://www.blackstoneaudio.com</subfield>
  </datafield>
  <datafield tag="041" ind1="1" ind2=" ">
    <subfield code="d">spa</subfield>
    <subfield code="h">eng</subfield>
  </datafield>
  <datafield tag="043" ind1=" " ind2=" ">
    <subfield code="a">n-us-ca</subfield>
  </datafield>
  <datafield tag="050" ind1="1" ind2="4">
    <subfield code="a">PS3552.O932</subfield>
    <subfield code="b">T6718 2007ab</subfield>
  </datafield>
  <datafield tag="082" ind1="0" ind2="4">
    <subfield code="a">813/.54</subfield>
    <subfield code="2">22</subfield>
  </datafield>
  <datafield tag="100" ind1="1" ind2=" ">
    <subfield code="a">Boyle, T. Coraghessan.</subfield>
  </datafield>
  <datafield tag="240" ind1="1" ind2="0">
    <subfield code="a">Tortilla curtain.</subfield>
    <subfield code="l">Spanish</subfield>
  </datafield>
  <datafield tag="245" ind1="1" ind2="0">
    <subfield code="a">América</subfield>
    <subfield code="h">[sound recording] /</subfield>
    <subfield code="c">T. Coraghessan Boyle.</subfield>
  </datafield>
  <datafield tag="250" ind1=" " ind2=" ">
    <subfield code="a">Library ed.</subfield>
  </datafield>
  <datafield tag="260" ind1=" " ind2=" ">
    <subfield code="a">Ashland, Or. :</subfield>
    <subfield code="b">Blackstone Audiobooks,</subfield>
    <subfield code="c">2007.</subfield>
  </datafield>
  <datafield tag="300" ind1=" " ind2=" ">
    <subfield code="a">1 sound disc :</subfield>
    <subfield code="b">digital ;</subfield>
    <subfield code="c">4 3/4 in.</subfield>
  </datafield>
  <datafield tag="511" ind1="0" ind2=" ">
    <subfield code="a">Read by Sergio Gutierrez.</subfield>
  </datafield>
  <datafield tag="500" ind1=" " ind2=" ">
    <subfield code="a">Unabridged.</subfield>
  </datafield>
  <datafield tag="538" ind1=" " ind2=" ">
    <subfield code="a">Compact disc, MP3 format.</subfield>
  </datafield>
  <datafield tag="538" ind1=" " ind2=" ">
    <subfield code="a">System requirements: CD/MP3 player or PC with MP3-capable software.</subfield>
  </datafield>
  <datafield tag="520" ind1=" " ind2=" ">
    <subfield code="a">The story of illegal aliens in California, told through the eyes of two very different couples, one well-off Anglos, the other illegal Mexicans living in a canyon. The novel chronicles their relationship against the background of growing hostility between immigrants and natives. By the author of East Is East.</subfield>
  </datafield>
  <datafield tag="651" ind1=" " ind2="0">
    <subfield code="a">Los Angeles (Calif.)</subfield>
    <subfield code="x">Ethnic relations</subfield>
    <subfield code="v">Fiction.</subfield>
  </datafield>
  <datafield tag="650" ind1=" " ind2="0">
    <subfield code="a">Married people</subfield>
    <subfield code="z">California</subfield>
    <subfield code="z">Los Angeles</subfield>
    <subfield code="v">Fiction.</subfield>
  </datafield>
  <datafield tag="650" ind1=" " ind2="0">
    <subfield code="a">Illegal aliens</subfield>
    <subfield code="z">California</subfield>
    <subfield code="z">Los Angeles</subfield>
    <subfield code="v">Fiction.</subfield>
  </datafield>
  <datafield tag="650" ind1=" " ind2="0">
    <subfield code="a">Mexicans</subfield>
    <subfield code="z">California</subfield>
    <subfield code="z">Los Angeles</subfield>
    <subfield code="v">Fiction.</subfield>
  </datafield>
  <datafield tag="651" ind1=" " ind2="7">
    <subfield code="a">Los Angeles (Calif.)</subfield>
    <subfield code="x">Relaciones étnicas</subfield>
    <subfield code="v">Novela.</subfield>
    <subfield code="2">bidex</subfield>
  </datafield>
  <datafield tag="650" ind1=" " ind2="7">
    <subfield code="a">Personas casadas</subfield>
    <subfield code="z">California</subfield>
    <subfield code="z">Los Angeles</subfield>
    <subfield code="v">Novela.</subfield>
    <subfield code="2">bidex</subfield>
  </datafield>
  <datafield tag="650" ind1=" " ind2="7">
    <subfield code="a">Mexicanos</subfield>
    <subfield code="z">California</subfield>
    <subfield code="z">Los Angeles</subfield>
    <subfield code="v">Novela.</subfield>
    <subfield code="2">bidex</subfield>
  </datafield>
  <datafield tag="655" ind1=" " ind2="0">
    <subfield code="a">Domestic fiction.</subfield>
  </datafield>
  <datafield tag="655" ind1=" " ind2="7">
    <subfield code="a">Audiobooks.</subfield>
    <subfield code="2">lcgft</subfield>
  </datafield>
  <datafield tag="700" ind1="1" ind2=" ">
    <subfield code="a">Gutierrez, Sergio.</subfield>
  </datafield>
  
  
  
  
  
  
</record>