<record xmlns="http://www.loc.gov/MARC21/slim" xmlns:zs="http://docs.oasis-open.org/ns/search-ws/sruResponse">
  <leader>06550cam a22012254a 4500</leader>
  <controlfield tag="001">ocm41266307 </controlfield>
  <controlfield tag="003">OCoLC</controlfield>
  <controlfield tag="005">20160312213732.0</controlfield>
  <controlfield tag="008">990416s1999    enka     b    001 0 eng  </controlfield>
  <datafield tag="010" ind1=" " ind2=" ">
    <subfield code="a">   99030821 </subfield>
  </datafield>
  <datafield tag="040" ind1=" " ind2=" ">
    <subfield code="a">DLC</subfield>
    <subfield code="b">eng</subfield>
    <subfield code="c">DLC</subfield>
    <subfield code="d">UKM</subfield>
    <subfield code="d">BAKER</subfield>
    <subfield code="d">NLGGC</subfield>
    <subfield code="d">IG#</subfield>
    <subfield code="d">BTCTA</subfield>
    <subfield code="d">YDXCP</subfield>
    <subfield code="d">OCLNG</subfield>
    <subfield code="d">HEBIS</subfield>
    <subfield code="d">ZWZ</subfield>
    <subfield code="d">UKMGB</subfield>
    <subfield code="d">BDX</subfield>
    <subfield code="d">OCLCF</subfield>
    <subfield code="d">OCLCO</subfield>
    <subfield code="d">OCLCQ</subfield>
    <subfield code="d">CUS</subfield>
    <subfield code="d">NAM</subfield>
    <subfield code="d">DEBBG</subfield>
  </datafield>
  <datafield tag="015" ind1=" " ind2=" ">
    <subfield code="a">GB99Y3315</subfield>
    <subfield code="2">bnb</subfield>
  </datafield>
  <datafield tag="015" ind1=" " ind2=" ">
    <subfield code="a">GB9962081</subfield>
    <subfield code="2">bnb</subfield>
  </datafield>
  <datafield tag="016" ind1="7" ind2=" ">
    <subfield code="a">008085628</subfield>
    <subfield code="2">Uk</subfield>
  </datafield>
  <datafield tag="019" ind1=" " ind2=" ">
    <subfield code="a">41157928</subfield>
    <subfield code="a">42309176</subfield>
    <subfield code="a">824509728</subfield>
  </datafield>
  <datafield tag="020" ind1=" " ind2=" ">
    <subfield code="a">0714649252</subfield>
    <subfield code="q">(alk. paper)</subfield>
  </datafield>
  <datafield tag="020" ind1=" " ind2=" ">
    <subfield code="a">9780714649252</subfield>
    <subfield code="q">(alk. paper)</subfield>
  </datafield>
  <datafield tag="020" ind1=" " ind2=" ">
    <subfield code="a">0714644846</subfield>
    <subfield code="q">(pbk. : alk. paper)</subfield>
  </datafield>
  <datafield tag="020" ind1=" " ind2=" ">
    <subfield code="a">9780714644844</subfield>
    <subfield code="q">(pbk. : alk. paper)</subfield>
  </datafield>
  <datafield tag="035" ind1=" " ind2=" ">
    <subfield code="a">(OCoLC)41266307</subfield>
    <subfield code="z">(OCoLC)41157928</subfield>
    <subfield code="z">(OCoLC)42309176</subfield>
    <subfield code="z">(OCoLC)824509728</subfield>
  </datafield>
  <datafield tag="042" ind1=" " ind2=" ">
    <subfield code="a">pcc</subfield>
  </datafield>
  <datafield tag="043" ind1=" " ind2=" ">
    <subfield code="a">es-----</subfield>
  </datafield>
  <datafield tag="050" ind1="0" ind2="0">
    <subfield code="a">JV7590</subfield>
    <subfield code="b">.I463 1999</subfield>
  </datafield>
  <datafield tag="082" ind1="0" ind2="0">
    <subfield code="a">331.6/2/094</subfield>
    <subfield code="2">21</subfield>
  </datafield>
  <datafield tag="084" ind1=" " ind2=" ">
    <subfield code="a">71.63</subfield>
    <subfield code="2">bcl</subfield>
  </datafield>
  <datafield tag="084" ind1=" " ind2=" ">
    <subfield code="a">MG 60968</subfield>
    <subfield code="2">rvk</subfield>
  </datafield>
  <datafield tag="084" ind1=" " ind2=" ">
    <subfield code="a">MS 3600</subfield>
    <subfield code="2">rvk</subfield>
  </datafield>
  <datafield tag="245" ind1="0" ind2="0">
    <subfield code="a">Immigrants and the informal economy in Southern Europe /</subfield>
    <subfield code="c">editors, Martin Baldwin-Edwards, Joaquin Arango.</subfield>
  </datafield>
  <datafield tag="260" ind1=" " ind2=" ">
    <subfield code="a">London ;</subfield>
    <subfield code="a">Portland, OR :</subfield>
    <subfield code="b">Frank Cass,</subfield>
    <subfield code="c">1999.</subfield>
  </datafield>
  <datafield tag="300" ind1=" " ind2=" ">
    <subfield code="a">272 pages :</subfield>
    <subfield code="b">illustrations ;</subfield>
    <subfield code="c">23 cm</subfield>
  </datafield>
  <datafield tag="336" ind1=" " ind2=" ">
    <subfield code="a">text</subfield>
    <subfield code="b">txt</subfield>
    <subfield code="2">rdacontent</subfield>
  </datafield>
  <datafield tag="337" ind1=" " ind2=" ">
    <subfield code="a">unmediated</subfield>
    <subfield code="b">n</subfield>
    <subfield code="2">rdamedia</subfield>
  </datafield>
  <datafield tag="338" ind1=" " ind2=" ">
    <subfield code="a">volume</subfield>
    <subfield code="b">nc</subfield>
    <subfield code="2">rdacarrier</subfield>
  </datafield>
  <datafield tag="490" ind1="1" ind2=" ">
    <subfield code="a">South European society &amp; politics ;</subfield>
    <subfield code="v">v. 3, no. 3</subfield>
  </datafield>
  <datafield tag="500" ind1=" " ind2=" ">
    <subfield code="a">"This group of studies first appeared in a special issue ... of South European Society &amp; Politics, 3/3 (Winter 1998)"--Title page verso.</subfield>
  </datafield>
  <datafield tag="504" ind1=" " ind2=" ">
    <subfield code="a">Includes bibliographical references and index.</subfield>
  </datafield>
  <datafield tag="505" ind1="0" ind2=" ">
    <subfield code="a">Where Free Markets Reign: Aliens in the Twilight Zone / Martin Baldwin-Edwards -- A Survey of the Economics of Illegal Migration / Andreas Jahn and Thomas Straubhaar -- Illegality, Enlightenment and Ambiguity: A Hot Italian Recipe / Giovanna Zincone -- The Mass Legalization of Migrants in Italy: Permanent or Temporary Emergence from the Underground Economy? / Emilio Reyneri -- Immigrants in the Spanish Labour Market / Ubaldo Martinez Veiga -- Italian and Spanish Labour Leaders' Unconventional Immigration Policy Preferences / Julie R. Watts -- Multicultural Insertions in a Small Economy: Portugal's Immigrant Communities / David Corkill and Martin Eaton -- Immigration, Clandestine Work and Labour Market Strategies: the Construction Sector in the Metropolitan Region of Lisbon / Jorge Macaista Malheiros -- Greece: the Contours of a Fragmented Policy Response / Martin Baldwin-Edwards and Rossetos Fakiolas -- Socio-Spatial Dynamics and Exclusion of Three Immigrant Groups in the Athens Conurbation / Theodoros Iosifides and Russell King -- Trafficking for Sexual Exploitation and the Sex Business in the New Context of International Migration: the Case of Italy / Giovanna Campani.</subfield>
  </datafield>
  <datafield tag="651" ind1=" " ind2="0">
    <subfield code="a">Europe, Southern</subfield>
    <subfield code="x">Emigration and immigration</subfield>
    <subfield code="x">Economic aspects.</subfield>
  </datafield>
  <datafield tag="651" ind1=" " ind2="0">
    <subfield code="a">Europe, Southern</subfield>
    <subfield code="x">Emigration and immigration</subfield>
    <subfield code="x">Government policy.</subfield>
  </datafield>
  <datafield tag="650" ind1=" " ind2="0">
    <subfield code="a">Immigrants</subfield>
    <subfield code="z">Europe, Southern.</subfield>
  </datafield>
  <datafield tag="650" ind1=" " ind2="0">
    <subfield code="a">Foreign workers</subfield>
    <subfield code="z">Europe, Southern.</subfield>
  </datafield>
  <datafield tag="650" ind1=" " ind2="0">
    <subfield code="a">Illegal aliens</subfield>
    <subfield code="z">Europe, Southern.</subfield>
  </datafield>
  <datafield tag="650" ind1=" " ind2="0">
    <subfield code="a">Informal sector (Economics)</subfield>
    <subfield code="z">Europe, Southern.</subfield>
  </datafield>
  <datafield tag="650" ind1=" " ind2="7">
    <subfield code="a">Emigration and immigration</subfield>
    <subfield code="x">Economic aspects.</subfield>
    <subfield code="2">fast</subfield>
    <subfield code="0">(OCoLC)fst00908694</subfield>
  </datafield>
  <datafield tag="650" ind1=" " ind2="7">
    <subfield code="a">Emigration and immigration</subfield>
    <subfield code="x">Government policy.</subfield>
    <subfield code="2">fast</subfield>
    <subfield code="0">(OCoLC)fst00908700</subfield>
  </datafield>
  <datafield tag="650" ind1=" " ind2="7">
    <subfield code="a">Foreign workers.</subfield>
    <subfield code="2">fast</subfield>
    <subfield code="0">(OCoLC)fst01729099</subfield>
  </datafield>
  <datafield tag="650" ind1=" " ind2="7">
    <subfield code="a">Illegal aliens.</subfield>
    <subfield code="2">fast</subfield>
    <subfield code="0">(OCoLC)fst00967153</subfield>
  </datafield>
  <datafield tag="650" ind1=" " ind2="7">
    <subfield code="a">Immigrants.</subfield>
    <subfield code="2">fast</subfield>
    <subfield code="0">(OCoLC)fst00967712</subfield>
  </datafield>
  <datafield tag="650" ind1=" " ind2="7">
    <subfield code="a">Informal sector (Economics)</subfield>
    <subfield code="2">fast</subfield>
    <subfield code="0">(OCoLC)fst00972518</subfield>
  </datafield>
  <datafield tag="651" ind1=" " ind2="7">
    <subfield code="a">Europe, Southern.</subfield>
    <subfield code="2">fast</subfield>
    <subfield code="0">(OCoLC)fst01245082</subfield>
  </datafield>
  <datafield tag="650" ind1="1" ind2="7">
    <subfield code="a">Migratie (demografie)</subfield>
    <subfield code="2">gtt</subfield>
  </datafield>
  <datafield tag="650" ind1="1" ind2="7">
    <subfield code="a">Illegale buitenlanders.</subfield>
    <subfield code="2">gtt</subfield>
  </datafield>
  <datafield tag="650" ind1="1" ind2="7">
    <subfield code="a">Informele arbeid.</subfield>
    <subfield code="2">gtt</subfield>
  </datafield>
  <datafield tag="650" ind1="1" ind2="7">
    <subfield code="a">Informele economie.</subfield>
    <subfield code="2">gtt</subfield>
  </datafield>
  <datafield tag="650" ind1=" " ind2="7">
    <subfield code="a">Immigrés clandestins</subfield>
    <subfield code="x">Travail</subfield>
    <subfield code="z">Europe du Sud.</subfield>
    <subfield code="2">ram</subfield>
  </datafield>
  <datafield tag="650" ind1=" " ind2="7">
    <subfield code="a">Économie souterraine</subfield>
    <subfield code="z">Europe du Sud.</subfield>
    <subfield code="2">ram</subfield>
  </datafield>
  <datafield tag="651" ind1=" " ind2="7">
    <subfield code="a">Europe du Sud</subfield>
    <subfield code="x">Émigration et immigration</subfield>
    <subfield code="x">Aspect économique.</subfield>
    <subfield code="2">ram</subfield>
  </datafield>
  <datafield tag="651" ind1=" " ind2="7">
    <subfield code="a">Europe du Sud</subfield>
    <subfield code="x">Émigration et immigration</subfield>
    <subfield code="x">Politique publique.</subfield>
    <subfield code="2">ram</subfield>
  </datafield>
  <datafield tag="650" ind1="0" ind2="7">
    <subfield code="a">Illegaler Einwanderer.</subfield>
    <subfield code="2">swd</subfield>
  </datafield>
  <datafield tag="650" ind1="0" ind2="7">
    <subfield code="a">Beschäftigung.</subfield>
    <subfield code="2">swd</subfield>
  </datafield>
  <datafield tag="650" ind1="0" ind2="7">
    <subfield code="a">Schattenwirtschaft.</subfield>
    <subfield code="2">swd</subfield>
  </datafield>
  <datafield tag="650" ind1="0" ind2="7">
    <subfield code="a">Einwanderungspolitik.</subfield>
    <subfield code="2">swd</subfield>
  </datafield>
  <datafield tag="650" ind1="0" ind2="7">
    <subfield code="a">Arbeitsmarktpolitik.</subfield>
    <subfield code="2">swd</subfield>
  </datafield>
  <datafield tag="651" ind1=" " ind2="7">
    <subfield code="a">Südeuropa.</subfield>
    <subfield code="2">swd</subfield>
  </datafield>
  <datafield tag="650" ind1="0" ind2="7">
    <subfield code="a">Arbeitnehmer.</subfield>
    <subfield code="0">(DE-588)4002623-1</subfield>
    <subfield code="2">gnd</subfield>
  </datafield>
  <datafield tag="650" ind1="0" ind2="7">
    <subfield code="a">Arbeitsmarktpolitik.</subfield>
    <subfield code="0">(DE-588)4002737-5</subfield>
    <subfield code="2">gnd</subfield>
  </datafield>
  <datafield tag="650" ind1="0" ind2="7">
    <subfield code="a">Beschäftigung.</subfield>
    <subfield code="0">(DE-588)4005979-0</subfield>
    <subfield code="2">gnd</subfield>
  </datafield>
  <datafield tag="650" ind1="0" ind2="7">
    <subfield code="a">Einwanderung.</subfield>
    <subfield code="0">(DE-588)4013960-8</subfield>
    <subfield code="2">gnd</subfield>
  </datafield>
  <datafield tag="650" ind1="0" ind2="7">
    <subfield code="a">Einwanderungspolitik.</subfield>
    <subfield code="0">(DE-588)4198721-4</subfield>
    <subfield code="2">gnd</subfield>
  </datafield>
  <datafield tag="650" ind1="0" ind2="7">
    <subfield code="a">Illegale Beschäftigung.</subfield>
    <subfield code="0">(DE-588)4248626-9</subfield>
    <subfield code="2">gnd</subfield>
  </datafield>
  <datafield tag="650" ind1="0" ind2="7">
    <subfield code="a">Illegaler Einwanderer.</subfield>
    <subfield code="0">(DE-588)4288466-4</subfield>
    <subfield code="2">gnd</subfield>
  </datafield>
  <datafield tag="650" ind1="0" ind2="7">
    <subfield code="a">Schattenwirtschaft.</subfield>
    <subfield code="0">(DE-588)4052105-9</subfield>
    <subfield code="2">gnd</subfield>
  </datafield>
  <datafield tag="651" ind1=" " ind2="7">
    <subfield code="a">Südeuropa.</subfield>
    <subfield code="0">(DE-588)4078023-5</subfield>
    <subfield code="2">gnd</subfield>
  </datafield>
  <datafield tag="655" ind1=" " ind2="4">
    <subfield code="a">Aufsatzsammlung.</subfield>
  </datafield>
  <datafield tag="700" ind1="1" ind2=" ">
    <subfield code="a">Baldwin-Edwards, Martin,</subfield>
    <subfield code="d">1956-</subfield>
  </datafield>
  <datafield tag="700" ind1="1" ind2=" ">
    <subfield code="a">Arango, Joaquín.</subfield>
  </datafield>
  <datafield tag="830" ind1=" " ind2="0">
    <subfield code="a">South European society &amp; politics ;</subfield>
    <subfield code="v">v. 3, no. 3.</subfield>
  </datafield>
  <datafield tag="856" ind1="4" ind2="2">
    <subfield code="3">Publisher description</subfield>
    <subfield code="u">http://catdir.loc.gov/catdir/enhancements/fy0652/99030821-d.html</subfield>
  </datafield>
  
  
  
  
  
  
  
  
  
  
  
  
  
  
  
  
  
  
  
  
  
  
  
  
  
  
  
</record>