<record xmlns="http://www.loc.gov/MARC21/slim" xmlns:zs="http://docs.oasis-open.org/ns/search-ws/sruResponse">
  <leader>01962cam a2200493K  4500</leader>
  <controlfield tag="001">ocm39040523 </controlfield>
  <controlfield tag="003">OCoLC</controlfield>
  <controlfield tag="005">20160312213924.0</controlfield>
  <controlfield tag="008">980430s1890    ne       m    000 0 dut d</controlfield>
  <datafield tag="040" ind1=" " ind2=" ">
    <subfield code="a">NYP</subfield>
    <subfield code="b">eng</subfield>
    <subfield code="c">NYP</subfield>
    <subfield code="d">OCL</subfield>
    <subfield code="d">OCLCQ</subfield>
    <subfield code="d">CLU</subfield>
    <subfield code="d">ZCL</subfield>
    <subfield code="d">OCLCQ</subfield>
    <subfield code="d">OCLCO</subfield>
    <subfield code="d">OCLCF</subfield>
    <subfield code="d">OCLCQ</subfield>
    <subfield code="d">OCLCO</subfield>
  </datafield>
  <datafield tag="019" ind1=" " ind2=" ">
    <subfield code="a">183883676</subfield>
  </datafield>
  <datafield tag="035" ind1=" " ind2=" ">
    <subfield code="a">(OCoLC)39040523</subfield>
    <subfield code="z">(OCoLC)183883676</subfield>
  </datafield>
  <datafield tag="043" ind1=" " ind2=" ">
    <subfield code="a">a-io---</subfield>
  </datafield>
  <datafield tag="050" ind1="1" ind2="4">
    <subfield code="a">JQ777.A2</subfield>
    <subfield code="b">Z67 1890</subfield>
  </datafield>
  <datafield tag="100" ind1="1" ind2=" ">
    <subfield code="a">Zorab, Eleazar.</subfield>
  </datafield>
  <datafield tag="245" ind1="1" ind2="3">
    <subfield code="a">De publiekrechtelijke toestand der vreemde Oosterlingen in Nederlandsch Oost-Indie ...</subfield>
    <subfield code="c">door Eleazar Zorab ...</subfield>
  </datafield>
  <datafield tag="260" ind1=" " ind2=" ">
    <subfield code="a">Leiden,</subfield>
    <subfield code="b">E. Ijdo,</subfield>
    <subfield code="c">1890.</subfield>
  </datafield>
  <datafield tag="300" ind1=" " ind2=" ">
    <subfield code="a">182 pages</subfield>
    <subfield code="c">8vo</subfield>
  </datafield>
  <datafield tag="336" ind1=" " ind2=" ">
    <subfield code="a">text</subfield>
    <subfield code="b">txt</subfield>
    <subfield code="2">rdacontent</subfield>
  </datafield>
  <datafield tag="337" ind1=" " ind2=" ">
    <subfield code="a">unmediated</subfield>
    <subfield code="b">n</subfield>
    <subfield code="2">rdamedia</subfield>
  </datafield>
  <datafield tag="338" ind1=" " ind2=" ">
    <subfield code="a">volume</subfield>
    <subfield code="b">nc</subfield>
    <subfield code="2">rdacarrier</subfield>
  </datafield>
  <datafield tag="502" ind1=" " ind2=" ">
    <subfield code="c">Leiden</subfield>
    <subfield code="d">1890</subfield>
  </datafield>
  <datafield tag="650" ind1=" " ind2="0">
    <subfield code="a">Aliens</subfield>
    <subfield code="z">Indonesia.</subfield>
  </datafield>
  <datafield tag="650" ind1=" " ind2="0">
    <subfield code="a">Jurisprudence</subfield>
    <subfield code="z">Indonesia.</subfield>
  </datafield>
  <datafield tag="650" ind1=" " ind2="0">
    <subfield code="a">Illegal aliens</subfield>
    <subfield code="z">Indonesia.</subfield>
  </datafield>
  <datafield tag="650" ind1=" " ind2="0">
    <subfield code="a">Chinese</subfield>
    <subfield code="z">Indonesia.</subfield>
  </datafield>
  <datafield tag="650" ind1=" " ind2="0">
    <subfield code="a">Arabs</subfield>
    <subfield code="z">Indonesia.</subfield>
  </datafield>
  <datafield tag="650" ind1=" " ind2="0">
    <subfield code="a">Law</subfield>
    <subfield code="z">Indonesia.</subfield>
  </datafield>
  <datafield tag="650" ind1=" " ind2="4">
    <subfield code="a">Aliens</subfield>
    <subfield code="z">Jurisp.</subfield>
    <subfield code="z">Indonesia.</subfield>
  </datafield>
  <datafield tag="650" ind1=" " ind2="7">
    <subfield code="a">Aliens.</subfield>
    <subfield code="2">fast</subfield>
    <subfield code="0">(OCoLC)fst00805278</subfield>
  </datafield>
  <datafield tag="650" ind1=" " ind2="7">
    <subfield code="a">Arabs.</subfield>
    <subfield code="2">fast</subfield>
    <subfield code="0">(OCoLC)fst00812576</subfield>
  </datafield>
  <datafield tag="650" ind1=" " ind2="7">
    <subfield code="a">Chinese.</subfield>
    <subfield code="2">fast</subfield>
    <subfield code="0">(OCoLC)fst00857169</subfield>
  </datafield>
  <datafield tag="650" ind1=" " ind2="7">
    <subfield code="a">Illegal aliens.</subfield>
    <subfield code="2">fast</subfield>
    <subfield code="0">(OCoLC)fst00967153</subfield>
  </datafield>
  <datafield tag="650" ind1=" " ind2="7">
    <subfield code="a">Jurisprudence.</subfield>
    <subfield code="2">fast</subfield>
    <subfield code="0">(OCoLC)fst00985043</subfield>
  </datafield>
  <datafield tag="650" ind1=" " ind2="7">
    <subfield code="a">Law.</subfield>
    <subfield code="2">fast</subfield>
    <subfield code="0">(OCoLC)fst00993678</subfield>
  </datafield>
  <datafield tag="651" ind1=" " ind2="7">
    <subfield code="a">Indonesia.</subfield>
    <subfield code="2">fast</subfield>
    <subfield code="0">(OCoLC)fst01209242</subfield>
  </datafield>
  <datafield tag="776" ind1="0" ind2="8">
    <subfield code="i">Online version:</subfield>
    <subfield code="a">Zorab, Eleazar.</subfield>
    <subfield code="t">Publiekrechtelijke toestand der vreemde Oosterlingen in Nederlandsch Oost-Indie .</subfield>
    <subfield code="d">Leiden, E. Ijdo, 1890</subfield>
    <subfield code="w">(OCoLC)827205828</subfield>
  </datafield>
  
  
  
  
  
  
  
</record>