<record xmlns="http://www.loc.gov/MARC21/slim" xmlns:zs="http://docs.oasis-open.org/ns/search-ws/sruResponse">
  <leader>01859cam a2200421Ka 4500</leader>
  <controlfield tag="001">ocm34434791 </controlfield>
  <controlfield tag="003">OCoLC</controlfield>
  <controlfield tag="005">20160312213820.0</controlfield>
  <controlfield tag="008">960322s1995    dcua    bb   f000 0 eng d</controlfield>
  <controlfield tag="007">he bmb---bbca</controlfield>
  <datafield tag="040" ind1=" " ind2=" ">
    <subfield code="a">FPS</subfield>
    <subfield code="b">eng</subfield>
    <subfield code="c">FPS</subfield>
    <subfield code="d">OCL</subfield>
    <subfield code="d">OCLCQ</subfield>
    <subfield code="d">OCLCF</subfield>
    <subfield code="d">OCLCO</subfield>
    <subfield code="d">OCLCQ</subfield>
  </datafield>
  <datafield tag="035" ind1=" " ind2=" ">
    <subfield code="a">(OCoLC)34434791</subfield>
  </datafield>
  <datafield tag="043" ind1=" " ind2=" ">
    <subfield code="a">n-us---</subfield>
  </datafield>
  <datafield tag="050" ind1=" " ind2="4">
    <subfield code="a">KF27</subfield>
    <subfield code="b">.J8645 1995j</subfield>
  </datafield>
  <datafield tag="074" ind1=" " ind2=" ">
    <subfield code="a">1020-B</subfield>
  </datafield>
  <datafield tag="086" ind1="0" ind2=" ">
    <subfield code="a">Y 4.J 89/1:104/13</subfield>
  </datafield>
  <datafield tag="110" ind1="1" ind2=" ">
    <subfield code="a">United States.</subfield>
    <subfield code="b">Congress.</subfield>
    <subfield code="b">House.</subfield>
    <subfield code="b">Committee on the Judiciary.</subfield>
    <subfield code="b">Subcommittee on Immigration and Claims.</subfield>
  </datafield>
  <datafield tag="245" ind1="1" ind2="0">
    <subfield code="a">Border security</subfield>
    <subfield code="h">[microform] :</subfield>
    <subfield code="b">hearing before the Subcommittee on Immigration and Claims of the Committee on the Judiciary, House of Representatives, One Hundred Fourth Congress, first session, March 10, 1995.</subfield>
  </datafield>
  <datafield tag="260" ind1=" " ind2=" ">
    <subfield code="a">Washington :</subfield>
    <subfield code="b">U.S. G.P.O. :</subfield>
    <subfield code="b">For sale by the U.S. G.P.O., Supt. of Docs., Congressional Sales Office,</subfield>
    <subfield code="c">1995.</subfield>
  </datafield>
  <datafield tag="300" ind1=" " ind2=" ">
    <subfield code="a">iv, 152 pages :</subfield>
    <subfield code="b">illustrations ;</subfield>
    <subfield code="c">24 cm</subfield>
  </datafield>
  <datafield tag="336" ind1=" " ind2=" ">
    <subfield code="a">text</subfield>
    <subfield code="b">txt</subfield>
    <subfield code="2">rdacontent</subfield>
  </datafield>
  <datafield tag="337" ind1=" " ind2=" ">
    <subfield code="a">microform</subfield>
    <subfield code="b">h</subfield>
    <subfield code="2">rdamedia</subfield>
  </datafield>
  <datafield tag="338" ind1=" " ind2=" ">
    <subfield code="a">microfiche</subfield>
    <subfield code="b">he</subfield>
    <subfield code="2">rdacarrier</subfield>
  </datafield>
  <datafield tag="504" ind1=" " ind2=" ">
    <subfield code="a">Includes bibliographical references.</subfield>
  </datafield>
  <datafield tag="500" ind1=" " ind2=" ">
    <subfield code="a">"Serial no. 13."</subfield>
  </datafield>
  <datafield tag="533" ind1=" " ind2=" ">
    <subfield code="a">Microfiche.</subfield>
    <subfield code="b">Washington :</subfield>
    <subfield code="c">U.S. G.P.O.,</subfield>
    <subfield code="d">1996.</subfield>
    <subfield code="e">2 microfiches : negative.</subfield>
  </datafield>
  <datafield tag="539" ind1=" " ind2=" ">
    <subfield code="a">s</subfield>
    <subfield code="b">1996</subfield>
    <subfield code="d">dcu</subfield>
    <subfield code="e">n</subfield>
    <subfield code="g">b</subfield>
  </datafield>
  <datafield tag="651" ind1=" " ind2="0">
    <subfield code="a">United States</subfield>
    <subfield code="x">Emigration and immigration</subfield>
    <subfield code="x">Government policy.</subfield>
  </datafield>
  <datafield tag="650" ind1=" " ind2="0">
    <subfield code="a">Illegal aliens</subfield>
    <subfield code="z">United States.</subfield>
  </datafield>
  <datafield tag="650" ind1=" " ind2="0">
    <subfield code="a">Border patrols</subfield>
    <subfield code="z">United States.</subfield>
  </datafield>
  <datafield tag="650" ind1=" " ind2="0">
    <subfield code="a">Deportation</subfield>
    <subfield code="z">United States.</subfield>
  </datafield>
  <datafield tag="650" ind1=" " ind2="7">
    <subfield code="a">Border patrols.</subfield>
    <subfield code="2">fast</subfield>
    <subfield code="0">(OCoLC)fst00836593</subfield>
  </datafield>
  <datafield tag="650" ind1=" " ind2="7">
    <subfield code="a">Deportation.</subfield>
    <subfield code="2">fast</subfield>
    <subfield code="0">(OCoLC)fst00890840</subfield>
  </datafield>
  <datafield tag="650" ind1=" " ind2="7">
    <subfield code="a">Emigration and immigration</subfield>
    <subfield code="x">Government policy.</subfield>
    <subfield code="2">fast</subfield>
    <subfield code="0">(OCoLC)fst00908700</subfield>
  </datafield>
  <datafield tag="650" ind1=" " ind2="7">
    <subfield code="a">Illegal aliens.</subfield>
    <subfield code="2">fast</subfield>
    <subfield code="0">(OCoLC)fst00967153</subfield>
  </datafield>
  <datafield tag="651" ind1=" " ind2="7">
    <subfield code="a">United States.</subfield>
    <subfield code="2">fast</subfield>
    <subfield code="0">(OCoLC)fst01204155</subfield>
  </datafield>
  
  
</record>