<record xmlns="http://www.loc.gov/MARC21/slim" xmlns:zs="http://docs.oasis-open.org/ns/search-ws/sruResponse">
  <leader>03480cam a2200529Ia 4500</leader>
  <controlfield tag="001">ocm18529626 </controlfield>
  <controlfield tag="003">OCoLC</controlfield>
  <controlfield tag="005">20160312213811.0</controlfield>
  <controlfield tag="008">880926s1988    dcua     b   f000 0 eng d</controlfield>
  <datafield tag="040" ind1=" " ind2=" ">
    <subfield code="a">CPP</subfield>
    <subfield code="b">eng</subfield>
    <subfield code="c">CPP</subfield>
    <subfield code="d">OCLCQ</subfield>
    <subfield code="d">OCLCF</subfield>
    <subfield code="d">AWC</subfield>
    <subfield code="d">OCLCQ</subfield>
    <subfield code="d">OCLCO</subfield>
  </datafield>
  <datafield tag="035" ind1=" " ind2=" ">
    <subfield code="a">(OCoLC)18529626</subfield>
  </datafield>
  <datafield tag="037" ind1=" " ind2=" ">
    <subfield code="b">U.S. General Accounting Office, P.O.B. 6015, Gaithersburg, Maryland 20877, (202)275-6241</subfield>
  </datafield>
  <datafield tag="043" ind1=" " ind2=" ">
    <subfield code="a">n-us-ca</subfield>
  </datafield>
  <datafield tag="050" ind1=" " ind2="4">
    <subfield code="a">HD6300</subfield>
    <subfield code="b">.U52</subfield>
  </datafield>
  <datafield tag="086" ind1="0" ind2=" ">
    <subfield code="a">GA 1.13:PEMD-88-13 BR</subfield>
  </datafield>
  <datafield tag="110" ind1="1" ind2=" ">
    <subfield code="a">United States.</subfield>
    <subfield code="b">General Accounting Office.</subfield>
  </datafield>
  <datafield tag="245" ind1="1" ind2="0">
    <subfield code="a">Illegal aliens :</subfield>
    <subfield code="b">influence of illegal workers on wages and working conditions of legal workers : briefing report to congressional requestors /</subfield>
    <subfield code="c">United States, General Accounting Office.</subfield>
  </datafield>
  <datafield tag="246" ind1="3" ind2=" ">
    <subfield code="a">Influence of Illegal workers on wages and working conditions of legal workers</subfield>
  </datafield>
  <datafield tag="246" ind1="3" ind2=" ">
    <subfield code="a">Legal and illegal workers' wages and working conditions</subfield>
  </datafield>
  <datafield tag="260" ind1=" " ind2=" ">
    <subfield code="a">Washington, D.C. :</subfield>
    <subfield code="b">GAO,</subfield>
    <subfield code="c">1988.</subfield>
  </datafield>
  <datafield tag="300" ind1=" " ind2=" ">
    <subfield code="a">70 pages :</subfield>
    <subfield code="b">illustrations ;</subfield>
    <subfield code="c">28 cm.</subfield>
  </datafield>
  <datafield tag="336" ind1=" " ind2=" ">
    <subfield code="a">text</subfield>
    <subfield code="b">txt</subfield>
    <subfield code="2">rdacontent</subfield>
  </datafield>
  <datafield tag="337" ind1=" " ind2=" ">
    <subfield code="a">unmediated</subfield>
    <subfield code="b">n</subfield>
    <subfield code="2">rdamedia</subfield>
  </datafield>
  <datafield tag="338" ind1=" " ind2=" ">
    <subfield code="a">volume</subfield>
    <subfield code="b">nc</subfield>
    <subfield code="2">rdacarrier</subfield>
  </datafield>
  <datafield tag="490" ind1="0" ind2=" ">
    <subfield code="a">Briefing report to congressional requesters</subfield>
  </datafield>
  <datafield tag="500" ind1=" " ind2=" ">
    <subfield code="a">Cover title.</subfield>
  </datafield>
  <datafield tag="500" ind1=" " ind2=" ">
    <subfield code="a">Head of title: Briefing report to congressional requesters.</subfield>
  </datafield>
  <datafield tag="500" ind1=" " ind2=" ">
    <subfield code="a">Running title: GAO/PEMD-88-13BR Legal and illegal workers' wages and working conditions.</subfield>
  </datafield>
  <datafield tag="500" ind1=" " ind2=" ">
    <subfield code="a">"March 1988."</subfield>
  </datafield>
  <datafield tag="500" ind1=" " ind2=" ">
    <subfield code="a">General Accounting Office, Program Evaluation and Methodology Division: GAO/PEMD-88-13BR.</subfield>
  </datafield>
  <datafield tag="500" ind1=" " ind2=" ">
    <subfield code="a">"B-222748."</subfield>
  </datafield>
  <datafield tag="504" ind1=" " ind2=" ">
    <subfield code="a">Includes bibliographical references (pages 67-70).</subfield>
  </datafield>
  <datafield tag="520" ind1="0" ind2=" ">
    <subfield code="a">Pursuant to a congressional request, GAO provided information on illegal alien workers in the U.S. market, specifically whether: (1) they depressed wages and worsened working conditions for native and legal workers; and (2) their presence in an industry was associated with a declining business environment.</subfield>
  </datafield>
  <datafield tag="520" ind1="0" ind2=" ">
    <subfield code="a">GAO noted that there was little useful evidence to conclusively answer the questions. GAO found that illegal alien workers: (1) generally received low wages; (2) have exerted downward pressure on wages and working conditions within low-wage, unskilled jobs in the agricultural, food processing, and janitorial sectors; and (3) have stimulated business and expanded employment opportunities for legal and native workers in other sectors, including the garment industry. GAO also found that illegal aliens worked in: (1) expanding and stable industries as well as in declining industries; and (2) healthy subsectors of declining industries.</subfield>
  </datafield>
  <datafield tag="650" ind1=" " ind2="0">
    <subfield code="a">Foreign workers</subfield>
    <subfield code="z">United States.</subfield>
  </datafield>
  <datafield tag="650" ind1=" " ind2="0">
    <subfield code="a">Illegal aliens</subfield>
    <subfield code="x">Employment</subfield>
    <subfield code="z">United States.</subfield>
  </datafield>
  <datafield tag="650" ind1=" " ind2="7">
    <subfield code="a">Foreign workers.</subfield>
    <subfield code="2">fast</subfield>
    <subfield code="0">(OCoLC)fst01729099</subfield>
  </datafield>
  <datafield tag="650" ind1=" " ind2="7">
    <subfield code="a">Illegal aliens</subfield>
    <subfield code="x">Employment.</subfield>
    <subfield code="2">fast</subfield>
    <subfield code="0">(OCoLC)fst00967159</subfield>
  </datafield>
  <datafield tag="651" ind1=" " ind2="7">
    <subfield code="a">United States.</subfield>
    <subfield code="2">fast</subfield>
    <subfield code="0">(OCoLC)fst01204155</subfield>
  </datafield>
  <datafield tag="710" ind1="1" ind2=" ">
    <subfield code="a">United States.</subfield>
    <subfield code="b">General Accounting Office.</subfield>
    <subfield code="b">Program Evaluation and Methodology Division.</subfield>
  </datafield>
  <datafield tag="776" ind1="0" ind2="8">
    <subfield code="i">Online version:</subfield>
    <subfield code="a">United States. General Accounting Office.</subfield>
    <subfield code="t">Illegal aliens.</subfield>
    <subfield code="d">Washington, D.C. : GAO, 1988</subfield>
    <subfield code="w">(OCoLC)654771398</subfield>
  </datafield>
  
  
  
  
  
  
</record>