<record xmlns="http://www.loc.gov/MARC21/slim" xmlns:zs="http://docs.oasis-open.org/ns/search-ws/sruResponse">
  <leader>03520cam a2200781 a 4500</leader>
  <controlfield tag="001">ocm44766078 </controlfield>
  <controlfield tag="003">OCoLC</controlfield>
  <controlfield tag="005">20160312213859.0</controlfield>
  <controlfield tag="008">000831s2000    ja a     b    100 0 jpn d</controlfield>
  <datafield tag="010" ind1=" " ind2=" ">
    <subfield code="a">   00692727 </subfield>
  </datafield>
  <datafield tag="040" ind1=" " ind2=" ">
    <subfield code="a">JaToTRC</subfield>
    <subfield code="b">eng</subfield>
    <subfield code="c">UKM</subfield>
    <subfield code="d">DLC</subfield>
    <subfield code="d">KEI</subfield>
    <subfield code="d">TRCLS</subfield>
    <subfield code="d">OCLCF</subfield>
    <subfield code="d">CHVBK</subfield>
    <subfield code="d">OCLCO</subfield>
    <subfield code="d">OCLCQ</subfield>
    <subfield code="d">OCL</subfield>
  </datafield>
  <datafield tag="066" ind1=" " ind2=" ">
    <subfield code="c">$1</subfield>
  </datafield>
  <datafield tag="020" ind1=" " ind2=" ">
    <subfield code="a">4842065583</subfield>
    <subfield code="q">(jacket)</subfield>
    <subfield code="z">4824065583</subfield>
  </datafield>
  <datafield tag="020" ind1=" " ind2=" ">
    <subfield code="a">9784842065588</subfield>
    <subfield code="q">(jacket)</subfield>
  </datafield>
  <datafield tag="035" ind1=" " ind2=" ">
    <subfield code="a">(OCoLC)44766078</subfield>
  </datafield>
  <datafield tag="042" ind1=" " ind2=" ">
    <subfield code="a">lccopycat</subfield>
  </datafield>
  <datafield tag="043" ind1=" " ind2=" ">
    <subfield code="a">a-ja---</subfield>
  </datafield>
  <datafield tag="050" ind1="0" ind2="0">
    <subfield code="a">KNX3027</subfield>
    <subfield code="b">.M59 2000</subfield>
  </datafield>
  <datafield tag="082" ind1=" " ind2="4">
    <subfield code="a">341.484</subfield>
  </datafield>
  <datafield tag="084" ind1=" " ind2=" ">
    <subfield code="a">334.41</subfield>
    <subfield code="2">njb/9</subfield>
  </datafield>
  <datafield tag="100" ind1="1" ind2=" ">
    <subfield code="6">880-01</subfield>
    <subfield code="a">Miyajima, Takashi,</subfield>
    <subfield code="d">1940-</subfield>
  </datafield>
  <datafield tag="245" ind1="1" ind2="0">
    <subfield code="6">880-02</subfield>
    <subfield code="a">Gaikokujin shimin to seiji sanka /</subfield>
    <subfield code="c">Miyajima Takashi hen.</subfield>
  </datafield>
  <datafield tag="250" ind1=" " ind2=" ">
    <subfield code="6">880-03</subfield>
    <subfield code="a">Shohan.</subfield>
  </datafield>
  <datafield tag="260" ind1=" " ind2=" ">
    <subfield code="6">880-04</subfield>
    <subfield code="a">Tōkyō :</subfield>
    <subfield code="b">Yūshindō,</subfield>
    <subfield code="c">2000.</subfield>
  </datafield>
  <datafield tag="300" ind1=" " ind2=" ">
    <subfield code="a">xi, 213, xviii pages :</subfield>
    <subfield code="b">illustrations ;</subfield>
    <subfield code="c">22 cm</subfield>
  </datafield>
  <datafield tag="336" ind1=" " ind2=" ">
    <subfield code="a">text</subfield>
    <subfield code="b">txt</subfield>
    <subfield code="2">rdacontent</subfield>
  </datafield>
  <datafield tag="337" ind1=" " ind2=" ">
    <subfield code="a">unmediated</subfield>
    <subfield code="b">n</subfield>
    <subfield code="2">rdamedia</subfield>
  </datafield>
  <datafield tag="338" ind1=" " ind2=" ">
    <subfield code="a">volume</subfield>
    <subfield code="b">nc</subfield>
    <subfield code="2">rdacarrier</subfield>
  </datafield>
  <datafield tag="504" ind1=" " ind2=" ">
    <subfield code="6">880-05</subfield>
    <subfield code="a">Includes bibliographical references (pages i-x (3rd group)).</subfield>
  </datafield>
  <datafield tag="650" ind1=" " ind2="0">
    <subfield code="a">Aliens</subfield>
    <subfield code="x">Suffrage</subfield>
    <subfield code="z">Japan</subfield>
    <subfield code="v">Congresses.</subfield>
  </datafield>
  <datafield tag="650" ind1=" " ind2="0">
    <subfield code="a">Aliens</subfield>
    <subfield code="z">Japan</subfield>
    <subfield code="v">Congresses.</subfield>
  </datafield>
  <datafield tag="650" ind1=" " ind2="0">
    <subfield code="a">Local government</subfield>
    <subfield code="z">Japan</subfield>
    <subfield code="x">Citizen participation</subfield>
    <subfield code="v">Congresses.</subfield>
  </datafield>
  <datafield tag="650" ind1=" " ind2="7">
    <subfield code="6">880-06</subfield>
    <subfield code="a">Gaikokujin (nihon zairyu)</subfield>
    <subfield code="2">jlabsh</subfield>
  </datafield>
  <datafield tag="650" ind1=" " ind2="7">
    <subfield code="6">880-07</subfield>
    <subfield code="a">Sanseiken.</subfield>
    <subfield code="2">jlabsh</subfield>
  </datafield>
  <datafield tag="650" ind1="0" ind2="7">
    <subfield code="6">880-08</subfield>
    <subfield code="a">Gaikokujin(Nihon zairyū)</subfield>
    <subfield code="2">jlabsh/3</subfield>
  </datafield>
  <datafield tag="650" ind1="0" ind2="7">
    <subfield code="6">880-09</subfield>
    <subfield code="a">Sanseiken.</subfield>
    <subfield code="2">jlabsh/3</subfield>
  </datafield>
  <datafield tag="650" ind1=" " ind2="7">
    <subfield code="a">Aliens.</subfield>
    <subfield code="2">fast</subfield>
    <subfield code="0">(OCoLC)fst00805278</subfield>
  </datafield>
  <datafield tag="650" ind1=" " ind2="7">
    <subfield code="a">Aliens</subfield>
    <subfield code="x">Suffrage.</subfield>
    <subfield code="2">fast</subfield>
    <subfield code="0">(OCoLC)fst00805314</subfield>
  </datafield>
  <datafield tag="650" ind1=" " ind2="7">
    <subfield code="a">Local government</subfield>
    <subfield code="x">Citizen participation.</subfield>
    <subfield code="2">fast</subfield>
    <subfield code="0">(OCoLC)fst01001310</subfield>
  </datafield>
  <datafield tag="651" ind1=" " ind2="7">
    <subfield code="a">Japan.</subfield>
    <subfield code="2">fast</subfield>
    <subfield code="0">(OCoLC)fst01204082</subfield>
  </datafield>
  <datafield tag="650" ind1=" " ind2="7">
    <subfield code="a">Ausländer.</subfield>
    <subfield code="0">(DE-588)4003725-3</subfield>
    <subfield code="2">gnd</subfield>
  </datafield>
  <datafield tag="650" ind1=" " ind2="7">
    <subfield code="a">Stimmrecht.</subfield>
    <subfield code="0">(DE-588)4057595-0</subfield>
    <subfield code="2">gnd</subfield>
  </datafield>
  <datafield tag="655" ind1=" " ind2="7">
    <subfield code="a">Conference papers and proceedings.</subfield>
    <subfield code="2">fast</subfield>
    <subfield code="0">(OCoLC)fst01423772</subfield>
  </datafield>
  <datafield tag="776" ind1="0" ind2="8">
    <subfield code="i">Online version:</subfield>
    <subfield code="a">Miyajima, Takashi, 1940-</subfield>
    <subfield code="t">Gaikokujin shimin to seiji sanka.</subfield>
    <subfield code="b">Shohan.</subfield>
    <subfield code="d">Tōkyō : Yūshindō, 2000</subfield>
    <subfield code="w">(OCoLC)659258620</subfield>
  </datafield>
  <datafield tag="880" ind1="1" ind2=" ">
    <subfield code="6">100-01/$1</subfield>
    <subfield code="a">宮島喬,</subfield>
    <subfield code="d">1940-</subfield>
  </datafield>
  <datafield tag="880" ind1="1" ind2="0">
    <subfield code="6">245-02/$1</subfield>
    <subfield code="a">外国人市民と政治参加 /</subfield>
    <subfield code="c">宮島喬編.</subfield>
  </datafield>
  <datafield tag="880" ind1=" " ind2=" ">
    <subfield code="6">250-03/$1</subfield>
    <subfield code="a">初版.</subfield>
  </datafield>
  <datafield tag="880" ind1=" " ind2=" ">
    <subfield code="6">260-04/$1</subfield>
    <subfield code="a">東京 :</subfield>
    <subfield code="b">有信堂,</subfield>
    <subfield code="c">2000.</subfield>
  </datafield>
  <datafield tag="880" ind1=" " ind2=" ">
    <subfield code="6">504-05/$1</subfield>
    <subfield code="a">文献: 卷末 pages i-x.</subfield>
  </datafield>
  <datafield tag="880" ind1=" " ind2=" ">
    <subfield code="6">500-00/$1</subfield>
    <subfield code="a">文献:〓末p1-10.</subfield>
  </datafield>
  <datafield tag="880" ind1=" " ind2="7">
    <subfield code="6">650-06/$1</subfield>
    <subfield code="a">外国人 (日本在留)</subfield>
    <subfield code="2">jlabsh</subfield>
  </datafield>
  <datafield tag="880" ind1=" " ind2="7">
    <subfield code="6">650-07/$1</subfield>
    <subfield code="a">参政権.</subfield>
    <subfield code="2">jlabsh</subfield>
  </datafield>
  <datafield tag="880" ind1="0" ind2="7">
    <subfield code="6">650-08/$1</subfield>
    <subfield code="a">外国人(日本在留)</subfield>
    <subfield code="2">jlabsh/3</subfield>
  </datafield>
  <datafield tag="880" ind1="0" ind2="7">
    <subfield code="6">650-09/$1</subfield>
    <subfield code="a">参政権.</subfield>
    <subfield code="2">jlabsh/3</subfield>
  </datafield>
  <datafield tag="880" ind1="1" ind2=" ">
    <subfield code="6">700-00/$1</subfield>
    <subfield code="a">宮島, 喬,</subfield>
    <subfield code="d">(1940- )</subfield>
  </datafield>
  
  
  
  
  
  
  
  
  
  
  
  
  
</record>