<record xmlns="http://www.loc.gov/MARC21/slim" xmlns:zs="http://docs.oasis-open.org/ns/search-ws/sruResponse">
  <leader>04305cas a22007577a 4500</leader>
  <controlfield tag="001">ocm37879193 </controlfield>
  <controlfield tag="003">OCoLC</controlfield>
  <controlfield tag="005">20160312213649.0</controlfield>
  <controlfield tag="008">971102c19939999dcu x    w   f0   a0eng c</controlfield>
  <datafield tag="010" ind1=" " ind2=" ">
    <subfield code="a">   98660606 </subfield>
    <subfield code="z">sn 97034817 </subfield>
  </datafield>
  <datafield tag="040" ind1=" " ind2=" ">
    <subfield code="a">GWL</subfield>
    <subfield code="b">eng</subfield>
    <subfield code="c">GWL</subfield>
    <subfield code="d">IUL</subfield>
    <subfield code="d">DLC</subfield>
    <subfield code="d">EYM</subfield>
    <subfield code="d">GPO</subfield>
    <subfield code="d">HVL</subfield>
    <subfield code="d">DLC</subfield>
    <subfield code="d">SYS</subfield>
    <subfield code="d">GPO</subfield>
    <subfield code="d">HVL</subfield>
    <subfield code="d">IUL</subfield>
    <subfield code="d">NSD</subfield>
    <subfield code="d">OCLCQ</subfield>
    <subfield code="d">GPM</subfield>
    <subfield code="d">OCLCQ</subfield>
    <subfield code="d">DLC</subfield>
    <subfield code="d">GPO</subfield>
    <subfield code="d">OCLCA</subfield>
    <subfield code="d">OCLCQ</subfield>
    <subfield code="d">OCLCA</subfield>
    <subfield code="d">COO</subfield>
    <subfield code="d">OCLCO</subfield>
  </datafield>
  <datafield tag="012" ind1=" " ind2=" ">
    <subfield code="l">a</subfield>
  </datafield>
  <datafield tag="022" ind1="0" ind2=" ">
    <subfield code="a">1936-3117</subfield>
    <subfield code="l">1936-3117</subfield>
    <subfield code="2">1</subfield>
  </datafield>
  <datafield tag="035" ind1=" " ind2=" ">
    <subfield code="a">(OCoLC)37879193</subfield>
  </datafield>
  <datafield tag="042" ind1=" " ind2=" ">
    <subfield code="a">pcc</subfield>
    <subfield code="a">nsdp</subfield>
  </datafield>
  <datafield tag="043" ind1=" " ind2=" ">
    <subfield code="a">n-us---</subfield>
  </datafield>
  <datafield tag="050" ind1="0" ind2="0">
    <subfield code="a">KF4829</subfield>
    <subfield code="b">.A558</subfield>
  </datafield>
  <datafield tag="074" ind1=" " ind2=" ">
    <subfield code="a">0717-C-20</subfield>
  </datafield>
  <datafield tag="082" ind1="0" ind2="0">
    <subfield code="a">344.73/0162</subfield>
    <subfield code="a">347.304162</subfield>
    <subfield code="2">20</subfield>
  </datafield>
  <datafield tag="086" ind1="0" ind2=" ">
    <subfield code="a">J 1.103:</subfield>
  </datafield>
  <datafield tag="110" ind1="1" ind2=" ">
    <subfield code="a">United States.</subfield>
    <subfield code="b">Department of Justice.</subfield>
  </datafield>
  <datafield tag="222" ind1=" " ind2="0">
    <subfield code="a">Administrative decisions under employer sanctions, unfair immigration-related employment practices, and civil penalty document fraud laws</subfield>
  </datafield>
  <datafield tag="245" ind1="1" ind2="0">
    <subfield code="a">Administrative decisions under employer sanctions, unfair immigration-related employment practices, and civil penalty document fraud laws /</subfield>
    <subfield code="c">United States Department of Justice.</subfield>
  </datafield>
  <datafield tag="246" ind1="1" ind2="7">
    <subfield code="a">OCAHO</subfield>
  </datafield>
  <datafield tag="260" ind1=" " ind2=" ">
    <subfield code="a">[Washington, DC] :</subfield>
    <subfield code="b">U.S. Dept. of Justice,</subfield>
    <subfield code="c">[1997?-</subfield>
  </datafield>
  <datafield tag="300" ind1=" " ind2=" ">
    <subfield code="a">volumes ;</subfield>
    <subfield code="c">24 cm</subfield>
  </datafield>
  <datafield tag="310" ind1=" " ind2=" ">
    <subfield code="a">Irregular</subfield>
  </datafield>
  <datafield tag="336" ind1=" " ind2=" ">
    <subfield code="a">text</subfield>
    <subfield code="b">txt</subfield>
    <subfield code="2">rdacontent</subfield>
  </datafield>
  <datafield tag="337" ind1=" " ind2=" ">
    <subfield code="a">unmediated</subfield>
    <subfield code="b">n</subfield>
    <subfield code="2">rdamedia</subfield>
  </datafield>
  <datafield tag="338" ind1=" " ind2=" ">
    <subfield code="a">volume</subfield>
    <subfield code="b">nc</subfield>
    <subfield code="2">rdacarrier</subfield>
  </datafield>
  <datafield tag="362" ind1="0" ind2=" ">
    <subfield code="a">Vol. 3 (Jan. 1992 to Dec. 1993)-</subfield>
  </datafield>
  <datafield tag="500" ind1=" " ind2=" ">
    <subfield code="a">Title varies slightly.</subfield>
  </datafield>
  <datafield tag="500" ind1=" " ind2=" ">
    <subfield code="a">Decisions and orders of the Chief Administrative Hearing Officer, of the U.S. Dept. of Justice Executive Office for Immigration Review.</subfield>
  </datafield>
  <datafield tag="555" ind1=" " ind2=" ">
    <subfield code="a">Each vol. includes cumulative alphabetical listing of cases from v. 1.</subfield>
  </datafield>
  <datafield tag="555" ind1=" " ind2=" ">
    <subfield code="a">Cumulative topical index: v. 1 (Mar. 1988)-8 (May 2000). 1 v. (Includes index to the publication under its earlier title).</subfield>
  </datafield>
  <datafield tag="580" ind1=" " ind2=" ">
    <subfield code="a">Permanent vols. for: 8 USC 1324 ... proceeding.</subfield>
  </datafield>
  <datafield tag="588" ind1=" " ind2=" ">
    <subfield code="a">Latest issue consulted: Vol. 8 (July 1988-May 2000).</subfield>
  </datafield>
  <datafield tag="650" ind1=" " ind2="0">
    <subfield code="a">Foreign workers</subfield>
    <subfield code="x">Legal status, laws, etc.</subfield>
    <subfield code="z">United States</subfield>
    <subfield code="v">Cases.</subfield>
  </datafield>
  <datafield tag="650" ind1=" " ind2="0">
    <subfield code="a">Emigration and immigration law</subfield>
    <subfield code="z">United States</subfield>
    <subfield code="v">Cases.</subfield>
  </datafield>
  <datafield tag="650" ind1=" " ind2="0">
    <subfield code="a">Illegal aliens</subfield>
    <subfield code="x">Employment</subfield>
    <subfield code="z">United States</subfield>
    <subfield code="v">Cases.</subfield>
  </datafield>
  <datafield tag="650" ind1=" " ind2="0">
    <subfield code="a">Foreign worker certification</subfield>
    <subfield code="z">United States</subfield>
    <subfield code="v">Cases.</subfield>
  </datafield>
  <datafield tag="650" ind1=" " ind2="0">
    <subfield code="a">Foreign worker certification</subfield>
    <subfield code="x">Corrupt practices</subfield>
    <subfield code="z">United States</subfield>
    <subfield code="v">Cases.</subfield>
  </datafield>
  <datafield tag="650" ind1=" " ind2="7">
    <subfield code="a">Emigration and immigration law</subfield>
    <subfield code="2">fast</subfield>
    <subfield code="0">(OCoLC)fst00908736</subfield>
  </datafield>
  <datafield tag="650" ind1=" " ind2="7">
    <subfield code="a">Foreign worker certification</subfield>
    <subfield code="2">fast</subfield>
    <subfield code="0">(OCoLC)fst01758704</subfield>
  </datafield>
  <datafield tag="650" ind1=" " ind2="7">
    <subfield code="a">Foreign workers</subfield>
    <subfield code="x">Legal status, laws, etc.</subfield>
    <subfield code="2">fast</subfield>
    <subfield code="0">(OCoLC)fst01729243</subfield>
  </datafield>
  <datafield tag="650" ind1=" " ind2="7">
    <subfield code="a">Illegal aliens</subfield>
    <subfield code="x">Employment</subfield>
    <subfield code="2">fast</subfield>
    <subfield code="0">(OCoLC)fst00967159</subfield>
  </datafield>
  <datafield tag="651" ind1=" " ind2="7">
    <subfield code="a">United States</subfield>
    <subfield code="2">fast</subfield>
    <subfield code="0">(OCoLC)fst01204155</subfield>
  </datafield>
  <datafield tag="655" ind1=" " ind2="7">
    <subfield code="a">Trials, litigation, etc.</subfield>
    <subfield code="2">fast</subfield>
    <subfield code="0">(OCoLC)fst01423712</subfield>
  </datafield>
  <datafield tag="710" ind1="1" ind2=" ">
    <subfield code="a">United States.</subfield>
    <subfield code="b">Department of Justice.</subfield>
    <subfield code="b">Executive Office for Immigration Review.</subfield>
    <subfield code="b">Office of the Chief Administrative Hearing Officer.</subfield>
  </datafield>
  <datafield tag="776" ind1="0" ind2="8">
    <subfield code="i">Online version:</subfield>
    <subfield code="a">United States. Department of Justice.</subfield>
    <subfield code="s">Administrative decisions under employer sanctions, unfair immigration-related employment practices, and civil penalty document fraud laws (Online)</subfield>
    <subfield code="w">(DLC)  2012230019</subfield>
    <subfield code="w">(OCoLC)264746966</subfield>
  </datafield>
  <datafield tag="780" ind1="0" ind2="0">
    <subfield code="a">United States. Department of Justice.</subfield>
    <subfield code="t">Administrative decisions under employer sanctions &amp; unfair immigration-related employment practices laws</subfield>
    <subfield code="w">(DLC)   96640062</subfield>
    <subfield code="w">(OCoLC)32270429</subfield>
  </datafield>
  <datafield tag="787" ind1="1" ind2=" ">
    <subfield code="a">United States. Department of Justice.</subfield>
    <subfield code="t">8 USC 1324 ... proceeding</subfield>
    <subfield code="w">(DLC)sn 91023645</subfield>
    <subfield code="w">(OCoLC)24528440</subfield>
  </datafield>
  <datafield tag="850" ind1=" " ind2=" ">
    <subfield code="a">DLC</subfield>
    <subfield code="a">MiU</subfield>
  </datafield>
  <datafield tag="856" ind1="4" ind2="1">
    <subfield code="u">http://purl.fdlp.gov/GPO/gpo18050</subfield>
  </datafield>
  <datafield tag="891" ind1="2" ind2="0">
    <subfield code="9">853</subfield>
    <subfield code="8">1</subfield>
    <subfield code="a">v.</subfield>
    <subfield code="i">(year/year)</subfield>
  </datafield>
  <datafield tag="891" ind1="4" ind2="1">
    <subfield code="9">863</subfield>
    <subfield code="8">1.1</subfield>
    <subfield code="a">3</subfield>
    <subfield code="i">1992/1993</subfield>
  </datafield>
  
  
  
  
  
  
  
  
  
  
</record>