<record xmlns="http://www.loc.gov/MARC21/slim" xmlns:zs="http://docs.oasis-open.org/ns/search-ws/sruResponse">
  <leader>02589cim a2200601Ma 4500</leader>
  <controlfield tag="001">ocn890261201</controlfield>
  <controlfield tag="003">OCoLC</controlfield>
  <controlfield tag="005">20160312213953.0</controlfield>
  <controlfield tag="008">121221s2006    nyunnnndo      z  n eng d</controlfield>
  <controlfield tag="006">m    do  h        </controlfield>
  <controlfield tag="007">cr una||||||||</controlfield>
  <controlfield tag="007">sz usnnnn|||ed</controlfield>
  <datafield tag="040" ind1=" " ind2=" ">
    <subfield code="a">G8V</subfield>
    <subfield code="b">eng</subfield>
    <subfield code="c">G8V</subfield>
    <subfield code="d">OCLCO</subfield>
    <subfield code="d">OCLCF</subfield>
    <subfield code="d">OCP</subfield>
    <subfield code="d">OCLCQ</subfield>
    <subfield code="d">OCLCO</subfield>
  </datafield>
  <datafield tag="020" ind1=" " ind2=" ">
    <subfield code="a">9780792786917</subfield>
    <subfield code="q">(electronic audio bk.)</subfield>
  </datafield>
  <datafield tag="020" ind1=" " ind2=" ">
    <subfield code="a">0792786912</subfield>
    <subfield code="q">(electronic audio bk.)</subfield>
  </datafield>
  <datafield tag="035" ind1=" " ind2=" ">
    <subfield code="a">(OCoLC)890261201</subfield>
  </datafield>
  <datafield tag="037" ind1=" " ind2=" ">
    <subfield code="a">D082443C-427D-45C2-B6C5-5FA32602003A</subfield>
    <subfield code="b">OverDrive, Inc.</subfield>
    <subfield code="n">http://www.overdrive.com</subfield>
  </datafield>
  <datafield tag="043" ind1=" " ind2=" ">
    <subfield code="a">n-us-ny</subfield>
  </datafield>
  <datafield tag="050" ind1="1" ind2="4">
    <subfield code="a">PZ7.B8827</subfield>
    <subfield code="b">Ask 2006</subfield>
  </datafield>
  <datafield tag="082" ind1="0" ind2="4">
    <subfield code="a">[Fic]</subfield>
    <subfield code="2">22</subfield>
  </datafield>
  <datafield tag="100" ind1="1" ind2=" ">
    <subfield code="a">Budhos, Marina Tamar.</subfield>
  </datafield>
  <datafield tag="245" ind1="1" ind2="0">
    <subfield code="a">Ask me no questions</subfield>
    <subfield code="h">[downloadable audiobook] /</subfield>
    <subfield code="c">Marina Budhos.</subfield>
  </datafield>
  <datafield tag="260" ind1=" " ind2=" ">
    <subfield code="a">New York :</subfield>
    <subfield code="b">Atheneum Books for Young Readers,</subfield>
    <subfield code="c">©2006.</subfield>
  </datafield>
  <datafield tag="300" ind1=" " ind2=" ">
    <subfield code="a">1 online resource (1 sound file)</subfield>
  </datafield>
  <datafield tag="336" ind1=" " ind2=" ">
    <subfield code="a">spoken word</subfield>
    <subfield code="b">spw</subfield>
    <subfield code="2">rdacontent</subfield>
  </datafield>
  <datafield tag="337" ind1=" " ind2=" ">
    <subfield code="a">computer</subfield>
    <subfield code="b">c</subfield>
    <subfield code="2">rdamedia</subfield>
  </datafield>
  <datafield tag="338" ind1=" " ind2=" ">
    <subfield code="a">online resource</subfield>
    <subfield code="b">cr</subfield>
    <subfield code="2">rdacarrier</subfield>
  </datafield>
  <datafield tag="500" ind1=" " ind2=" ">
    <subfield code="a">Electronic audio file.</subfield>
  </datafield>
  <datafield tag="521" ind1="8" ind2=" ">
    <subfield code="a">Ages 10-14.</subfield>
  </datafield>
  <datafield tag="500" ind1=" " ind2=" ">
    <subfield code="a">"Ginee Seo Books."</subfield>
  </datafield>
  <datafield tag="520" ind1=" " ind2=" ">
    <subfield code="a">Fourteen-year-old Nadira, her sister, and their parents leave Bangladesh for New York City, but the expiration of their visas and the events of September 11, 2001, bring frustration, sorrow, and terror for the whole family.</subfield>
  </datafield>
  <datafield tag="586" ind1="8" ind2=" ">
    <subfield code="a">A Junior Library Guild selection.</subfield>
  </datafield>
  <datafield tag="511" ind1="0" ind2=" ">
    <subfield code="a">Read by Abby Craden.</subfield>
  </datafield>
  <datafield tag="650" ind1=" " ind2="0">
    <subfield code="a">Illegal aliens</subfield>
    <subfield code="v">Juvenile fiction.</subfield>
  </datafield>
  <datafield tag="650" ind1=" " ind2="0">
    <subfield code="a">Bangladeshi Americans</subfield>
    <subfield code="v">Juvenile fiction.</subfield>
  </datafield>
  <datafield tag="650" ind1=" " ind2="0">
    <subfield code="a">Families</subfield>
    <subfield code="z">New York (State)</subfield>
    <subfield code="z">New York</subfield>
    <subfield code="v">Juvenile fiction.</subfield>
  </datafield>
  <datafield tag="650" ind1=" " ind2="0">
    <subfield code="a">High schools</subfield>
    <subfield code="v">Juvenile fiction.</subfield>
  </datafield>
  <datafield tag="650" ind1=" " ind2="0">
    <subfield code="a">Schools</subfield>
    <subfield code="v">Juvenile fiction.</subfield>
  </datafield>
  <datafield tag="651" ind1=" " ind2="0">
    <subfield code="a">New York (N.Y.)</subfield>
    <subfield code="v">Juvenile fiction.</subfield>
  </datafield>
  <datafield tag="650" ind1=" " ind2="7">
    <subfield code="a">Bangladeshi Americans.</subfield>
    <subfield code="2">fast</subfield>
    <subfield code="0">(OCoLC)fst00826533</subfield>
  </datafield>
  <datafield tag="650" ind1=" " ind2="7">
    <subfield code="a">Families.</subfield>
    <subfield code="2">fast</subfield>
    <subfield code="0">(OCoLC)fst01728849</subfield>
  </datafield>
  <datafield tag="650" ind1=" " ind2="7">
    <subfield code="a">High schools.</subfield>
    <subfield code="2">fast</subfield>
    <subfield code="0">(OCoLC)fst00956288</subfield>
  </datafield>
  <datafield tag="650" ind1=" " ind2="7">
    <subfield code="a">Illegal aliens.</subfield>
    <subfield code="2">fast</subfield>
    <subfield code="0">(OCoLC)fst00967153</subfield>
  </datafield>
  <datafield tag="650" ind1=" " ind2="7">
    <subfield code="a">Schools.</subfield>
    <subfield code="2">fast</subfield>
    <subfield code="0">(OCoLC)fst01107958</subfield>
  </datafield>
  <datafield tag="651" ind1=" " ind2="7">
    <subfield code="a">New York (State)</subfield>
    <subfield code="z">New York.</subfield>
    <subfield code="2">fast</subfield>
    <subfield code="0">(OCoLC)fst01204333</subfield>
  </datafield>
  <datafield tag="655" ind1=" " ind2="4">
    <subfield code="a">Children's audiobooks, Fiction.</subfield>
  </datafield>
  <datafield tag="655" ind1=" " ind2="7">
    <subfield code="a">Fiction.</subfield>
    <subfield code="2">fast</subfield>
    <subfield code="0">(OCoLC)fst01423787</subfield>
  </datafield>
  <datafield tag="655" ind1=" " ind2="7">
    <subfield code="a">Juvenile works.</subfield>
    <subfield code="2">fast</subfield>
    <subfield code="0">(OCoLC)fst01411637</subfield>
  </datafield>
  <datafield tag="710" ind1="2" ind2=" ">
    <subfield code="a">OverDrive, Inc.</subfield>
  </datafield>
  <datafield tag="856" ind1="4" ind2="0">
    <subfield code="z">Click Link to Access Audio Book</subfield>
    <subfield code="u">http://overdrive.gvpl.ca/ContentDetails.htm?ID=D082443C-427D-45C2-B6C5-5FA32602003A</subfield>
  </datafield>
  <datafield tag="856" ind1="4" ind2="0">
    <subfield code="u">http://excerpts.contentreserve.com/FormatType-25/1138-1/871348-AskMeNoQuestions.wma</subfield>
  </datafield>
  
  
</record>