<record xmlns="http://www.loc.gov/MARC21/slim" xmlns:zs="http://docs.oasis-open.org/ns/search-ws/sruResponse">
  <leader>05483cam a2200925La 4500</leader>
  <controlfield tag="001">ocn647902720</controlfield>
  <controlfield tag="003">OCoLC</controlfield>
  <controlfield tag="005">20160312213637.0</controlfield>
  <controlfield tag="008">091007s2010    enk     ob    001 0 eng d</controlfield>
  <controlfield tag="006">m     o  d        </controlfield>
  <controlfield tag="007">cr cn|||||||||</controlfield>
  <datafield tag="040" ind1=" " ind2=" ">
    <subfield code="a">E7B</subfield>
    <subfield code="b">eng</subfield>
    <subfield code="e">pn</subfield>
    <subfield code="c">E7B</subfield>
    <subfield code="d">OCLCQ</subfield>
    <subfield code="d">N$T</subfield>
    <subfield code="d">CDX</subfield>
    <subfield code="d">OCLCQ</subfield>
    <subfield code="d">YDXCP</subfield>
    <subfield code="d">OCLCQ</subfield>
    <subfield code="d">NLGGC</subfield>
    <subfield code="d">OCLCF</subfield>
    <subfield code="d">OCLCQ</subfield>
    <subfield code="d">OCLCO</subfield>
    <subfield code="d">EBLCP</subfield>
    <subfield code="d">FHM</subfield>
    <subfield code="d">IDEBK</subfield>
    <subfield code="d">DEBSZ</subfield>
    <subfield code="d">COO</subfield>
    <subfield code="d">OCLCQ</subfield>
    <subfield code="d">OCLCO</subfield>
    <subfield code="d">S3O</subfield>
    <subfield code="d">OCLCO</subfield>
  </datafield>
  <datafield tag="019" ind1=" " ind2=" ">
    <subfield code="a">609858325</subfield>
    <subfield code="a">756045931</subfield>
    <subfield code="a">764535188</subfield>
  </datafield>
  <datafield tag="020" ind1=" " ind2=" ">
    <subfield code="a">9780754697558</subfield>
    <subfield code="q">(ebook)</subfield>
  </datafield>
  <datafield tag="020" ind1=" " ind2=" ">
    <subfield code="a">075469755X</subfield>
    <subfield code="q">(ebook)</subfield>
  </datafield>
  <datafield tag="020" ind1=" " ind2=" ">
    <subfield code="z">9780754678861</subfield>
    <subfield code="q">(hard back ;</subfield>
    <subfield code="q">alk. paper)</subfield>
  </datafield>
  <datafield tag="020" ind1=" " ind2=" ">
    <subfield code="z">0754678865</subfield>
  </datafield>
  <datafield tag="035" ind1=" " ind2=" ">
    <subfield code="a">(OCoLC)647902720</subfield>
    <subfield code="z">(OCoLC)609858325</subfield>
    <subfield code="z">(OCoLC)756045931</subfield>
    <subfield code="z">(OCoLC)764535188</subfield>
  </datafield>
  <datafield tag="043" ind1=" " ind2=" ">
    <subfield code="a">e------</subfield>
  </datafield>
  <datafield tag="050" ind1=" " ind2="4">
    <subfield code="a">JV7595</subfield>
    <subfield code="b">.I77 2010eb</subfield>
  </datafield>
  <datafield tag="072" ind1=" " ind2="7">
    <subfield code="a">SOC</subfield>
    <subfield code="x">007000</subfield>
    <subfield code="2">bisacsh</subfield>
  </datafield>
  <datafield tag="082" ind1="0" ind2="4">
    <subfield code="a">304.8094</subfield>
    <subfield code="2">23</subfield>
  </datafield>
  <datafield tag="245" ind1="0" ind2="0">
    <subfield code="a">Irregular migration in Europe</subfield>
    <subfield code="h">[electronic resource] :</subfield>
    <subfield code="b">myths and realities /</subfield>
    <subfield code="c">edited by Anna Triandafyllidou.</subfield>
  </datafield>
  <datafield tag="260" ind1=" " ind2=" ">
    <subfield code="a">Farnham, Surrey, England ;</subfield>
    <subfield code="a">Burlington, Vt. :</subfield>
    <subfield code="b">Ashgate Pub.,</subfield>
    <subfield code="c">©2010.</subfield>
  </datafield>
  <datafield tag="300" ind1=" " ind2=" ">
    <subfield code="a">1 online resource (xix, 304 pages).</subfield>
  </datafield>
  <datafield tag="336" ind1=" " ind2=" ">
    <subfield code="a">text</subfield>
    <subfield code="b">txt</subfield>
    <subfield code="2">rdacontent</subfield>
  </datafield>
  <datafield tag="337" ind1=" " ind2=" ">
    <subfield code="a">computer</subfield>
    <subfield code="b">c</subfield>
    <subfield code="2">rdamedia</subfield>
  </datafield>
  <datafield tag="338" ind1=" " ind2=" ">
    <subfield code="a">online resource</subfield>
    <subfield code="b">cr</subfield>
    <subfield code="2">rdacarrier</subfield>
  </datafield>
  <datafield tag="490" ind1="1" ind2=" ">
    <subfield code="a">Research in migration and ethnic relations series</subfield>
  </datafield>
  <datafield tag="504" ind1=" " ind2=" ">
    <subfield code="a">Includes bibliographical references and index.</subfield>
  </datafield>
  <datafield tag="588" ind1="0" ind2=" ">
    <subfield code="a">Print version record.</subfield>
  </datafield>
  <datafield tag="520" ind1="1" ind2=" ">
    <subfield code="a">"With each chapter following a systematic structure, the information and analyses proffered in this volume are coherent, consistent and accessible and will be of interest to policy makers and researchers within the fields of migration, sociology and social anthropology, political science, European integration and European studies, political science and public administration."--Jacket.</subfield>
  </datafield>
  <datafield tag="505" ind1="0" ind2=" ">
    <subfield code="a">Cover; Contents; List of Figures; List of Tables; Notes on Contributors; 1 Irregular Migration in Europe in the Early 21st Century; 2 EU Irregular Migration Policies; 3 Austria: Irregular Migration A Phenomenon in Transition; 4 Czech Republic: Irregular Migration 'Old Wine in New Bottles'; 5 Irregular Migration in Greece: Size and Features, Causes and Discourses; 6 Irregular Migration in France; 7 Undocumented Migration in Germany: Many Figures, Little Comprehension; 8 Hungary: A Quantitative Overview of Irregular Migration; 9 The Quest for La Dolce Vita? Undocumented Migration in Italy.</subfield>
  </datafield>
  <datafield tag="505" ind1="8" ind2=" ">
    <subfield code="a">10 The Netherlands: Assessing the Irregular Population in a Restrictive Setting11 Poland: 'Waiting For' Irregular Migration; 12 Slovakia: Irregular Migration From Old Challenges to New; 13 Spain: Irregularity as a Rule; 14 Dichotomized Discourses and Changing Landscapes: Counting the Uncountable in the UK; 15 Irregular Migration in the European Union: Evidence, Facts and Myths; Index.</subfield>
  </datafield>
  <datafield tag="650" ind1=" " ind2="0">
    <subfield code="a">Illegal aliens</subfield>
    <subfield code="z">European Union countries</subfield>
    <subfield code="v">Case studies.</subfield>
  </datafield>
  <datafield tag="651" ind1=" " ind2="0">
    <subfield code="a">European Union countries</subfield>
    <subfield code="x">Emigration and immigration</subfield>
    <subfield code="v">Case studies.</subfield>
  </datafield>
  <datafield tag="651" ind1=" " ind2="0">
    <subfield code="a">European Union countries</subfield>
    <subfield code="x">Ethnic relations</subfield>
    <subfield code="v">Case studies.</subfield>
  </datafield>
  <datafield tag="650" ind1=" " ind2="4">
    <subfield code="a">Fallstudiensammlung.</subfield>
  </datafield>
  <datafield tag="650" ind1=" " ind2="7">
    <subfield code="a">SOCIAL SCIENCE</subfield>
    <subfield code="x">Emigration &amp; Immigration.</subfield>
    <subfield code="2">bisacsh</subfield>
  </datafield>
  <datafield tag="650" ind1=" " ind2="7">
    <subfield code="a">Emigration and immigration.</subfield>
    <subfield code="2">fast</subfield>
    <subfield code="0">(OCoLC)fst00908690</subfield>
  </datafield>
  <datafield tag="650" ind1=" " ind2="7">
    <subfield code="a">Ethnic relations.</subfield>
    <subfield code="2">fast</subfield>
    <subfield code="0">(OCoLC)fst00916005</subfield>
  </datafield>
  <datafield tag="650" ind1=" " ind2="7">
    <subfield code="a">Illegal aliens.</subfield>
    <subfield code="2">fast</subfield>
    <subfield code="0">(OCoLC)fst00967153</subfield>
  </datafield>
  <datafield tag="651" ind1=" " ind2="7">
    <subfield code="a">Europe</subfield>
    <subfield code="z">European Union countries.</subfield>
    <subfield code="2">fast</subfield>
    <subfield code="0">(OCoLC)fst01269470</subfield>
  </datafield>
  <datafield tag="650" ind1="0" ind2="7">
    <subfield code="a">Mitgliedsstaaten.</subfield>
    <subfield code="2">swd</subfield>
  </datafield>
  <datafield tag="650" ind1="0" ind2="7">
    <subfield code="a">Illegale Einwanderung.</subfield>
    <subfield code="2">swd</subfield>
  </datafield>
  <datafield tag="651" ind1=" " ind2="7">
    <subfield code="a">Europäische Union.</subfield>
    <subfield code="2">swd</subfield>
  </datafield>
  <datafield tag="650" ind1=" " ind2="7">
    <subfield code="a">Emigration och immigration</subfield>
    <subfield code="z">EU-länderna.</subfield>
    <subfield code="2">sao</subfield>
  </datafield>
  <datafield tag="650" ind1=" " ind2="7">
    <subfield code="a">Etniska relationer</subfield>
    <subfield code="z">EU-länderna.</subfield>
    <subfield code="2">sao</subfield>
  </datafield>
  <datafield tag="650" ind1=" " ind2="7">
    <subfield code="a">Illegal invandring</subfield>
    <subfield code="z">EU-länderna.</subfield>
    <subfield code="2">sao</subfield>
  </datafield>
  <datafield tag="650" ind1=" " ind2="7">
    <subfield code="a">Statsvetenskap.</subfield>
    <subfield code="2">sao</subfield>
  </datafield>
  <datafield tag="655" ind1=" " ind2="4">
    <subfield code="a">Electronic books.</subfield>
  </datafield>
  <datafield tag="655" ind1=" " ind2="7">
    <subfield code="a">Case studies.</subfield>
    <subfield code="2">fast</subfield>
    <subfield code="0">(OCoLC)fst01423765</subfield>
  </datafield>
  <datafield tag="700" ind1="1" ind2=" ">
    <subfield code="a">Triandafyllidou, Anna.</subfield>
  </datafield>
  <datafield tag="776" ind1="0" ind2="8">
    <subfield code="i">Print version:</subfield>
    <subfield code="t">Irregular migration in Europe.</subfield>
    <subfield code="d">Farnham, Surrey, England ; Burlington, Vt. : Ashgate Pub., ©2010</subfield>
    <subfield code="w">(DLC)  2009042086</subfield>
  </datafield>
  <datafield tag="830" ind1=" " ind2="0">
    <subfield code="a">Research in migration and ethnic relations series.</subfield>
  </datafield>
  <datafield tag="856" ind1="4" ind2="0">
    <subfield code="3">Ebook Library</subfield>
    <subfield code="u">http://public.eblib.com/choice/publicfullrecord.aspx?p=495292</subfield>
  </datafield>
  <datafield tag="856" ind1="4" ind2="0">
    <subfield code="3">ebrary</subfield>
    <subfield code="u">http://site.ebrary.com/id/10376627</subfield>
  </datafield>
  <datafield tag="856" ind1="4" ind2="0">
    <subfield code="3">EBSCOhost</subfield>
    <subfield code="u">http://search.ebscohost.com/login.aspx?direct=true&amp;scope=site&amp;db=nlebk&amp;db=nlabk&amp;AN=389022</subfield>
  </datafield>
  <datafield tag="856" ind1="4" ind2="0">
    <subfield code="3">MyiLibrary</subfield>
    <subfield code="u">http://www.myilibrary.com?id=252513</subfield>
  </datafield>
  
  
  
  
  
  
  
  
  
  
  
  
  
  
  
  
  
  
  
  
  
</record>