<record xmlns="http://www.loc.gov/MARC21/slim" xmlns:zs="http://docs.oasis-open.org/ns/search-ws/sruResponse">
  <leader>02282cam a2200553 i 4500</leader>
  <controlfield tag="001">ocn898493072</controlfield>
  <controlfield tag="003">OCoLC</controlfield>
  <controlfield tag="005">20160312213827.0</controlfield>
  <controlfield tag="008">141222s2014    ru            000 f rusoc</controlfield>
  <datafield tag="040" ind1=" " ind2=" ">
    <subfield code="a">NYP</subfield>
    <subfield code="b">eng</subfield>
    <subfield code="c">NYP</subfield>
    <subfield code="e">rda</subfield>
    <subfield code="d">PAU</subfield>
    <subfield code="d">VP@</subfield>
    <subfield code="d">ZCU</subfield>
    <subfield code="d">OCLCO</subfield>
    <subfield code="d">IUL</subfield>
    <subfield code="d">OCLCO</subfield>
    <subfield code="d">OCLCF</subfield>
    <subfield code="d">OCLCO</subfield>
    <subfield code="d">EVIEW</subfield>
  </datafield>
  <datafield tag="066" ind1=" " ind2=" ">
    <subfield code="c">(N</subfield>
  </datafield>
  <datafield tag="020" ind1=" " ind2=" ">
    <subfield code="a">9785386077754</subfield>
  </datafield>
  <datafield tag="020" ind1=" " ind2=" ">
    <subfield code="a">5386077759</subfield>
  </datafield>
  <datafield tag="035" ind1=" " ind2=" ">
    <subfield code="a">(OCoLC)898493072</subfield>
  </datafield>
  <datafield tag="042" ind1=" " ind2=" ">
    <subfield code="a">pcc</subfield>
  </datafield>
  <datafield tag="043" ind1=" " ind2=" ">
    <subfield code="a">e-dk---</subfield>
  </datafield>
  <datafield tag="050" ind1=" " ind2="4">
    <subfield code="a">PG3492.37.O935</subfield>
    <subfield code="b">B59 2014</subfield>
  </datafield>
  <datafield tag="100" ind1="1" ind2=" ">
    <subfield code="6">880-01</subfield>
    <subfield code="a">Ivanov, Andreĭ,</subfield>
    <subfield code="d">1971-</subfield>
    <subfield code="e">author.</subfield>
  </datafield>
  <datafield tag="245" ind1="1" ind2="0">
    <subfield code="6">880-02</subfield>
    <subfield code="a">Bizar /</subfield>
    <subfield code="c">Andreĭ Ivanov.</subfield>
  </datafield>
  <datafield tag="264" ind1=" " ind2="1">
    <subfield code="6">880-03</subfield>
    <subfield code="a">Moskva :</subfield>
    <subfield code="b">RIPOL klassik,</subfield>
    <subfield code="c">2014.</subfield>
  </datafield>
  <datafield tag="300" ind1=" " ind2=" ">
    <subfield code="a">349 pages ;</subfield>
    <subfield code="c">22 cm.</subfield>
  </datafield>
  <datafield tag="336" ind1=" " ind2=" ">
    <subfield code="a">text</subfield>
    <subfield code="b">txt</subfield>
    <subfield code="2">rdacontent</subfield>
  </datafield>
  <datafield tag="337" ind1=" " ind2=" ">
    <subfield code="a">unmediated</subfield>
    <subfield code="b">n</subfield>
    <subfield code="2">rdamedia</subfield>
  </datafield>
  <datafield tag="338" ind1=" " ind2=" ">
    <subfield code="a">volume</subfield>
    <subfield code="b">nc</subfield>
    <subfield code="2">rdacarrier</subfield>
  </datafield>
  <datafield tag="490" ind1="1" ind2=" ">
    <subfield code="6">880-04</subfield>
    <subfield code="a">Novai͡a klassika / Novum classic</subfield>
  </datafield>
  <datafield tag="500" ind1=" " ind2=" ">
    <subfield code="a">Novel.</subfield>
  </datafield>
  <datafield tag="650" ind1=" " ind2="0">
    <subfield code="a">Russians</subfield>
    <subfield code="z">Denmark</subfield>
    <subfield code="v">Fiction.</subfield>
  </datafield>
  <datafield tag="650" ind1=" " ind2="0">
    <subfield code="a">Illegal aliens</subfield>
    <subfield code="z">Denmark</subfield>
    <subfield code="v">Fiction.</subfield>
  </datafield>
  <datafield tag="650" ind1=" " ind2="7">
    <subfield code="a">Illegal aliens.</subfield>
    <subfield code="2">fast</subfield>
    <subfield code="0">(OCoLC)fst00967153</subfield>
  </datafield>
  <datafield tag="650" ind1=" " ind2="7">
    <subfield code="a">Russians.</subfield>
    <subfield code="2">fast</subfield>
    <subfield code="0">(OCoLC)fst01102429</subfield>
  </datafield>
  <datafield tag="651" ind1=" " ind2="7">
    <subfield code="a">Denmark.</subfield>
    <subfield code="2">fast</subfield>
    <subfield code="0">(OCoLC)fst01204558</subfield>
  </datafield>
  <datafield tag="655" ind1=" " ind2="7">
    <subfield code="a">Psychological fiction.</subfield>
    <subfield code="2">lcgft</subfield>
  </datafield>
  <datafield tag="655" ind1=" " ind2="7">
    <subfield code="a">Fiction.</subfield>
    <subfield code="2">fast</subfield>
    <subfield code="0">(OCoLC)fst01423787</subfield>
  </datafield>
  <datafield tag="655" ind1=" " ind2="7">
    <subfield code="a">Psychological fiction.</subfield>
    <subfield code="2">fast</subfield>
    <subfield code="0">(OCoLC)fst01726481</subfield>
  </datafield>
  <datafield tag="830" ind1=" " ind2="0">
    <subfield code="6">880-05</subfield>
    <subfield code="a">Novai͡a klassika--Novum classic.</subfield>
  </datafield>
  <datafield tag="880" ind1="1" ind2=" ">
    <subfield code="6">100-01/(N</subfield>
    <subfield code="a">Иванов, Андрей,</subfield>
    <subfield code="d">1971-</subfield>
    <subfield code="e">author.</subfield>
  </datafield>
  <datafield tag="880" ind1="1" ind2="0">
    <subfield code="6">245-02/(N</subfield>
    <subfield code="a">Бизар /</subfield>
    <subfield code="c">Андрей Иванов.</subfield>
  </datafield>
  <datafield tag="880" ind1=" " ind2="1">
    <subfield code="6">264-03/(N</subfield>
    <subfield code="a">Москва :</subfield>
    <subfield code="b">РИПОЛ классик,</subfield>
    <subfield code="c">2014.</subfield>
  </datafield>
  <datafield tag="880" ind1="1" ind2=" ">
    <subfield code="6">490-04/(N</subfield>
    <subfield code="a">Новая классика / Novum classic</subfield>
  </datafield>
  <datafield tag="880" ind1=" " ind2="0">
    <subfield code="6">830-05/(N</subfield>
    <subfield code="a">Новая классика--Novum classic.</subfield>
  </datafield>
  
  
  
  
  
  
  
  
  
</record>