<record xmlns="http://www.loc.gov/MARC21/slim" xmlns:zs="http://docs.oasis-open.org/ns/search-ws/sruResponse">
  <leader>04020cam a2200685 i 4500</leader>
  <controlfield tag="001">ocn903098521</controlfield>
  <controlfield tag="003">OCoLC</controlfield>
  <controlfield tag="005">20160312213908.0</controlfield>
  <controlfield tag="008">150109s2014    caub          000 0deng c</controlfield>
  <datafield tag="010" ind1=" " ind2=" ">
    <subfield code="a">  2014943762</subfield>
  </datafield>
  <datafield tag="040" ind1=" " ind2=" ">
    <subfield code="a">PUL</subfield>
    <subfield code="b">eng</subfield>
    <subfield code="e">rda</subfield>
    <subfield code="c">PUL</subfield>
    <subfield code="d">OCLCO</subfield>
    <subfield code="d">CUS</subfield>
    <subfield code="d">OCLCF</subfield>
    <subfield code="d">IXA</subfield>
    <subfield code="d">OCL</subfield>
    <subfield code="d">WAU</subfield>
    <subfield code="d">STF</subfield>
    <subfield code="d">OCLCO</subfield>
    <subfield code="d">COO</subfield>
    <subfield code="d">OCLCO</subfield>
    <subfield code="d">OCLCA</subfield>
    <subfield code="d">OCLCQ</subfield>
    <subfield code="d">OCLCO</subfield>
  </datafield>
  <datafield tag="020" ind1=" " ind2=" ">
    <subfield code="a">9780692236420</subfield>
  </datafield>
  <datafield tag="020" ind1=" " ind2=" ">
    <subfield code="a">0692236422</subfield>
  </datafield>
  <datafield tag="035" ind1=" " ind2=" ">
    <subfield code="a">(OCoLC)903098521</subfield>
  </datafield>
  <datafield tag="041" ind1="0" ind2=" ">
    <subfield code="a">eng</subfield>
    <subfield code="a">spa</subfield>
    <subfield code="h">spa</subfield>
  </datafield>
  <datafield tag="042" ind1=" " ind2=" ">
    <subfield code="a">pcc</subfield>
  </datafield>
  <datafield tag="043" ind1=" " ind2=" ">
    <subfield code="a">n-us-ca</subfield>
    <subfield code="a">n-us-az</subfield>
  </datafield>
  <datafield tag="050" ind1=" " ind2="4">
    <subfield code="a">JV6920</subfield>
    <subfield code="b">.H573 2014</subfield>
  </datafield>
  <datafield tag="100" ind1="1" ind2=" ">
    <subfield code="a">Hitchman, Virginia,</subfield>
    <subfield code="e">author,</subfield>
    <subfield code="e">interviewer,</subfield>
    <subfield code="e">translator,</subfield>
    <subfield code="e">compiler,</subfield>
    <subfield code="e">editor.</subfield>
  </datafield>
  <datafield tag="245" ind1="1" ind2="3">
    <subfield code="a">La frontera :</subfield>
    <subfield code="b">stories of undocumented immigrants crossing the border /</subfield>
    <subfield code="c">compiled, translated, &amp; edited by Virginia Hitchman.</subfield>
  </datafield>
  <datafield tag="246" ind1="3" ind2="0">
    <subfield code="a">Stories of undocumented immigrants crossing the border</subfield>
  </datafield>
  <datafield tag="250" ind1=" " ind2=" ">
    <subfield code="a">First edition.</subfield>
  </datafield>
  <datafield tag="264" ind1=" " ind2="1">
    <subfield code="a">Newman, California :</subfield>
    <subfield code="b">La Frontera Press,</subfield>
    <subfield code="c">[2014]</subfield>
  </datafield>
  <datafield tag="264" ind1=" " ind2="4">
    <subfield code="c">©2014</subfield>
  </datafield>
  <datafield tag="300" ind1=" " ind2=" ">
    <subfield code="a">xv, 153 pages :</subfield>
    <subfield code="b">map ;</subfield>
    <subfield code="c">25 cm</subfield>
  </datafield>
  <datafield tag="336" ind1=" " ind2=" ">
    <subfield code="a">text</subfield>
    <subfield code="b">txt</subfield>
    <subfield code="2">rdacontent</subfield>
  </datafield>
  <datafield tag="337" ind1=" " ind2=" ">
    <subfield code="a">unmediated</subfield>
    <subfield code="b">n</subfield>
    <subfield code="2">rdamedia</subfield>
  </datafield>
  <datafield tag="338" ind1=" " ind2=" ">
    <subfield code="a">volume</subfield>
    <subfield code="b">nc</subfield>
    <subfield code="2">rdacarrier</subfield>
  </datafield>
  <datafield tag="500" ind1=" " ind2=" ">
    <subfield code="a">Limited edition of 120 numbered copies.</subfield>
  </datafield>
  <datafield tag="520" ind1=" " ind2=" ">
    <subfield code="a">"While many immigrants make sacrifices to come to the United States, illegal immigrants risk their lives to do so. What motivates them? Why is it worth it to them to risk their lives to provide a better future for their families in America? What did they experience when coming here? My intention with this book is to shed light, to as large a community as possible, on the hardships and dangers that these immigrants endure while crossing the border and while living here illegally ... I have been trusted by these fine people to voice the stories of this significant, yet largely silent, portion of the United States' population, particularly here in California. I hope that their stories will shed a new light of understanding for the political and legislative conversations that are currently surrounding the creation and modification of U.S. immigration law"--Pages XIII-XV.</subfield>
  </datafield>
  <datafield tag="500" ind1=" " ind2=" ">
    <subfield code="a">Case bound in brown cloth over boards, with brown and white headbands glued to top and bottom of spine. Title, author, and press information on spine. In an illustrated dust jacket. Numbered with a blue ballpoint pen. Text is offset printed.</subfield>
  </datafield>
  <datafield tag="546" ind1=" " ind2=" ">
    <subfield code="a">Spanish on versos, with page-by-page English translation on rectos.</subfield>
  </datafield>
  <datafield tag="500" ind1=" " ind2=" ">
    <subfield code="a">Limited edition of 120 numbered copies. Princeton's copy is number 32.</subfield>
    <subfield code="5">NjP</subfield>
  </datafield>
  <datafield tag="500" ind1=" " ind2=" ">
    <subfield code="a">UW Libraries has limted edition copy number 114. A letter from the donor, Dr. Martin L. Greene, is laid in.</subfield>
    <subfield code="5">WaU</subfield>
  </datafield>
  <datafield tag="650" ind1=" " ind2="0">
    <subfield code="a">Illegal aliens</subfield>
    <subfield code="v">Interviews.</subfield>
  </datafield>
  <datafield tag="650" ind1=" " ind2="0">
    <subfield code="a">Border crossing</subfield>
    <subfield code="z">California</subfield>
    <subfield code="v">Anecdotes.</subfield>
  </datafield>
  <datafield tag="650" ind1=" " ind2="0">
    <subfield code="a">Border crossing</subfield>
    <subfield code="z">Arizona</subfield>
    <subfield code="v">Anecdotes.</subfield>
  </datafield>
  <datafield tag="650" ind1=" " ind2="0">
    <subfield code="a">Immigrants</subfield>
    <subfield code="z">California</subfield>
    <subfield code="v">Biography.</subfield>
  </datafield>
  <datafield tag="650" ind1=" " ind2="0">
    <subfield code="a">Immigrants</subfield>
    <subfield code="z">Arizona</subfield>
    <subfield code="v">Biography.</subfield>
  </datafield>
  <datafield tag="651" ind1=" " ind2="0">
    <subfield code="a">California</subfield>
    <subfield code="x">Emigration and immigration</subfield>
    <subfield code="v">Anecdotes.</subfield>
  </datafield>
  <datafield tag="651" ind1=" " ind2="0">
    <subfield code="a">Arizona</subfield>
    <subfield code="x">Emigration and immigration</subfield>
    <subfield code="v">Anecdotes.</subfield>
  </datafield>
  <datafield tag="650" ind1=" " ind2="0">
    <subfield code="a">High school students' writings, American</subfield>
    <subfield code="v">Specimens.</subfield>
  </datafield>
  <datafield tag="650" ind1=" " ind2="7">
    <subfield code="a">Border crossing.</subfield>
    <subfield code="2">fast</subfield>
    <subfield code="0">(OCoLC)fst01715649</subfield>
  </datafield>
  <datafield tag="650" ind1=" " ind2="7">
    <subfield code="a">Emigration and immigration.</subfield>
    <subfield code="2">fast</subfield>
    <subfield code="0">(OCoLC)fst00908690</subfield>
  </datafield>
  <datafield tag="650" ind1=" " ind2="7">
    <subfield code="a">High school students' writings, American.</subfield>
    <subfield code="2">fast</subfield>
    <subfield code="0">(OCoLC)fst00956238</subfield>
  </datafield>
  <datafield tag="650" ind1=" " ind2="7">
    <subfield code="a">Illegal aliens.</subfield>
    <subfield code="2">fast</subfield>
    <subfield code="0">(OCoLC)fst00967153</subfield>
  </datafield>
  <datafield tag="650" ind1=" " ind2="7">
    <subfield code="a">Immigrants.</subfield>
    <subfield code="2">fast</subfield>
    <subfield code="0">(OCoLC)fst00967712</subfield>
  </datafield>
  <datafield tag="651" ind1=" " ind2="7">
    <subfield code="a">Arizona.</subfield>
    <subfield code="2">fast</subfield>
    <subfield code="0">(OCoLC)fst01204820</subfield>
  </datafield>
  <datafield tag="651" ind1=" " ind2="7">
    <subfield code="a">California.</subfield>
    <subfield code="2">fast</subfield>
    <subfield code="0">(OCoLC)fst01204928</subfield>
  </datafield>
  <datafield tag="655" ind1=" " ind2="7">
    <subfield code="a">Anecdotes.</subfield>
    <subfield code="2">fast</subfield>
    <subfield code="0">(OCoLC)fst01423876</subfield>
  </datafield>
  <datafield tag="655" ind1=" " ind2="7">
    <subfield code="a">Biography.</subfield>
    <subfield code="2">fast</subfield>
    <subfield code="0">(OCoLC)fst01423686</subfield>
  </datafield>
  <datafield tag="655" ind1=" " ind2="7">
    <subfield code="a">Interviews.</subfield>
    <subfield code="2">fast</subfield>
    <subfield code="0">(OCoLC)fst01423832</subfield>
  </datafield>
  <datafield tag="655" ind1=" " ind2="7">
    <subfield code="a">Specimens.</subfield>
    <subfield code="2">fast</subfield>
    <subfield code="0">(OCoLC)fst01423861</subfield>
  </datafield>
  <datafield tag="655" ind1=" " ind2="7">
    <subfield code="a">Interviews.</subfield>
    <subfield code="2">lcgft</subfield>
  </datafield>
  <datafield tag="655" ind1=" " ind2="7">
    <subfield code="a">Anecdotes.</subfield>
    <subfield code="2">lcgft</subfield>
  </datafield>
  <datafield tag="710" ind1="2" ind2=" ">
    <subfield code="a">La Frontera Press,</subfield>
    <subfield code="e">publisher.</subfield>
  </datafield>
  
  
  
  
</record>