<record xmlns="http://www.loc.gov/MARC21/slim" xmlns:zs="http://docs.oasis-open.org/ns/search-ws/sruResponse">
  <leader>02950cam a2200601 a 4500</leader>
  <controlfield tag="001">ocm13614208 </controlfield>
  <controlfield tag="003">OCoLC</controlfield>
  <controlfield tag="005">20160312213732.0</controlfield>
  <controlfield tag="008">880712s1986    dcua     b    000 0 eng  </controlfield>
  <datafield tag="010" ind1=" " ind2=" ">
    <subfield code="a">   88160144 </subfield>
  </datafield>
  <datafield tag="040" ind1=" " ind2=" ">
    <subfield code="a">DLC</subfield>
    <subfield code="b">eng</subfield>
    <subfield code="c">DLC</subfield>
    <subfield code="d">EL$</subfield>
    <subfield code="d">BTCTA</subfield>
    <subfield code="d">YDXCP</subfield>
    <subfield code="d">GBVCP</subfield>
    <subfield code="d">OCLCO</subfield>
    <subfield code="d">OCLCA</subfield>
    <subfield code="d">OCLCF</subfield>
    <subfield code="d">OCLCQ</subfield>
    <subfield code="d">OCLCO</subfield>
  </datafield>
  <datafield tag="019" ind1=" " ind2=" ">
    <subfield code="a">692279254</subfield>
  </datafield>
  <datafield tag="024" ind1="8" ind2=" ">
    <subfield code="a">ZBWT00641369</subfield>
  </datafield>
  <datafield tag="035" ind1=" " ind2=" ">
    <subfield code="a">(OCoLC)13614208</subfield>
    <subfield code="z">(OCoLC)692279254</subfield>
  </datafield>
  <datafield tag="043" ind1=" " ind2=" ">
    <subfield code="a">n-us---</subfield>
  </datafield>
  <datafield tag="050" ind1="0" ind2="0">
    <subfield code="a">HD8081.A5</subfield>
    <subfield code="b">M37 1986</subfield>
  </datafield>
  <datafield tag="082" ind1="0" ind2="0">
    <subfield code="a">331.6/2/0973</subfield>
    <subfield code="2">19</subfield>
  </datafield>
  <datafield tag="100" ind1="1" ind2=" ">
    <subfield code="a">Martin, Philip L.,</subfield>
    <subfield code="d">1949-</subfield>
  </datafield>
  <datafield tag="245" ind1="1" ind2="0">
    <subfield code="a">Illegal immigration and the colonization of the American labor market /</subfield>
    <subfield code="c">by Philip L. Martin.</subfield>
  </datafield>
  <datafield tag="260" ind1=" " ind2=" ">
    <subfield code="a">Washington, DC (1424 16th St., NW, Washington 20036) :</subfield>
    <subfield code="b">Center for Immigration Studies,</subfield>
    <subfield code="c">[1986]</subfield>
  </datafield>
  <datafield tag="300" ind1=" " ind2=" ">
    <subfield code="a">52 pages :</subfield>
    <subfield code="b">illustrations ;</subfield>
    <subfield code="c">22 cm.</subfield>
  </datafield>
  <datafield tag="336" ind1=" " ind2=" ">
    <subfield code="a">text</subfield>
    <subfield code="b">txt</subfield>
    <subfield code="2">rdacontent</subfield>
  </datafield>
  <datafield tag="337" ind1=" " ind2=" ">
    <subfield code="a">unmediated</subfield>
    <subfield code="b">n</subfield>
    <subfield code="2">rdamedia</subfield>
  </datafield>
  <datafield tag="338" ind1=" " ind2=" ">
    <subfield code="a">volume</subfield>
    <subfield code="b">nc</subfield>
    <subfield code="2">rdacarrier</subfield>
  </datafield>
  <datafield tag="490" ind1="1" ind2=" ">
    <subfield code="a">CIS paper ;</subfield>
    <subfield code="v">1</subfield>
  </datafield>
  <datafield tag="500" ind1=" " ind2=" ">
    <subfield code="a">"January 1986."</subfield>
  </datafield>
  <datafield tag="504" ind1=" " ind2=" ">
    <subfield code="a">Includes bibliographical references (pages 46-52).</subfield>
  </datafield>
  <datafield tag="650" ind1=" " ind2="0">
    <subfield code="a">Illegal aliens</subfield>
    <subfield code="x">Employment</subfield>
    <subfield code="z">United States.</subfield>
  </datafield>
  <datafield tag="650" ind1=" " ind2="0">
    <subfield code="a">Foreign workers</subfield>
    <subfield code="x">Government policy</subfield>
    <subfield code="z">United States.</subfield>
  </datafield>
  <datafield tag="651" ind1=" " ind2="0">
    <subfield code="a">United States</subfield>
    <subfield code="x">Emigration and immigration</subfield>
    <subfield code="x">Government policy.</subfield>
  </datafield>
  <datafield tag="650" ind1=" " ind2="4">
    <subfield code="a">Trabajadores agrícolas</subfield>
    <subfield code="z">EE. UU.</subfield>
  </datafield>
  <datafield tag="650" ind1=" " ind2="7">
    <subfield code="a">Emigration and immigration</subfield>
    <subfield code="x">Government policy.</subfield>
    <subfield code="2">fast</subfield>
    <subfield code="0">(OCoLC)fst00908700</subfield>
  </datafield>
  <datafield tag="650" ind1=" " ind2="7">
    <subfield code="a">Foreign workers</subfield>
    <subfield code="x">Government policy.</subfield>
    <subfield code="2">fast</subfield>
    <subfield code="0">(OCoLC)fst01729234</subfield>
  </datafield>
  <datafield tag="650" ind1=" " ind2="7">
    <subfield code="a">Illegal aliens</subfield>
    <subfield code="x">Employment.</subfield>
    <subfield code="2">fast</subfield>
    <subfield code="0">(OCoLC)fst00967159</subfield>
  </datafield>
  <datafield tag="651" ind1=" " ind2="7">
    <subfield code="a">United States.</subfield>
    <subfield code="2">fast</subfield>
    <subfield code="0">(OCoLC)fst01204155</subfield>
  </datafield>
  <datafield tag="710" ind1="2" ind2=" ">
    <subfield code="a">Center for Immigration Studies (Washington, D.C.)</subfield>
  </datafield>
  <datafield tag="776" ind1="0" ind2="8">
    <subfield code="i">Online version:</subfield>
    <subfield code="a">Martin, Philip L., 1949-</subfield>
    <subfield code="t">Illegal immigration and the colonization of the American labor market.</subfield>
    <subfield code="d">Washington, DC (1424 16th St., NW, Washington 20036) : Center for Immigration Studies, [1986]</subfield>
    <subfield code="w">(OCoLC)654619687</subfield>
  </datafield>
  <datafield tag="830" ind1=" " ind2="0">
    <subfield code="a">CIS paper ;</subfield>
    <subfield code="v">1.</subfield>
  </datafield>
  
  
  
  
  
  
  
  
  
  
  
  
  
  
  
</record>