<record xmlns="http://www.loc.gov/MARC21/slim" xmlns:zs="http://docs.oasis-open.org/ns/search-ws/sruResponse">
  <leader>01899cam a2200469Ia 4500</leader>
  <controlfield tag="001">ocm35737537 </controlfield>
  <controlfield tag="003">OCoLC</controlfield>
  <controlfield tag="005">20160312213720.0</controlfield>
  <controlfield tag="008">961015s1996    dcu          f000 0 eng d</controlfield>
  <datafield tag="040" ind1=" " ind2=" ">
    <subfield code="a">GPO</subfield>
    <subfield code="b">eng</subfield>
    <subfield code="c">GPO</subfield>
    <subfield code="d">SYB</subfield>
    <subfield code="d">OCLCQ</subfield>
    <subfield code="d">OCLCF</subfield>
    <subfield code="d">OCLCQ</subfield>
    <subfield code="d">OCLCO</subfield>
  </datafield>
  <datafield tag="035" ind1=" " ind2=" ">
    <subfield code="a">(OCoLC)35737537</subfield>
  </datafield>
  <datafield tag="043" ind1=" " ind2=" ">
    <subfield code="a">n-us---</subfield>
  </datafield>
  <datafield tag="050" ind1=" " ind2="4">
    <subfield code="a">KF5106.A15</subfield>
    <subfield code="b">F33</subfield>
  </datafield>
  <datafield tag="074" ind1=" " ind2=" ">
    <subfield code="a">0968-H-01</subfield>
  </datafield>
  <datafield tag="086" ind1="0" ind2=" ">
    <subfield code="a">J 26.2:AL 4</subfield>
  </datafield>
  <datafield tag="088" ind1=" " ind2=" ">
    <subfield code="a">FS 000152</subfield>
  </datafield>
  <datafield tag="245" ind1="0" ind2="0">
    <subfield code="a">State criminal alien assistance program.</subfield>
  </datafield>
  <datafield tag="260" ind1=" " ind2=" ">
    <subfield code="a">Washington, DC :</subfield>
    <subfield code="b">U.S. Dept. of Justice, Office of Justice Programs, Bureau of Justice Assistance,</subfield>
    <subfield code="c">[1996]</subfield>
  </datafield>
  <datafield tag="300" ind1=" " ind2=" ">
    <subfield code="a">2 unnumbered pages ;</subfield>
    <subfield code="c">28 cm.</subfield>
  </datafield>
  <datafield tag="336" ind1=" " ind2=" ">
    <subfield code="a">text</subfield>
    <subfield code="b">txt</subfield>
    <subfield code="2">rdacontent</subfield>
  </datafield>
  <datafield tag="337" ind1=" " ind2=" ">
    <subfield code="a">unmediated</subfield>
    <subfield code="b">n</subfield>
    <subfield code="2">rdamedia</subfield>
  </datafield>
  <datafield tag="338" ind1=" " ind2=" ">
    <subfield code="a">volume</subfield>
    <subfield code="b">nc</subfield>
    <subfield code="2">rdacarrier</subfield>
  </datafield>
  <datafield tag="490" ind1="1" ind2=" ">
    <subfield code="a">Fact sheet</subfield>
  </datafield>
  <datafield tag="500" ind1=" " ind2=" ">
    <subfield code="a">Caption title.</subfield>
  </datafield>
  <datafield tag="500" ind1=" " ind2=" ">
    <subfield code="a">Shipping list no. 97-0003-P.</subfield>
  </datafield>
  <datafield tag="500" ind1=" " ind2=" ">
    <subfield code="a">"September 1996"--Page [2].</subfield>
  </datafield>
  <datafield tag="500" ind1=" " ind2=" ">
    <subfield code="a">"FS000152"--Page [2].</subfield>
  </datafield>
  <datafield tag="650" ind1=" " ind2="0">
    <subfield code="a">Alien criminals</subfield>
    <subfield code="z">United States.</subfield>
  </datafield>
  <datafield tag="650" ind1=" " ind2="0">
    <subfield code="a">Illegal aliens</subfield>
    <subfield code="z">United States.</subfield>
  </datafield>
  <datafield tag="650" ind1=" " ind2="0">
    <subfield code="a">Criminal law</subfield>
    <subfield code="z">United States.</subfield>
  </datafield>
  <datafield tag="650" ind1=" " ind2="7">
    <subfield code="a">Alien criminals.</subfield>
    <subfield code="2">fast</subfield>
    <subfield code="0">(OCoLC)fst00805053</subfield>
  </datafield>
  <datafield tag="650" ind1=" " ind2="7">
    <subfield code="a">Criminal law.</subfield>
    <subfield code="2">fast</subfield>
    <subfield code="0">(OCoLC)fst00883328</subfield>
  </datafield>
  <datafield tag="650" ind1=" " ind2="7">
    <subfield code="a">Illegal aliens.</subfield>
    <subfield code="2">fast</subfield>
    <subfield code="0">(OCoLC)fst00967153</subfield>
  </datafield>
  <datafield tag="651" ind1=" " ind2="7">
    <subfield code="a">United States.</subfield>
    <subfield code="2">fast</subfield>
    <subfield code="0">(OCoLC)fst01204155</subfield>
  </datafield>
  <datafield tag="710" ind1="1" ind2=" ">
    <subfield code="a">United States.</subfield>
    <subfield code="b">Bureau of Justice Assistance.</subfield>
  </datafield>
  <datafield tag="776" ind1="0" ind2="8">
    <subfield code="i">Online version:</subfield>
    <subfield code="t">State criminal alien assistance program.</subfield>
    <subfield code="d">Washington, DC : U.S. Dept. of Justice, Office of Justice Programs, Bureau of Justice Assistance, [1996]</subfield>
    <subfield code="w">(OCoLC)605172054</subfield>
  </datafield>
  <datafield tag="830" ind1=" " ind2="0">
    <subfield code="a">Fact sheet (United States. Bureau of Justice Assistance)</subfield>
  </datafield>
  
  
  
  
  
</record>