<record xmlns="http://www.loc.gov/MARC21/slim" xmlns:zs="http://docs.oasis-open.org/ns/search-ws/sruResponse">
  <leader>02426cgm a2200493Ia 4500</leader>
  <controlfield tag="001">ocn232304733</controlfield>
  <controlfield tag="003">OCoLC</controlfield>
  <controlfield tag="005">20160312213843.0</controlfield>
  <controlfield tag="008">080618p20072006nyu060            vleng d</controlfield>
  <controlfield tag="007">vd cvaizu</controlfield>
  <datafield tag="040" ind1=" " ind2=" ">
    <subfield code="a">WAU</subfield>
    <subfield code="b">eng</subfield>
    <subfield code="c">WAU</subfield>
    <subfield code="d">MNF</subfield>
    <subfield code="d">EMU</subfield>
    <subfield code="d">OCLCA</subfield>
    <subfield code="d">OCLCQ</subfield>
    <subfield code="d">OCLCF</subfield>
    <subfield code="d">OCLCO</subfield>
  </datafield>
  <datafield tag="035" ind1=" " ind2=" ">
    <subfield code="a">(OCoLC)232304733</subfield>
  </datafield>
  <datafield tag="041" ind1="1" ind2=" ">
    <subfield code="a">eng</subfield>
    <subfield code="j">eng</subfield>
    <subfield code="j">spa</subfield>
    <subfield code="h">eng</subfield>
  </datafield>
  <datafield tag="043" ind1=" " ind2=" ">
    <subfield code="a">n-us---</subfield>
  </datafield>
  <datafield tag="050" ind1="1" ind2="4">
    <subfield code="a">HQ281</subfield>
    <subfield code="b">.L58 2007</subfield>
  </datafield>
  <datafield tag="245" ind1="0" ind2="0">
    <subfield code="a">Lives for sale</subfield>
    <subfield code="h">[videorecording] /</subfield>
    <subfield code="c">A co-production of Maryknoll Productions and Lightfoot Films, Inc. ; in association with Faith &amp; Values Media ; produced, written and directed by Gayla Jamison.</subfield>
  </datafield>
  <datafield tag="260" ind1=" " ind2=" ">
    <subfield code="a">[New York] :</subfield>
    <subfield code="b">Maryknoll Productions,</subfield>
    <subfield code="c">[2007?]</subfield>
  </datafield>
  <datafield tag="300" ind1=" " ind2=" ">
    <subfield code="a">1 videodisc (58 min.) :</subfield>
    <subfield code="b">sd., col. ;</subfield>
    <subfield code="c">4 3/4 in.</subfield>
  </datafield>
  <datafield tag="538" ind1=" " ind2=" ">
    <subfield code="a">DVD, NTSC.</subfield>
  </datafield>
  <datafield tag="546" ind1=" " ind2=" ">
    <subfield code="a">Soundtrack in English with portions in Spanish with English subtitles; closed-captioned.</subfield>
  </datafield>
  <datafield tag="511" ind1="0" ind2=" ">
    <subfield code="a">Narrator, Marabina Jaimes.</subfield>
  </datafield>
  <datafield tag="508" ind1=" " ind2=" ">
    <subfield code="a">Director of photography, Elena Pardo ; editor, Ellen Goldwasser ; music, Chip Epsten.</subfield>
  </datafield>
  <datafield tag="500" ind1=" " ind2=" ">
    <subfield code="a">"C2006 Catholic Foreign Mission Society of America, Inc."</subfield>
  </datafield>
  <datafield tag="520" ind1=" " ind2=" ">
    <subfield code="a">"Tracing the stories of two young women who were traffiked, one in California, the other in Florida, the documentary asks why and how this could happen in the United States, and what can be done to stem the most lucrative criminal enterprise after drugs and gun sales."--Container.</subfield>
  </datafield>
  <datafield tag="650" ind1=" " ind2="0">
    <subfield code="a">Human trafficking</subfield>
    <subfield code="z">United States.</subfield>
  </datafield>
  <datafield tag="650" ind1=" " ind2="0">
    <subfield code="a">Human smuggling</subfield>
    <subfield code="z">United States.</subfield>
  </datafield>
  <datafield tag="650" ind1=" " ind2="0">
    <subfield code="a">Illegal aliens</subfield>
    <subfield code="z">United States.</subfield>
  </datafield>
  <datafield tag="651" ind1=" " ind2="0">
    <subfield code="a">United States</subfield>
    <subfield code="x">Emigration and immigration.</subfield>
  </datafield>
  <datafield tag="650" ind1=" " ind2="7">
    <subfield code="a">Emigration and immigration.</subfield>
    <subfield code="2">fast</subfield>
    <subfield code="0">(OCoLC)fst00908690</subfield>
  </datafield>
  <datafield tag="650" ind1=" " ind2="7">
    <subfield code="a">Human smuggling.</subfield>
    <subfield code="2">fast</subfield>
    <subfield code="0">(OCoLC)fst00963471</subfield>
  </datafield>
  <datafield tag="650" ind1=" " ind2="7">
    <subfield code="a">Human trafficking.</subfield>
    <subfield code="2">fast</subfield>
    <subfield code="0">(OCoLC)fst01739818</subfield>
  </datafield>
  <datafield tag="650" ind1=" " ind2="7">
    <subfield code="a">Illegal aliens.</subfield>
    <subfield code="2">fast</subfield>
    <subfield code="0">(OCoLC)fst00967153</subfield>
  </datafield>
  <datafield tag="651" ind1=" " ind2="7">
    <subfield code="a">United States.</subfield>
    <subfield code="2">fast</subfield>
    <subfield code="0">(OCoLC)fst01204155</subfield>
  </datafield>
  <datafield tag="655" ind1=" " ind2="7">
    <subfield code="a">Documentary films.</subfield>
    <subfield code="2">lcgft</subfield>
  </datafield>
  <datafield tag="655" ind1=" " ind2="7">
    <subfield code="a">Video recordings for the hearing impaired.</subfield>
    <subfield code="2">lcgft</subfield>
  </datafield>
  <datafield tag="655" ind1=" " ind2="7">
    <subfield code="a">Documentary films.</subfield>
    <subfield code="2">fast</subfield>
    <subfield code="0">(OCoLC)fst01710390</subfield>
  </datafield>
  <datafield tag="655" ind1=" " ind2="7">
    <subfield code="a">Video recordings for the hearing impaired.</subfield>
    <subfield code="2">fast</subfield>
    <subfield code="0">(OCoLC)fst01710450</subfield>
  </datafield>
  <datafield tag="700" ind1="1" ind2=" ">
    <subfield code="a">Jamison, Gayla.</subfield>
    <subfield code="4">pro</subfield>
    <subfield code="4">aus</subfield>
    <subfield code="4">drt</subfield>
  </datafield>
  <datafield tag="710" ind1="2" ind2=" ">
    <subfield code="a">Lightfoot Films.</subfield>
  </datafield>
  <datafield tag="710" ind1="2" ind2=" ">
    <subfield code="a">Faith &amp; Values Media (Firm)</subfield>
  </datafield>
  <datafield tag="710" ind1="2" ind2=" ">
    <subfield code="a">Maryknoll World Productions.</subfield>
  </datafield>
  <datafield tag="710" ind1="2" ind2=" ">
    <subfield code="a">Catholic Foreign Mission Society of America.</subfield>
  </datafield>
  
  
</record>