<record xmlns="http://www.loc.gov/MARC21/slim" xmlns:zs="http://docs.oasis-open.org/ns/search-ws/sruResponse">
  <leader>02247cam a22005654i 4500</leader>
  <controlfield tag="001">ocn879642360</controlfield>
  <controlfield tag="003">OCoLC</controlfield>
  <controlfield tag="005">20160312213758.0</controlfield>
  <controlfield tag="008">140505s2014    pau      b    001 0 eng c</controlfield>
  <datafield tag="010" ind1=" " ind2=" ">
    <subfield code="a">  2014017094</subfield>
  </datafield>
  <datafield tag="040" ind1=" " ind2=" ">
    <subfield code="a">PU/DLC</subfield>
    <subfield code="b">eng</subfield>
    <subfield code="e">rda</subfield>
    <subfield code="c">PAU</subfield>
    <subfield code="d">DLC</subfield>
    <subfield code="d">BTCTA</subfield>
    <subfield code="d">UKMGB</subfield>
    <subfield code="d">YDXCP</subfield>
    <subfield code="d">OCLCF</subfield>
    <subfield code="d">IG#</subfield>
    <subfield code="d">OCLCQ</subfield>
  </datafield>
  <datafield tag="016" ind1="7" ind2=" ">
    <subfield code="a">016774532</subfield>
    <subfield code="2">Uk</subfield>
  </datafield>
  <datafield tag="016" ind1="7" ind2=" ">
    <subfield code="a">016776034</subfield>
    <subfield code="2">Uk</subfield>
  </datafield>
  <datafield tag="020" ind1=" " ind2=" ">
    <subfield code="a">9780812246285</subfield>
    <subfield code="q">(hardcover ;</subfield>
    <subfield code="q">alk. paper)</subfield>
  </datafield>
  <datafield tag="020" ind1=" " ind2=" ">
    <subfield code="a">0812246284</subfield>
    <subfield code="q">(hardcover ;</subfield>
    <subfield code="q">alk. paper)</subfield>
  </datafield>
  <datafield tag="035" ind1=" " ind2=" ">
    <subfield code="a">(OCoLC)879642360</subfield>
  </datafield>
  <datafield tag="042" ind1=" " ind2=" ">
    <subfield code="a">pcc</subfield>
  </datafield>
  <datafield tag="043" ind1=" " ind2=" ">
    <subfield code="a">n-mx---</subfield>
    <subfield code="a">n-us---</subfield>
  </datafield>
  <datafield tag="050" ind1="0" ind2="0">
    <subfield code="a">JC599.M6</subfield>
    <subfield code="b">H85 2014</subfield>
  </datafield>
  <datafield tag="082" ind1="0" ind2="0">
    <subfield code="a">323.0972</subfield>
    <subfield code="2">23</subfield>
  </datafield>
  <datafield tag="245" ind1="0" ind2="0">
    <subfield code="a">Human rights :</subfield>
    <subfield code="b">the U.S.-Mexico experience /</subfield>
    <subfield code="c">edited by William Paul Simmons and Carol Mueller.</subfield>
  </datafield>
  <datafield tag="250" ind1=" " ind2=" ">
    <subfield code="a">1st ed.</subfield>
  </datafield>
  <datafield tag="264" ind1=" " ind2="1">
    <subfield code="a">Philadelphia :</subfield>
    <subfield code="b">University of Pennsylvania Press,</subfield>
    <subfield code="c">[2014]</subfield>
  </datafield>
  <datafield tag="300" ind1=" " ind2=" ">
    <subfield code="a">vi, 300 pages ;</subfield>
    <subfield code="c">24 cm.</subfield>
  </datafield>
  <datafield tag="336" ind1=" " ind2=" ">
    <subfield code="a">text</subfield>
    <subfield code="b">txt</subfield>
    <subfield code="2">rdacontent</subfield>
  </datafield>
  <datafield tag="337" ind1=" " ind2=" ">
    <subfield code="a">unmediated</subfield>
    <subfield code="b">n</subfield>
    <subfield code="2">rdamedia</subfield>
  </datafield>
  <datafield tag="338" ind1=" " ind2=" ">
    <subfield code="a">volume</subfield>
    <subfield code="b">nc</subfield>
    <subfield code="2">rdacarrier</subfield>
  </datafield>
  <datafield tag="490" ind1="1" ind2=" ">
    <subfield code="a">Pennsylvania studies in human rights</subfield>
  </datafield>
  <datafield tag="504" ind1=" " ind2=" ">
    <subfield code="a">Includes bibliographical references (pages 251-280) and index.</subfield>
  </datafield>
  <datafield tag="650" ind1=" " ind2="0">
    <subfield code="a">Human rights</subfield>
    <subfield code="z">Mexico.</subfield>
  </datafield>
  <datafield tag="650" ind1=" " ind2="0">
    <subfield code="a">Criminal justice, Administration of</subfield>
    <subfield code="z">Mexico.</subfield>
  </datafield>
  <datafield tag="651" ind1=" " ind2="0">
    <subfield code="a">Mexico</subfield>
    <subfield code="x">Foreign relations</subfield>
    <subfield code="z">United States.</subfield>
  </datafield>
  <datafield tag="651" ind1=" " ind2="0">
    <subfield code="a">United States</subfield>
    <subfield code="x">Foreign relations</subfield>
    <subfield code="z">Mexico.</subfield>
  </datafield>
  <datafield tag="650" ind1=" " ind2="0">
    <subfield code="a">Illegal aliens</subfield>
    <subfield code="z">United States</subfield>
    <subfield code="x">Social conditions.</subfield>
  </datafield>
  <datafield tag="650" ind1=" " ind2="0">
    <subfield code="a">Mexicans</subfield>
    <subfield code="z">United States</subfield>
    <subfield code="x">Social conditions.</subfield>
  </datafield>
  <datafield tag="650" ind1=" " ind2="7">
    <subfield code="a">Criminal justice, Administration of.</subfield>
    <subfield code="2">fast</subfield>
    <subfield code="0">(OCoLC)fst00883246</subfield>
  </datafield>
  <datafield tag="650" ind1=" " ind2="7">
    <subfield code="a">Diplomatic relations.</subfield>
    <subfield code="2">fast</subfield>
    <subfield code="0">(OCoLC)fst01907412</subfield>
  </datafield>
  <datafield tag="650" ind1=" " ind2="7">
    <subfield code="a">Human rights.</subfield>
    <subfield code="2">fast</subfield>
    <subfield code="0">(OCoLC)fst00963285</subfield>
  </datafield>
  <datafield tag="650" ind1=" " ind2="7">
    <subfield code="a">Illegal aliens</subfield>
    <subfield code="x">Social conditions.</subfield>
    <subfield code="2">fast</subfield>
    <subfield code="0">(OCoLC)fst00967171</subfield>
  </datafield>
  <datafield tag="650" ind1=" " ind2="7">
    <subfield code="a">Mexicans</subfield>
    <subfield code="x">Social conditions.</subfield>
    <subfield code="2">fast</subfield>
    <subfield code="0">(OCoLC)fst01019264</subfield>
  </datafield>
  <datafield tag="651" ind1=" " ind2="7">
    <subfield code="a">Mexico.</subfield>
    <subfield code="2">fast</subfield>
    <subfield code="0">(OCoLC)fst01211700</subfield>
  </datafield>
  <datafield tag="651" ind1=" " ind2="7">
    <subfield code="a">United States.</subfield>
    <subfield code="2">fast</subfield>
    <subfield code="0">(OCoLC)fst01204155</subfield>
  </datafield>
  <datafield tag="700" ind1="1" ind2=" ">
    <subfield code="a">Simmons, William Paul,</subfield>
    <subfield code="d">1965-</subfield>
  </datafield>
  <datafield tag="700" ind1="1" ind2=" ">
    <subfield code="a">Mueller, Carol McClurg.</subfield>
  </datafield>
  <datafield tag="830" ind1=" " ind2="0">
    <subfield code="a">Pennsylvania studies in human rights.</subfield>
  </datafield>
  
  
  
  
  
</record>