<record xmlns="http://www.loc.gov/MARC21/slim" xmlns:zs="http://docs.oasis-open.org/ns/search-ws/sruResponse">
  <leader>01941cam a2200493Ki 4500</leader>
  <controlfield tag="001">ocn929857580</controlfield>
  <controlfield tag="003">OCoLC</controlfield>
  <controlfield tag="005">20160312213944.0</controlfield>
  <controlfield tag="008">151118s2015    cou     ob    001 0 eng d</controlfield>
  <controlfield tag="006">m     o  d        </controlfield>
  <controlfield tag="007">cr cnu---unuuu</controlfield>
  <datafield tag="040" ind1=" " ind2=" ">
    <subfield code="a">N$T</subfield>
    <subfield code="b">eng</subfield>
    <subfield code="e">rda</subfield>
    <subfield code="e">pn</subfield>
    <subfield code="c">N$T</subfield>
    <subfield code="d">YDXCP</subfield>
  </datafield>
  <datafield tag="020" ind1=" " ind2=" ">
    <subfield code="a">9781626375437</subfield>
    <subfield code="q">electronic bk.</subfield>
  </datafield>
  <datafield tag="020" ind1=" " ind2=" ">
    <subfield code="a">1626375437</subfield>
    <subfield code="q">electronic bk.</subfield>
  </datafield>
  <datafield tag="020" ind1=" " ind2=" ">
    <subfield code="z">9781626372603</subfield>
  </datafield>
  <datafield tag="020" ind1=" " ind2=" ">
    <subfield code="z">1626372608</subfield>
  </datafield>
  <datafield tag="035" ind1=" " ind2=" ">
    <subfield code="a">(OCoLC)929857580</subfield>
  </datafield>
  <datafield tag="043" ind1=" " ind2=" ">
    <subfield code="a">n-us---</subfield>
  </datafield>
  <datafield tag="050" ind1=" " ind2="4">
    <subfield code="a">E184.S75</subfield>
    <subfield code="b">C53 2015eb</subfield>
  </datafield>
  <datafield tag="072" ind1=" " ind2="7">
    <subfield code="a">HIS</subfield>
    <subfield code="x">036010</subfield>
    <subfield code="2">bisacsh</subfield>
  </datafield>
  <datafield tag="082" ind1="0" ind2="4">
    <subfield code="a">973/.0468</subfield>
    <subfield code="2">23</subfield>
  </datafield>
  <datafield tag="100" ind1="1" ind2=" ">
    <subfield code="a">Clark-Ibáñez, Marisol.</subfield>
  </datafield>
  <datafield tag="245" ind1="1" ind2="0">
    <subfield code="a">Undocumented Latino youth :</subfield>
    <subfield code="b">navigating their worlds /</subfield>
    <subfield code="c">Marisol Clark-Ibáñez.</subfield>
  </datafield>
  <datafield tag="264" ind1=" " ind2="1">
    <subfield code="a">Boulder, Colorado :</subfield>
    <subfield code="b">Lynne Rienner Publishers, Inc.,</subfield>
    <subfield code="c">[2015]</subfield>
  </datafield>
  <datafield tag="300" ind1=" " ind2=" ">
    <subfield code="a">1 online resource (xii, 273 pages)</subfield>
  </datafield>
  <datafield tag="336" ind1=" " ind2=" ">
    <subfield code="a">text</subfield>
    <subfield code="b">txt</subfield>
    <subfield code="2">rdacontent</subfield>
  </datafield>
  <datafield tag="337" ind1=" " ind2=" ">
    <subfield code="a">computer</subfield>
    <subfield code="b">c</subfield>
    <subfield code="2">rdamedia</subfield>
  </datafield>
  <datafield tag="338" ind1=" " ind2=" ">
    <subfield code="a">online resource</subfield>
    <subfield code="b">cr</subfield>
    <subfield code="2">rdacarrier</subfield>
  </datafield>
  <datafield tag="490" ind1="1" ind2=" ">
    <subfield code="a">Latinos: exploring diversity and change</subfield>
  </datafield>
  <datafield tag="504" ind1=" " ind2=" ">
    <subfield code="a">Includes bibliographical references (pages 239 -261) and index.</subfield>
  </datafield>
  <datafield tag="588" ind1="0" ind2=" ">
    <subfield code="a">Print version record.</subfield>
  </datafield>
  <datafield tag="650" ind1=" " ind2="0">
    <subfield code="a">Latin Americans</subfield>
    <subfield code="z">United States.</subfield>
  </datafield>
  <datafield tag="650" ind1=" " ind2="0">
    <subfield code="a">Latin Americans</subfield>
    <subfield code="x">Education</subfield>
    <subfield code="z">United States.</subfield>
  </datafield>
  <datafield tag="650" ind1=" " ind2="0">
    <subfield code="a">Illegal aliens</subfield>
    <subfield code="x">Education</subfield>
    <subfield code="z">United States.</subfield>
  </datafield>
  <datafield tag="650" ind1=" " ind2="0">
    <subfield code="a">Immigrant youth</subfield>
    <subfield code="x">Education</subfield>
    <subfield code="z">United States.</subfield>
  </datafield>
  <datafield tag="650" ind1=" " ind2="7">
    <subfield code="a">HISTORY / United States / State &amp; Local / General</subfield>
    <subfield code="2">bisacsh</subfield>
  </datafield>
  <datafield tag="655" ind1=" " ind2="4">
    <subfield code="a">Electronic books.</subfield>
  </datafield>
  <datafield tag="776" ind1="0" ind2="8">
    <subfield code="i">Print version:</subfield>
    <subfield code="a">Clark-Ibáñez, Marisol.</subfield>
    <subfield code="t">Undocumented Latino youth</subfield>
    <subfield code="z">9781626372603</subfield>
    <subfield code="w">(DLC)  2015005477</subfield>
    <subfield code="w">(OCoLC)904335828</subfield>
  </datafield>
  <datafield tag="830" ind1=" " ind2="0">
    <subfield code="a">Latinos, exploring diversity and change.</subfield>
  </datafield>
  <datafield tag="856" ind1="4" ind2="0">
    <subfield code="3">EBSCOhost</subfield>
    <subfield code="u">http://search.ebscohost.com/login.aspx?direct=true&amp;scope=site&amp;db=nlebk&amp;db=nlabk&amp;AN=1097911</subfield>
  </datafield>
  
  
  
  
</record>