<record xmlns="http://www.loc.gov/MARC21/slim" xmlns:zs="http://docs.oasis-open.org/ns/search-ws/sruResponse">
  <leader>02118cam a2200433Ia 4500</leader>
  <controlfield tag="001">ocm31733360 </controlfield>
  <controlfield tag="003">OCoLC</controlfield>
  <controlfield tag="005">20160312213739.0</controlfield>
  <controlfield tag="008">941222s1993    dcua    b    f000 0 eng d</controlfield>
  <controlfield tag="007">he bmb024bbcd</controlfield>
  <datafield tag="040" ind1=" " ind2=" ">
    <subfield code="a">GPO</subfield>
    <subfield code="b">eng</subfield>
    <subfield code="c">GPO</subfield>
    <subfield code="d">SYB</subfield>
    <subfield code="d">OCLCQ</subfield>
    <subfield code="d">OCLCF</subfield>
    <subfield code="d">OCLCQ</subfield>
    <subfield code="d">OCLCO</subfield>
    <subfield code="d">OCLCQ</subfield>
  </datafield>
  <datafield tag="035" ind1=" " ind2=" ">
    <subfield code="a">(OCoLC)31733360</subfield>
  </datafield>
  <datafield tag="037" ind1=" " ind2=" ">
    <subfield code="a">150100</subfield>
    <subfield code="b">GAO (202) 512-6000 (Voice); (301) 258-4066 (Fax)</subfield>
  </datafield>
  <datafield tag="043" ind1=" " ind2=" ">
    <subfield code="a">n-us---</subfield>
  </datafield>
  <datafield tag="050" ind1=" " ind2="4">
    <subfield code="a">JX4263.A9</subfield>
    <subfield code="b">D35</subfield>
  </datafield>
  <datafield tag="074" ind1=" " ind2=" ">
    <subfield code="a">0546-D-01 (MF)</subfield>
  </datafield>
  <datafield tag="086" ind1="0" ind2=" ">
    <subfield code="a">GA 1.5/2:T-HRD-93-33</subfield>
  </datafield>
  <datafield tag="100" ind1="1" ind2=" ">
    <subfield code="a">Delfico, Joseph F.</subfield>
  </datafield>
  <datafield tag="245" ind1="1" ind2="0">
    <subfield code="a">Benefits for illegal aliens</subfield>
    <subfield code="h">[microform] :</subfield>
    <subfield code="b">some program costs increasing, but total costs unknown : statement of Joseph F. Delfico, Director, Income Security Issues, Human Resources Division, before the Task Force on Illegal Immigration, Republican Research Committee, House of Representatives /</subfield>
    <subfield code="c">United States General Accounting Office.</subfield>
  </datafield>
  <datafield tag="246" ind1="3" ind2=" ">
    <subfield code="a">Some program costs increasing, but total costs unknown</subfield>
  </datafield>
  <datafield tag="260" ind1=" " ind2=" ">
    <subfield code="a">[Washington, D.C.] :</subfield>
    <subfield code="b">The Office ;</subfield>
    <subfield code="a">[Gaithersburg, MD] (P.O. Box 6015, Gaithersburg 20884-6015) :</subfield>
    <subfield code="b">The Office [distributor],</subfield>
    <subfield code="c">[1993]</subfield>
  </datafield>
  <datafield tag="300" ind1=" " ind2=" ">
    <subfield code="a">11 pages :</subfield>
    <subfield code="b">illustrations ;</subfield>
    <subfield code="c">28 cm.</subfield>
  </datafield>
  <datafield tag="336" ind1=" " ind2=" ">
    <subfield code="a">text</subfield>
    <subfield code="b">txt</subfield>
    <subfield code="2">rdacontent</subfield>
  </datafield>
  <datafield tag="337" ind1=" " ind2=" ">
    <subfield code="a">microform</subfield>
    <subfield code="b">h</subfield>
    <subfield code="2">rdamedia</subfield>
  </datafield>
  <datafield tag="338" ind1=" " ind2=" ">
    <subfield code="a">microfiche</subfield>
    <subfield code="b">he</subfield>
    <subfield code="2">rdacarrier</subfield>
  </datafield>
  <datafield tag="490" ind1="1" ind2=" ">
    <subfield code="a">Testimony ;</subfield>
    <subfield code="v">GAO/T-HRD-93-33</subfield>
  </datafield>
  <datafield tag="500" ind1=" " ind2=" ">
    <subfield code="a">Distributed to depository libraries in microfiche.</subfield>
  </datafield>
  <datafield tag="500" ind1=" " ind2=" ">
    <subfield code="a">Shipping list no.: 94-0724-M.</subfield>
  </datafield>
  <datafield tag="500" ind1=" " ind2=" ">
    <subfield code="a">"September 29, 1993."</subfield>
  </datafield>
  <datafield tag="533" ind1=" " ind2=" ">
    <subfield code="a">Microfiche.</subfield>
    <subfield code="b">[Washington, D.C.] :</subfield>
    <subfield code="c">U.S. General Accounting Office,</subfield>
    <subfield code="d">[1994?].</subfield>
    <subfield code="e">1 microfiche : negative.</subfield>
  </datafield>
  <datafield tag="650" ind1=" " ind2="0">
    <subfield code="a">Illegal aliens</subfield>
    <subfield code="x">Services for</subfield>
    <subfield code="z">United States</subfield>
    <subfield code="x">Costs.</subfield>
  </datafield>
  <datafield tag="650" ind1=" " ind2="7">
    <subfield code="a">Illegal aliens</subfield>
    <subfield code="x">Services for</subfield>
    <subfield code="x">Costs.</subfield>
    <subfield code="2">fast</subfield>
    <subfield code="0">(OCoLC)fst00967168</subfield>
  </datafield>
  <datafield tag="651" ind1=" " ind2="7">
    <subfield code="a">United States.</subfield>
    <subfield code="2">fast</subfield>
    <subfield code="0">(OCoLC)fst01204155</subfield>
  </datafield>
  <datafield tag="710" ind1="1" ind2=" ">
    <subfield code="a">United States.</subfield>
    <subfield code="b">General Accounting Office.</subfield>
  </datafield>
  <datafield tag="830" ind1=" " ind2="0">
    <subfield code="a">Testimony ;</subfield>
    <subfield code="v">GAO/T-HRD-93-33.</subfield>
  </datafield>
  
  
  
  
</record>