<record xmlns="http://www.loc.gov/MARC21/slim" xmlns:zs="http://docs.oasis-open.org/ns/search-ws/sruResponse">
  <leader>02351cam a2200373Ia 4500</leader>
  <controlfield tag="001">ocm85891571 </controlfield>
  <controlfield tag="003">OCoLC</controlfield>
  <controlfield tag="005">20160312213941.0</controlfield>
  <controlfield tag="008">070316s2006    scu           000 0 eng d</controlfield>
  <datafield tag="010" ind1=" " ind2=" ">
    <subfield code="a">  2006902274</subfield>
  </datafield>
  <datafield tag="040" ind1=" " ind2=" ">
    <subfield code="a">DKC</subfield>
    <subfield code="b">eng</subfield>
    <subfield code="c">DKC</subfield>
    <subfield code="d">DKC</subfield>
    <subfield code="d">BAKER</subfield>
    <subfield code="d">OCLCQ</subfield>
  </datafield>
  <datafield tag="020" ind1=" " ind2=" ">
    <subfield code="a">1419632329</subfield>
  </datafield>
  <datafield tag="020" ind1=" " ind2=" ">
    <subfield code="a">9781419632327</subfield>
  </datafield>
  <datafield tag="035" ind1=" " ind2=" ">
    <subfield code="a">(OCoLC)85891571</subfield>
  </datafield>
  <datafield tag="043" ind1=" " ind2=" ">
    <subfield code="a">n-us---</subfield>
  </datafield>
  <datafield tag="050" ind1=" " ind2="4">
    <subfield code="a">E184.A65</subfield>
    <subfield code="b">F36 2006</subfield>
  </datafield>
  <datafield tag="100" ind1="1" ind2=" ">
    <subfield code="a">Fandi, Mohamed,</subfield>
    <subfield code="d">1975-</subfield>
  </datafield>
  <datafield tag="245" ind1="1" ind2="0">
    <subfield code="a">Alien-- Arab-- and maybe illegal in America /</subfield>
    <subfield code="c">Mohamed Fandi.</subfield>
  </datafield>
  <datafield tag="250" ind1=" " ind2=" ">
    <subfield code="a">Special ed.</subfield>
  </datafield>
  <datafield tag="260" ind1=" " ind2=" ">
    <subfield code="a">[Charleston, SC] :</subfield>
    <subfield code="b">BookSurge,</subfield>
    <subfield code="c">2006.</subfield>
  </datafield>
  <datafield tag="300" ind1=" " ind2=" ">
    <subfield code="a">[xvii], 95 pages ;</subfield>
    <subfield code="c">20 cm</subfield>
  </datafield>
  <datafield tag="336" ind1=" " ind2=" ">
    <subfield code="a">text</subfield>
    <subfield code="b">txt</subfield>
    <subfield code="2">rdacontent</subfield>
  </datafield>
  <datafield tag="337" ind1=" " ind2=" ">
    <subfield code="a">unmediated</subfield>
    <subfield code="b">n</subfield>
    <subfield code="2">rdamedia</subfield>
  </datafield>
  <datafield tag="338" ind1=" " ind2=" ">
    <subfield code="a">volume</subfield>
    <subfield code="b">nc</subfield>
    <subfield code="2">rdacarrier</subfield>
  </datafield>
  <datafield tag="520" ind1=" " ind2=" ">
    <subfield code="a">"In Alien-- Arab-- and Maybe Illegal in America, Mohamed Fandi writes a fascinating account of what it means to be a foreigner and an Arab living day-to-day in America, particularly after September 11. The author also answers some important questions: Why would an Arab choose to overstay his visa and risk deportation? And why he prefers to live here, with all of the concomitant post-9/11 racism, when he could remain in, or return to, his native country and live in peace? What is most compelling, however, is the view offered into the mind and heart of U.S.-based Arabs, and particularly Muslims. Mohamed Fandi understands what it is to leave one's country. As an Arab and a Muslim, his dreams were no different from any young man: to achieve and make for himself a productive and joyful life in America. As a citizen, he enjoys all the rights and privileges of his adopted country, while ever cognizant of the stigma of belonging to a culture that is looked upon with disfavor and, in some instances, hatred."--Amazon.com.</subfield>
  </datafield>
  <datafield tag="600" ind1="1" ind2="0">
    <subfield code="a">Fandi, Mohamed,</subfield>
    <subfield code="d">1975-</subfield>
  </datafield>
  <datafield tag="650" ind1=" " ind2="0">
    <subfield code="a">Arabs</subfield>
    <subfield code="z">United States</subfield>
    <subfield code="x">Social conditions</subfield>
    <subfield code="y">21st century.</subfield>
  </datafield>
  <datafield tag="650" ind1=" " ind2="0">
    <subfield code="a">Muslims</subfield>
    <subfield code="z">United States</subfield>
    <subfield code="x">Social conditions</subfield>
    <subfield code="y">21st century.</subfield>
  </datafield>
  <datafield tag="650" ind1=" " ind2="0">
    <subfield code="a">Immigrants</subfield>
    <subfield code="z">United States</subfield>
    <subfield code="x">Social conditions</subfield>
    <subfield code="y">21st century.</subfield>
  </datafield>
  <datafield tag="650" ind1=" " ind2="0">
    <subfield code="a">Aliens</subfield>
    <subfield code="z">United States</subfield>
    <subfield code="x">Social conditions</subfield>
    <subfield code="y">21st century.</subfield>
  </datafield>
  <datafield tag="650" ind1=" " ind2="0">
    <subfield code="a">Illegal aliens</subfield>
    <subfield code="z">United States</subfield>
    <subfield code="x">Social conditions</subfield>
    <subfield code="y">21st century.</subfield>
  </datafield>
  
  
  
</record>