<record xmlns="http://www.loc.gov/MARC21/slim" xmlns:zs="http://docs.oasis-open.org/ns/search-ws/sruResponse">
  <leader>01815cam a2200517Ma 4500</leader>
  <controlfield tag="001">ocm60376484 </controlfield>
  <controlfield tag="003">OCoLC</controlfield>
  <controlfield tag="005">20160312213843.0</controlfield>
  <controlfield tag="008">010601s2001    aca      b    000 0 eng d</controlfield>
  <datafield tag="040" ind1=" " ind2=" ">
    <subfield code="a">EQO</subfield>
    <subfield code="b">eng</subfield>
    <subfield code="c">EQO</subfield>
    <subfield code="d">OCLCG</subfield>
    <subfield code="d">UBC</subfield>
    <subfield code="d">OCLCF</subfield>
    <subfield code="d">OCLCO</subfield>
    <subfield code="d">OCLCQ</subfield>
  </datafield>
  <datafield tag="020" ind1=" " ind2=" ">
    <subfield code="a">0731704460</subfield>
  </datafield>
  <datafield tag="020" ind1=" " ind2=" ">
    <subfield code="a">9780731704460</subfield>
  </datafield>
  <datafield tag="035" ind1=" " ind2=" ">
    <subfield code="a">(OCoLC)60376484</subfield>
  </datafield>
  <datafield tag="043" ind1=" " ind2=" ">
    <subfield code="a">u-at---</subfield>
    <subfield code="a">a-af---</subfield>
  </datafield>
  <datafield tag="050" ind1="1" ind2="4">
    <subfield code="a">DU122.P87</subfield>
    <subfield code="b">M34 2001</subfield>
  </datafield>
  <datafield tag="082" ind1="0" ind2="4">
    <subfield code="a">325.21095810994</subfield>
    <subfield code="2">21</subfield>
  </datafield>
  <datafield tag="100" ind1="1" ind2=" ">
    <subfield code="a">Maley, William,</subfield>
    <subfield code="d">1957-</subfield>
  </datafield>
  <datafield tag="245" ind1="1" ind2="0">
    <subfield code="a">Security, people-smuggling and Australia's new Afghan refugees /</subfield>
    <subfield code="c">[William Maley].</subfield>
  </datafield>
  <datafield tag="260" ind1=" " ind2=" ">
    <subfield code="a">[Canberra] :</subfield>
    <subfield code="b">Australian Defence Studies Centre,</subfield>
    <subfield code="c">©2001.</subfield>
  </datafield>
  <datafield tag="300" ind1=" " ind2=" ">
    <subfield code="a">18 pages ;</subfield>
    <subfield code="c">30 cm.</subfield>
  </datafield>
  <datafield tag="336" ind1=" " ind2=" ">
    <subfield code="a">text</subfield>
    <subfield code="b">txt</subfield>
    <subfield code="2">rdacontent</subfield>
  </datafield>
  <datafield tag="337" ind1=" " ind2=" ">
    <subfield code="a">unmediated</subfield>
    <subfield code="b">n</subfield>
    <subfield code="2">rdamedia</subfield>
  </datafield>
  <datafield tag="338" ind1=" " ind2=" ">
    <subfield code="a">volume</subfield>
    <subfield code="b">nc</subfield>
    <subfield code="2">rdacarrier</subfield>
  </datafield>
  <datafield tag="490" ind1="1" ind2=" ">
    <subfield code="a">Working paper / Australian Defence Studies Centre ;</subfield>
    <subfield code="v">no. 63</subfield>
  </datafield>
  <datafield tag="650" ind1=" " ind2="0">
    <subfield code="a">Refugees</subfield>
    <subfield code="z">Australia.</subfield>
  </datafield>
  <datafield tag="650" ind1=" " ind2="0">
    <subfield code="a">Illegal aliens</subfield>
    <subfield code="z">Australia.</subfield>
  </datafield>
  <datafield tag="650" ind1=" " ind2="0">
    <subfield code="a">National security</subfield>
    <subfield code="z">Australia.</subfield>
  </datafield>
  <datafield tag="650" ind1=" " ind2="0">
    <subfield code="a">Refugees</subfield>
    <subfield code="z">Afghanistan.</subfield>
  </datafield>
  <datafield tag="650" ind1=" " ind2="7">
    <subfield code="a">Illegal aliens.</subfield>
    <subfield code="2">fast</subfield>
    <subfield code="0">(OCoLC)fst00967153</subfield>
  </datafield>
  <datafield tag="650" ind1=" " ind2="7">
    <subfield code="a">National security.</subfield>
    <subfield code="2">fast</subfield>
    <subfield code="0">(OCoLC)fst01033711</subfield>
  </datafield>
  <datafield tag="650" ind1=" " ind2="7">
    <subfield code="a">Refugees.</subfield>
    <subfield code="2">fast</subfield>
    <subfield code="0">(OCoLC)fst01092797</subfield>
  </datafield>
  <datafield tag="651" ind1=" " ind2="7">
    <subfield code="a">Afghanistan.</subfield>
    <subfield code="2">fast</subfield>
    <subfield code="0">(OCoLC)fst01205406</subfield>
  </datafield>
  <datafield tag="651" ind1=" " ind2="7">
    <subfield code="a">Australia.</subfield>
    <subfield code="2">fast</subfield>
    <subfield code="0">(OCoLC)fst01204543</subfield>
  </datafield>
  <datafield tag="650" ind1=" " ind2="7">
    <subfield code="a">Hazaras.</subfield>
    <subfield code="2">itrt</subfield>
  </datafield>
  <datafield tag="650" ind1=" " ind2="7">
    <subfield code="a">Afghans.</subfield>
    <subfield code="2">itrt</subfield>
  </datafield>
  <datafield tag="650" ind1=" " ind2="7">
    <subfield code="a">Ethnic persecution.</subfield>
    <subfield code="2">itrt</subfield>
  </datafield>
  <datafield tag="650" ind1=" " ind2="7">
    <subfield code="a">Receiving country.</subfield>
    <subfield code="2">itrt</subfield>
  </datafield>
  <datafield tag="650" ind1=" " ind2="7">
    <subfield code="a">Attitudes.</subfield>
    <subfield code="2">itrt</subfield>
  </datafield>
  <datafield tag="650" ind1=" " ind2="7">
    <subfield code="a">Influx deterrence.</subfield>
    <subfield code="2">itrt</subfield>
  </datafield>
  <datafield tag="650" ind1=" " ind2="7">
    <subfield code="a">Illegal entry.</subfield>
    <subfield code="2">itrt</subfield>
  </datafield>
  <datafield tag="650" ind1=" " ind2="7">
    <subfield code="a">Smuggling of persons.</subfield>
    <subfield code="2">itrt</subfield>
  </datafield>
  <datafield tag="830" ind1=" " ind2="0">
    <subfield code="a">Working paper (Australian Defence Studies Centre) ;</subfield>
    <subfield code="v">no. 63.</subfield>
  </datafield>
  
  
  
  
</record>