<record xmlns="http://www.loc.gov/MARC21/slim" xmlns:zs="http://docs.oasis-open.org/ns/search-ws/sruResponse">
  <leader>05513cam a2200829 a 4500</leader>
  <controlfield tag="001">ocn271845595</controlfield>
  <controlfield tag="003">OCoLC</controlfield>
  <controlfield tag="005">20160312213723.0</controlfield>
  <controlfield tag="008">080508s2008    vra    c b    000 0 eng c</controlfield>
  <datafield tag="010" ind1=" " ind2=" ">
    <subfield code="a">  2009286227</subfield>
  </datafield>
  <datafield tag="040" ind1=" " ind2=" ">
    <subfield code="a">AU@</subfield>
    <subfield code="b">eng</subfield>
    <subfield code="c">AU@</subfield>
    <subfield code="d">NYP</subfield>
    <subfield code="d">DLC</subfield>
    <subfield code="d">YDXCP</subfield>
    <subfield code="d">BWX</subfield>
    <subfield code="d">WAU</subfield>
    <subfield code="d">BTCTA</subfield>
    <subfield code="d">GEBAY</subfield>
    <subfield code="d">CHRRO</subfield>
    <subfield code="d">UKMGB</subfield>
    <subfield code="d">OCLCQ</subfield>
  </datafield>
  <datafield tag="016" ind1="7" ind2=" ">
    <subfield code="a">014664561</subfield>
    <subfield code="2">Uk</subfield>
  </datafield>
  <datafield tag="019" ind1=" " ind2=" ">
    <subfield code="a">276816451</subfield>
    <subfield code="a">699269101</subfield>
    <subfield code="a">716527568</subfield>
  </datafield>
  <datafield tag="020" ind1=" " ind2=" ">
    <subfield code="a">9781921372407</subfield>
    <subfield code="q">(pbk.)</subfield>
  </datafield>
  <datafield tag="020" ind1=" " ind2=" ">
    <subfield code="a">1921372400</subfield>
    <subfield code="q">(pbk.)</subfield>
  </datafield>
  <datafield tag="035" ind1=" " ind2=" ">
    <subfield code="a">(OCoLC)271845595</subfield>
    <subfield code="z">(OCoLC)276816451</subfield>
    <subfield code="z">(OCoLC)699269101</subfield>
    <subfield code="z">(OCoLC)716527568</subfield>
  </datafield>
  <datafield tag="037" ind1=" " ind2=" ">
    <subfield code="b">Scribe Publishing, 595 Drummond St., Carlton North VIC 3054</subfield>
  </datafield>
  <datafield tag="042" ind1=" " ind2=" ">
    <subfield code="a">pcc</subfield>
  </datafield>
  <datafield tag="043" ind1=" " ind2=" ">
    <subfield code="a">u-at---</subfield>
  </datafield>
  <datafield tag="050" ind1="0" ind2="0">
    <subfield code="a">HV640.4.A78</subfield>
    <subfield code="b">B75 2008</subfield>
  </datafield>
  <datafield tag="072" ind1=" " ind2="7">
    <subfield code="a">s1sp</subfield>
    <subfield code="2">rero</subfield>
  </datafield>
  <datafield tag="082" ind1="0" ind2="4">
    <subfield code="a">323.6310994</subfield>
    <subfield code="2">22</subfield>
  </datafield>
  <datafield tag="100" ind1="1" ind2=" ">
    <subfield code="a">Briskman, Linda.</subfield>
  </datafield>
  <datafield tag="245" ind1="1" ind2="0">
    <subfield code="a">Human rights overboard :</subfield>
    <subfield code="b">seeking asylum in Australia /</subfield>
    <subfield code="c">Linda Briskman, Susie Latham, Chris Goddard.</subfield>
  </datafield>
  <datafield tag="260" ind1=" " ind2=" ">
    <subfield code="a">Carlton North, Vic. :</subfield>
    <subfield code="b">Scribe,</subfield>
    <subfield code="c">2008.</subfield>
  </datafield>
  <datafield tag="300" ind1=" " ind2=" ">
    <subfield code="a">448 pages ;</subfield>
    <subfield code="c">24 cm</subfield>
  </datafield>
  <datafield tag="336" ind1=" " ind2=" ">
    <subfield code="a">text</subfield>
    <subfield code="b">txt</subfield>
    <subfield code="2">rdacontent</subfield>
  </datafield>
  <datafield tag="337" ind1=" " ind2=" ">
    <subfield code="a">unmediated</subfield>
    <subfield code="b">n</subfield>
    <subfield code="2">rdamedia</subfield>
  </datafield>
  <datafield tag="338" ind1=" " ind2=" ">
    <subfield code="a">volume</subfield>
    <subfield code="b">nc</subfield>
    <subfield code="2">rdacarrier</subfield>
  </datafield>
  <datafield tag="504" ind1=" " ind2=" ">
    <subfield code="a">Includes bibliographical references (pages 404-448).</subfield>
  </datafield>
  <datafield tag="505" ind1="0" ind2=" ">
    <subfield code="a">pt. 1. Journey into detention -- pt. 2. Processing of refugee claims -- Flaws in the refugee determination process -- Psychological effects of the process -- 'Pacific solution' -- pt. 3. Detention -- Physical conditions -- Mental health conditions -- Violence and self-harm -- Assaults -- Children -- Deportations -- Deaths in detention -- Accountability -- Government inaction -- Refugee advocacy -- Other pathways into detention -- Costs of detention -- pt. 4. Life after detention -- Mental health -- Children -- Debts -- Refugee advocacy -- pt. 5. Post-Cornelia changes -- pt. 6. Fresh start -- Removing racism -- Restoring human rights -- Reinstating accountability -- Righting the wrongs.</subfield>
  </datafield>
  <datafield tag="520" ind1=" " ind2=" ">
    <subfield code="a">"In 2005, in the wake of the Cornelia Rau scandal, a citizen's inquiry was established to bear witness to events in Australian immigration-detention facilities. Until then, the federal government had refused to conduct a broad-ranging investigation into immigration detention in Australia, and the operations within detention centres had been largely shrouded in official secrecy. The People's Inquiry into Detention (as it came to be called) heard heartbreaking evidence about asylum-seekers journeys to Australia, their detention process, life in detention, and life after detention. In total, around 200 people testified to the inquiry, and a similar number of written submissions were received. Human Rights Overboard draws together, for the first time, the oral testimony and written submissions from the inquiry in a powerful and vital book that stands as an indelible record of one of Australias bleakest legacies. Clearly and comprehensively presented, the book is a haunting journey guided by voices from every side of the fence: former immigration detainees, refugee advocates, lawyers, doctors, psychiatrists, and former detention and immigration staff. Together, their stories bear testimony to a humanitarian disaster that Australia caused, and that must be remembered so that it never happens again. With a foreword by prominent humanitarian lawyer Julian Burnside, Human Rights Overboard is an essential book that will resonate with the Australian public and, indeed, the world, for years to come."--Provided by publisher.</subfield>
  </datafield>
  <datafield tag="650" ind1=" " ind2="0">
    <subfield code="a">Refugees</subfield>
    <subfield code="z">Australia.</subfield>
  </datafield>
  <datafield tag="650" ind1=" " ind2="0">
    <subfield code="a">Detention of persons</subfield>
    <subfield code="z">Australia.</subfield>
  </datafield>
  <datafield tag="650" ind1=" " ind2="0">
    <subfield code="a">Refugee children</subfield>
    <subfield code="x">Government policy</subfield>
    <subfield code="z">Australia.</subfield>
  </datafield>
  <datafield tag="650" ind1=" " ind2="0">
    <subfield code="a">Asylum, Right of</subfield>
    <subfield code="x">Government policy</subfield>
    <subfield code="z">Australia.</subfield>
  </datafield>
  <datafield tag="650" ind1=" " ind2="0">
    <subfield code="a">Illegal aliens</subfield>
    <subfield code="x">Government policy</subfield>
    <subfield code="z">Australia.</subfield>
  </datafield>
  <datafield tag="650" ind1=" " ind2="4">
    <subfield code="a">Asylum, Right of</subfield>
    <subfield code="x">Government policy</subfield>
    <subfield code="z">Australia.</subfield>
  </datafield>
  <datafield tag="650" ind1="0" ind2="7">
    <subfield code="a">Asylrecht.</subfield>
    <subfield code="2">swd</subfield>
  </datafield>
  <datafield tag="650" ind1="0" ind2="7">
    <subfield code="a">Asylpolitik.</subfield>
    <subfield code="2">swd</subfield>
  </datafield>
  <datafield tag="650" ind1="0" ind2="7">
    <subfield code="a">Asylbewerber.</subfield>
    <subfield code="2">swd</subfield>
  </datafield>
  <datafield tag="650" ind1="0" ind2="7">
    <subfield code="a">Unterbringung.</subfield>
    <subfield code="2">swd</subfield>
  </datafield>
  <datafield tag="651" ind1=" " ind2="7">
    <subfield code="a">Australien.</subfield>
    <subfield code="2">swd</subfield>
  </datafield>
  <datafield tag="653" ind1=" " ind2=" ">
    <subfield code="a">Civil &amp; human rights (Australia)</subfield>
  </datafield>
  <datafield tag="653" ind1=" " ind2=" ">
    <subfield code="a">Refugees.</subfield>
  </datafield>
  <datafield tag="653" ind1=" " ind2=" ">
    <subfield code="a">Policy making.</subfield>
  </datafield>
  <datafield tag="700" ind1="1" ind2=" ">
    <subfield code="a">Goddard, Chris</subfield>
    <subfield code="q">(Christopher)</subfield>
  </datafield>
  <datafield tag="700" ind1="1" ind2=" ">
    <subfield code="a">Latham, Susie.</subfield>
  </datafield>
  
  
  
  
  
  
  
  
  
  
  
  
  
  
  
  
  
  
  
  
  
  
  
  
</record>