<record xmlns="http://www.loc.gov/MARC21/slim" xmlns:zs="http://docs.oasis-open.org/ns/search-ws/sruResponse">
  <leader>05496cam a2200613 a 4500</leader>
  <controlfield tag="001">ocn247459307</controlfield>
  <controlfield tag="003">OCoLC</controlfield>
  <controlfield tag="005">20160312213827.0</controlfield>
  <controlfield tag="008">080331s2006    sp a     b    100 0 spa  </controlfield>
  <datafield tag="010" ind1=" " ind2=" ">
    <subfield code="a">  2008449281</subfield>
  </datafield>
  <datafield tag="040" ind1=" " ind2=" ">
    <subfield code="a">DLC</subfield>
    <subfield code="b">eng</subfield>
    <subfield code="c">DLC</subfield>
    <subfield code="d">IXA</subfield>
    <subfield code="d">I5B</subfield>
    <subfield code="d">GEBAY</subfield>
    <subfield code="d">NOC</subfield>
    <subfield code="d">OCLCO</subfield>
    <subfield code="d">OCLCF</subfield>
    <subfield code="d">OCLCO</subfield>
    <subfield code="d">OCLCQ</subfield>
    <subfield code="d">OCL</subfield>
  </datafield>
  <datafield tag="020" ind1=" " ind2=" ">
    <subfield code="a">8483192802</subfield>
  </datafield>
  <datafield tag="020" ind1=" " ind2=" ">
    <subfield code="a">9788483192801</subfield>
  </datafield>
  <datafield tag="035" ind1=" " ind2=" ">
    <subfield code="a">(OCoLC)247459307</subfield>
  </datafield>
  <datafield tag="043" ind1=" " ind2=" ">
    <subfield code="a">n-us---</subfield>
    <subfield code="a">e-sp---</subfield>
  </datafield>
  <datafield tag="050" ind1="0" ind2="0">
    <subfield code="a">E184.S75</subfield>
    <subfield code="b">S54 2006</subfield>
  </datafield>
  <datafield tag="111" ind1="2" ind2=" ">
    <subfield code="a">Simposio Internacional "Hispanos en Estados Unidos/Inmigrantes en España"</subfield>
    <subfield code="d">(2006 :</subfield>
    <subfield code="c">Madrid, Spain, and Cáceres, Spain)</subfield>
  </datafield>
  <datafield tag="245" ind1="1" ind2="0">
    <subfield code="a">Hispanos en Estados Unidos, inmigrantes en España :</subfield>
    <subfield code="b">¿amenaza o nueva civilización? /</subfield>
    <subfield code="c">Tomás Calvo Buezas (ed.).</subfield>
  </datafield>
  <datafield tag="260" ind1=" " ind2=" ">
    <subfield code="a">Madrid :</subfield>
    <subfield code="b">Libros de la Catarata,</subfield>
    <subfield code="c">©2006.</subfield>
  </datafield>
  <datafield tag="300" ind1=" " ind2=" ">
    <subfield code="a">414 pages :</subfield>
    <subfield code="b">illustrations ;</subfield>
    <subfield code="c">24 cm.</subfield>
  </datafield>
  <datafield tag="336" ind1=" " ind2=" ">
    <subfield code="a">text</subfield>
    <subfield code="b">txt</subfield>
    <subfield code="2">rdacontent</subfield>
  </datafield>
  <datafield tag="337" ind1=" " ind2=" ">
    <subfield code="a">unmediated</subfield>
    <subfield code="b">n</subfield>
    <subfield code="2">rdamedia</subfield>
  </datafield>
  <datafield tag="338" ind1=" " ind2=" ">
    <subfield code="a">volume</subfield>
    <subfield code="b">nc</subfield>
    <subfield code="2">rdacarrier</subfield>
  </datafield>
  <datafield tag="490" ind1="1" ind2=" ">
    <subfield code="a">Colección Investigación y debate ;</subfield>
    <subfield code="v">4</subfield>
  </datafield>
  <datafield tag="504" ind1=" " ind2=" ">
    <subfield code="a">Includes bibliographical references.</subfield>
  </datafield>
  <datafield tag="505" ind1="0" ind2=" ">
    <subfield code="a">La emigración de trabajadores extranjeros a España: un fenómeno nuevo y relevante en la historia de España / Tomás Calvo Buezas -- Mujeres inmigrantes no comunitarias en el mercado de trabajo en España / Carlota Solé y Sònia Parella -- Las otras caras de la inmigración: sus causas y consecuencias en los países de origen / Idelfonso Gutiérrez Azopardo y José Martín Buenadicha -- El desarrollo socioeconómico de los hispanos en los Estados Unidos de América: en busca de una teoría / Héctor Luis Díaz -- Discriminación e integración: la experiencia de inmigrantes mexicanos y nigerianos en el norte de Texas (2001-2005) / Manuel García y Griego y Dennis D. Cordell -- Estrategias y procesos de adaptación en la inmigración / Nicolás Bajo Santos -- La prevención del SIDA entre los adolescentes latinos: el papel de la aculturación familiar / Juan Luis Recio Adrados -- Educación del alumnado inmigrante en la Comunidad de Madrid / María Antonio Casanova -- El conocimiento del idioma, el aprendizaje y la convivencia cultural / Juan José Jiménez García -- La enseñanza del español y educación para la salud a inmigrantes marroquíes y chinos / Isabel Gentil García -- Inercia versus diversificación de los modelos educativos: algunas reflexiones a la luz del caso de Bruselas (Bélgica) / Christiane Stallaert -- Educación universitaria: los logros y retos para los hispanos / Tito Guerrero, III.</subfield>
  </datafield>
  <datafield tag="505" ind1="0" ind2=" ">
    <subfield code="a">La educación en una sociedad intercultural: problemas y desafíos para estudiantes inmigrantes hispanos/latinos / Rafael Lara-Alecio, Beverly J. Irby -- Educación bilingüe: pasado, presente, futuro / Kelly Chaudhry -- Sobrevivir y educar a los hijos: el drama de los padres inmigrantes mexicanos en una zona rural de Texas / Rubén Rodríguez -- Educación y sociedad intercultural: el desafío de futuro para los hispanos en Estados Unidos / Ernesto Barnach-Calbó -- Diglosia, asimilación y bilingüismo entre los hispanos de Estados Unidos / Secundino Valladares Fernández -- Identidad de frontera: la resolución estética entre la vitualidad de la escritura y la costumización motora / María Jesús Buxó i Rey -- De la Línea a la Raya: análisis comparativo sobre la identidad sociocultural en dos espacios de frontera / Eusebio Medina García -- El papel de la religión autóctona en la tierra de acogida: emigración y nuevos rituales andinos en Madrid / Lorenzo Carlos Junquera Rubio -- La religión como instrumento de integración en inmigrantes islámicos y católicos latinoamericanos: el caso de Extremadura / Domingo Barbolla Camarero -- Actitudes raciales y trabajo social religioso: el mexicano texano y la Iglesia Católica de Estados Unidos / Roberto R. Treviño -- Función de la religiosidad en la comunidad hispana en Estados Unidos y su comparación con España / José Gil Marqués.</subfield>
  </datafield>
  <datafield tag="651" ind1=" " ind2="0">
    <subfield code="a">United States</subfield>
    <subfield code="x">Emigration and immigration</subfield>
    <subfield code="v">Congresses.</subfield>
  </datafield>
  <datafield tag="651" ind1=" " ind2="0">
    <subfield code="a">Spain</subfield>
    <subfield code="x">Emigration and immigration</subfield>
    <subfield code="v">Congresses.</subfield>
  </datafield>
  <datafield tag="650" ind1=" " ind2="0">
    <subfield code="a">Illegal aliens</subfield>
    <subfield code="z">United States</subfield>
    <subfield code="v">Congresses.</subfield>
  </datafield>
  <datafield tag="650" ind1=" " ind2="0">
    <subfield code="a">Illegal aliens</subfield>
    <subfield code="z">Spain</subfield>
    <subfield code="v">Congresses.</subfield>
  </datafield>
  <datafield tag="650" ind1=" " ind2="0">
    <subfield code="a">Children of immigrants</subfield>
    <subfield code="x">Education</subfield>
    <subfield code="z">United States</subfield>
    <subfield code="v">Congresses.</subfield>
  </datafield>
  <datafield tag="650" ind1=" " ind2="0">
    <subfield code="a">Children of immigrants</subfield>
    <subfield code="x">Education</subfield>
    <subfield code="z">Spain</subfield>
    <subfield code="v">Congresses.</subfield>
  </datafield>
  <datafield tag="650" ind1=" " ind2="7">
    <subfield code="a">Children of immigrants</subfield>
    <subfield code="x">Education.</subfield>
    <subfield code="2">fast</subfield>
    <subfield code="0">(OCoLC)fst00855369</subfield>
  </datafield>
  <datafield tag="650" ind1=" " ind2="7">
    <subfield code="a">Emigration and immigration.</subfield>
    <subfield code="2">fast</subfield>
    <subfield code="0">(OCoLC)fst00908690</subfield>
  </datafield>
  <datafield tag="650" ind1=" " ind2="7">
    <subfield code="a">Illegal aliens.</subfield>
    <subfield code="2">fast</subfield>
    <subfield code="0">(OCoLC)fst00967153</subfield>
  </datafield>
  <datafield tag="651" ind1=" " ind2="7">
    <subfield code="a">Spain.</subfield>
    <subfield code="2">fast</subfield>
    <subfield code="0">(OCoLC)fst01204303</subfield>
  </datafield>
  <datafield tag="651" ind1=" " ind2="7">
    <subfield code="a">United States.</subfield>
    <subfield code="2">fast</subfield>
    <subfield code="0">(OCoLC)fst01204155</subfield>
  </datafield>
  <datafield tag="650" ind1="0" ind2="7">
    <subfield code="a">Schüler.</subfield>
    <subfield code="2">swd</subfield>
  </datafield>
  <datafield tag="650" ind1="0" ind2="7">
    <subfield code="a">Migrationshintergrund.</subfield>
    <subfield code="2">swd</subfield>
  </datafield>
  <datafield tag="650" ind1="0" ind2="7">
    <subfield code="a">Integration.</subfield>
    <subfield code="2">swd</subfield>
  </datafield>
  <datafield tag="651" ind1=" " ind2="7">
    <subfield code="a">Spanien.</subfield>
    <subfield code="2">swd</subfield>
  </datafield>
  <datafield tag="655" ind1=" " ind2="7">
    <subfield code="a">Conference papers and proceedings.</subfield>
    <subfield code="2">fast</subfield>
    <subfield code="0">(OCoLC)fst01423772</subfield>
  </datafield>
  <datafield tag="700" ind1="1" ind2=" ">
    <subfield code="a">Calvo Buezas, Tomás,</subfield>
    <subfield code="d">1936-</subfield>
  </datafield>
  <datafield tag="830" ind1=" " ind2="0">
    <subfield code="a">Colección Investigación y debate ;</subfield>
    <subfield code="v">4.</subfield>
  </datafield>
  
  
  
  
  
  
  
  
  
</record>