<record xmlns="http://www.loc.gov/MARC21/slim" xmlns:zs="http://docs.oasis-open.org/ns/search-ws/sruResponse">
  <leader>02423cam a2200553 a 4500</leader>
  <controlfield tag="001">ocm55106485 </controlfield>
  <controlfield tag="003">OCoLC</controlfield>
  <controlfield tag="005">20160312213802.0</controlfield>
  <controlfield tag="008">021016s2002    aca      b    000 0 eng d</controlfield>
  <datafield tag="010" ind1=" " ind2=" ">
    <subfield code="a">  2002491284</subfield>
  </datafield>
  <datafield tag="040" ind1=" " ind2=" ">
    <subfield code="a">ANL</subfield>
    <subfield code="b">eng</subfield>
    <subfield code="c">DLC</subfield>
    <subfield code="d">OCLCQ</subfield>
    <subfield code="d">BTCTA</subfield>
    <subfield code="d">OCLCG</subfield>
    <subfield code="d">ZWZ</subfield>
    <subfield code="d">OCLCQ</subfield>
    <subfield code="d">OCLCO</subfield>
    <subfield code="d">AU@</subfield>
    <subfield code="d">OCLCA</subfield>
    <subfield code="d">OCLCF</subfield>
    <subfield code="d">OCLCO</subfield>
    <subfield code="d">OCL</subfield>
    <subfield code="d">OCLCQ</subfield>
  </datafield>
  <datafield tag="019" ind1=" " ind2=" ">
    <subfield code="a">49581352</subfield>
    <subfield code="a">223157727</subfield>
  </datafield>
  <datafield tag="020" ind1=" " ind2=" ">
    <subfield code="a">0731531167</subfield>
    <subfield code="q">(pbk.)</subfield>
  </datafield>
  <datafield tag="020" ind1=" " ind2=" ">
    <subfield code="a">9780731531165</subfield>
    <subfield code="q">(pbk.)</subfield>
  </datafield>
  <datafield tag="035" ind1=" " ind2=" ">
    <subfield code="a">(OCoLC)55106485</subfield>
    <subfield code="z">(OCoLC)49581352</subfield>
    <subfield code="z">(OCoLC)223157727</subfield>
  </datafield>
  <datafield tag="042" ind1=" " ind2=" ">
    <subfield code="a">lccopycat</subfield>
  </datafield>
  <datafield tag="043" ind1=" " ind2=" ">
    <subfield code="a">u-at---</subfield>
  </datafield>
  <datafield tag="050" ind1="0" ind2="0">
    <subfield code="a">HV640.4.A78</subfield>
    <subfield code="b">R42 2002</subfield>
  </datafield>
  <datafield tag="082" ind1="0" ind2="0">
    <subfield code="a">325/.21/0994</subfield>
    <subfield code="2">22</subfield>
  </datafield>
  <datafield tag="245" ind1="0" ind2="0">
    <subfield code="a">Refugees and the myth of the borderless world /</subfield>
    <subfield code="c">William Maley [and others].</subfield>
  </datafield>
  <datafield tag="260" ind1=" " ind2=" ">
    <subfield code="a">Canberra :</subfield>
    <subfield code="b">Dept. of International Relations, Research School of Pacific and Asian Studies, Australian National University,</subfield>
    <subfield code="c">2002.</subfield>
  </datafield>
  <datafield tag="300" ind1=" " ind2=" ">
    <subfield code="a">vi, 49 pages ;</subfield>
    <subfield code="c">30 cm.</subfield>
  </datafield>
  <datafield tag="336" ind1=" " ind2=" ">
    <subfield code="a">text</subfield>
    <subfield code="b">txt</subfield>
    <subfield code="2">rdacontent</subfield>
  </datafield>
  <datafield tag="337" ind1=" " ind2=" ">
    <subfield code="a">unmediated</subfield>
    <subfield code="b">n</subfield>
    <subfield code="2">rdamedia</subfield>
  </datafield>
  <datafield tag="338" ind1=" " ind2=" ">
    <subfield code="a">volume</subfield>
    <subfield code="b">nc</subfield>
    <subfield code="2">rdacarrier</subfield>
  </datafield>
  <datafield tag="490" ind1="1" ind2=" ">
    <subfield code="a">Keynotes,</subfield>
    <subfield code="x">1446-0726 ;</subfield>
    <subfield code="v">02</subfield>
  </datafield>
  <datafield tag="504" ind1=" " ind2=" ">
    <subfield code="a">Includes bibliographical references.</subfield>
  </datafield>
  <datafield tag="520" ind1=" " ind2=" ">
    <subfield code="a">Examining the complex and difficult issue of refugees and asylum seekers in Australia, this book is written by the chair of the Australian Refugee Council.</subfield>
  </datafield>
  <datafield tag="650" ind1=" " ind2="0">
    <subfield code="a">Refugees</subfield>
    <subfield code="z">Australia.</subfield>
  </datafield>
  <datafield tag="650" ind1=" " ind2="0">
    <subfield code="a">Illegal aliens</subfield>
    <subfield code="z">Australia.</subfield>
  </datafield>
  <datafield tag="650" ind1=" " ind2="0">
    <subfield code="a">Refugees</subfield>
    <subfield code="x">Government policy</subfield>
    <subfield code="z">Australia.</subfield>
  </datafield>
  <datafield tag="651" ind1=" " ind2="0">
    <subfield code="a">Australia</subfield>
    <subfield code="x">Politics and government.</subfield>
  </datafield>
  <datafield tag="650" ind1=" " ind2="7">
    <subfield code="a">Illegal aliens.</subfield>
    <subfield code="2">fast</subfield>
    <subfield code="0">(OCoLC)fst00967153</subfield>
  </datafield>
  <datafield tag="650" ind1=" " ind2="7">
    <subfield code="a">Politics and government</subfield>
    <subfield code="2">fast</subfield>
    <subfield code="0">(OCoLC)fst01919741</subfield>
  </datafield>
  <datafield tag="650" ind1=" " ind2="7">
    <subfield code="a">Refugees.</subfield>
    <subfield code="2">fast</subfield>
    <subfield code="0">(OCoLC)fst01092797</subfield>
  </datafield>
  <datafield tag="650" ind1=" " ind2="7">
    <subfield code="a">Refugees</subfield>
    <subfield code="x">Government policy.</subfield>
    <subfield code="2">fast</subfield>
    <subfield code="0">(OCoLC)fst01092811</subfield>
  </datafield>
  <datafield tag="651" ind1=" " ind2="7">
    <subfield code="a">Australia.</subfield>
    <subfield code="2">fast</subfield>
    <subfield code="0">(OCoLC)fst01204543</subfield>
  </datafield>
  <datafield tag="650" ind1=" " ind2="7">
    <subfield code="a">Réfugiés</subfield>
    <subfield code="x">Politique publique</subfield>
    <subfield code="z">Australie.</subfield>
    <subfield code="2">ram</subfield>
  </datafield>
  <datafield tag="700" ind1="1" ind2=" ">
    <subfield code="a">Maley, William,</subfield>
    <subfield code="d">1957-</subfield>
  </datafield>
  <datafield tag="710" ind1="2" ind2=" ">
    <subfield code="a">Australian National University.</subfield>
    <subfield code="b">Department of International Relations.</subfield>
  </datafield>
  <datafield tag="830" ind1=" " ind2="0">
    <subfield code="a">Keynotes (Australian National University. Department of International Relations) ;</subfield>
    <subfield code="v">02.</subfield>
  </datafield>
  <datafield tag="856" ind1="4" ind2="1">
    <subfield code="u">http://rspas.anu.edu.au/ir/keynotes/documents/Keynotes-2.PDF</subfield>
  </datafield>
  <datafield tag="856" ind1="4" ind2="1">
    <subfield code="z">View electronic text</subfield>
    <subfield code="u">http://rspas.anu.edu.au/ir/keynotes/keynotes-02.htm</subfield>
  </datafield>
  
  
  
  
  
  
</record>