<record xmlns="http://www.loc.gov/MARC21/slim" xmlns:zs="http://docs.oasis-open.org/ns/search-ws/sruResponse">
  <leader>02895cam a2200541 i 4500</leader>
  <controlfield tag="001">ocn881713609</controlfield>
  <controlfield tag="003">OCoLC</controlfield>
  <controlfield tag="005">20160312213739.0</controlfield>
  <controlfield tag="008">140625s2014    dcua    bb   f000 0 eng c</controlfield>
  <controlfield tag="007">he bmb024bbca</controlfield>
  <datafield tag="040" ind1=" " ind2=" ">
    <subfield code="a">GPO</subfield>
    <subfield code="b">eng</subfield>
    <subfield code="e">rda</subfield>
    <subfield code="c">GPO</subfield>
    <subfield code="d">GPO</subfield>
    <subfield code="d">OCLCO</subfield>
    <subfield code="d">OCLCF</subfield>
    <subfield code="d">OCL</subfield>
    <subfield code="d">WVU</subfield>
    <subfield code="d">OCLCO</subfield>
  </datafield>
  <datafield tag="035" ind1=" " ind2=" ">
    <subfield code="a">(OCoLC)881713609</subfield>
  </datafield>
  <datafield tag="042" ind1=" " ind2=" ">
    <subfield code="a">pcc</subfield>
  </datafield>
  <datafield tag="043" ind1=" " ind2=" ">
    <subfield code="a">n-us---</subfield>
  </datafield>
  <datafield tag="050" ind1="1" ind2="4">
    <subfield code="a">KF27</subfield>
    <subfield code="b">.H5714 2013e</subfield>
  </datafield>
  <datafield tag="074" ind1=" " ind2=" ">
    <subfield code="a">1018-D (MF)</subfield>
  </datafield>
  <datafield tag="086" ind1="0" ind2=" ">
    <subfield code="a">Y 4.H 75:113-37</subfield>
  </datafield>
  <datafield tag="088" ind1=" " ind2=" ">
    <subfield code="a">Serial no. 113-37 (United States. Congress. House. Committee on Homeland Security)</subfield>
  </datafield>
  <datafield tag="110" ind1="1" ind2=" ">
    <subfield code="a">United States.</subfield>
    <subfield code="b">Congress.</subfield>
    <subfield code="b">House.</subfield>
    <subfield code="b">Committee on Homeland Security.</subfield>
    <subfield code="b">Subcommittee on Border and Maritime Security,</subfield>
    <subfield code="e">author.</subfield>
  </datafield>
  <datafield tag="245" ind1="1" ind2="0">
    <subfield code="a">Fulfilling a key 9/11 Commission recommendation :</subfield>
    <subfield code="b">implementing biometric exit : hearing before the Subcommittee on Border and Maritime Security of the Committee on Homeland Security, House of Representatives, One Hundred Thirteenth Congress, first session, September 26, 2013.</subfield>
  </datafield>
  <datafield tag="246" ind1="3" ind2=" ">
    <subfield code="a">Fulfilling a key Nine Eleven Commission recommendation</subfield>
  </datafield>
  <datafield tag="264" ind1=" " ind2="1">
    <subfield code="a">[Washington, D.C.] :</subfield>
    <subfield code="b">U.S. Government Printing Office,</subfield>
    <subfield code="c">[2014]</subfield>
  </datafield>
  <datafield tag="300" ind1=" " ind2=" ">
    <subfield code="a">1 microfiche (iii, 39 pages) :</subfield>
    <subfield code="b">negative, illustration ;</subfield>
    <subfield code="c">11 x 15 cm</subfield>
  </datafield>
  <datafield tag="336" ind1=" " ind2=" ">
    <subfield code="a">text</subfield>
    <subfield code="b">txt</subfield>
    <subfield code="2">rdacontent</subfield>
  </datafield>
  <datafield tag="337" ind1=" " ind2=" ">
    <subfield code="a">microform</subfield>
    <subfield code="b">h</subfield>
    <subfield code="2">rdamedia</subfield>
  </datafield>
  <datafield tag="338" ind1=" " ind2=" ">
    <subfield code="a">microfiche</subfield>
    <subfield code="b">he</subfield>
    <subfield code="2">rdacarrier</subfield>
  </datafield>
  <datafield tag="500" ind1=" " ind2=" ">
    <subfield code="a">Paper version available for sale by the Superintendent of Documents, United States Government Printing Office.</subfield>
  </datafield>
  <datafield tag="500" ind1=" " ind2=" ">
    <subfield code="a">Shipping list no.: 2014-0162-M.</subfield>
  </datafield>
  <datafield tag="504" ind1=" " ind2=" ">
    <subfield code="a">Includes bibliographical references.</subfield>
  </datafield>
  <datafield tag="500" ind1=" " ind2=" ">
    <subfield code="a">"Serial no. 113-37."</subfield>
  </datafield>
  <datafield tag="650" ind1=" " ind2="0">
    <subfield code="a">Biometric identification</subfield>
    <subfield code="z">United States.</subfield>
  </datafield>
  <datafield tag="650" ind1=" " ind2="0">
    <subfield code="a">Illegal aliens</subfield>
    <subfield code="z">United States</subfield>
    <subfield code="x">Identification.</subfield>
  </datafield>
  <datafield tag="650" ind1=" " ind2="0">
    <subfield code="a">Visas</subfield>
    <subfield code="x">Government policy</subfield>
    <subfield code="z">United States.</subfield>
  </datafield>
  <datafield tag="650" ind1=" " ind2="0">
    <subfield code="a">Immigration enforcement</subfield>
    <subfield code="z">United States.</subfield>
  </datafield>
  <datafield tag="650" ind1=" " ind2="0">
    <subfield code="a">National security</subfield>
    <subfield code="z">United States.</subfield>
  </datafield>
  <datafield tag="650" ind1=" " ind2="7">
    <subfield code="a">Biometric identification.</subfield>
    <subfield code="2">fast</subfield>
    <subfield code="0">(OCoLC)fst00832607</subfield>
  </datafield>
  <datafield tag="650" ind1=" " ind2="7">
    <subfield code="a">Illegal aliens.</subfield>
    <subfield code="2">fast</subfield>
    <subfield code="0">(OCoLC)fst00967153</subfield>
  </datafield>
  <datafield tag="650" ind1=" " ind2="7">
    <subfield code="a">Immigration enforcement.</subfield>
    <subfield code="2">fast</subfield>
    <subfield code="0">(OCoLC)fst01748828</subfield>
  </datafield>
  <datafield tag="650" ind1=" " ind2="7">
    <subfield code="a">National security.</subfield>
    <subfield code="2">fast</subfield>
    <subfield code="0">(OCoLC)fst01033711</subfield>
  </datafield>
  <datafield tag="650" ind1=" " ind2="7">
    <subfield code="a">Visas</subfield>
    <subfield code="x">Government policy.</subfield>
    <subfield code="2">fast</subfield>
    <subfield code="0">(OCoLC)fst01906648</subfield>
  </datafield>
  <datafield tag="651" ind1=" " ind2="7">
    <subfield code="a">United States.</subfield>
    <subfield code="2">fast</subfield>
    <subfield code="0">(OCoLC)fst01204155</subfield>
  </datafield>
  <datafield tag="655" ind1=" " ind2="7">
    <subfield code="a">Legislative hearings.</subfield>
    <subfield code="2">fast</subfield>
    <subfield code="0">(OCoLC)fst01910825</subfield>
  </datafield>
  <datafield tag="655" ind1=" " ind2="7">
    <subfield code="a">Guidebooks.</subfield>
    <subfield code="2">fast</subfield>
    <subfield code="0">(OCoLC)fst01423871</subfield>
  </datafield>
  <datafield tag="655" ind1=" " ind2="7">
    <subfield code="a">Legislative hearings.</subfield>
    <subfield code="2">lcgft</subfield>
  </datafield>
  <datafield tag="776" ind1="0" ind2="8">
    <subfield code="i">Print version:</subfield>
    <subfield code="a">United States. Congress. House. Committee on Homeland Security. Subcommittee on Border and Maritime Security.</subfield>
    <subfield code="t">Fulfilling a key 9/11 Commission recommendation</subfield>
    <subfield code="w">(OCoLC)874905231</subfield>
  </datafield>
  <datafield tag="776" ind1="0" ind2="8">
    <subfield code="i">Online version:</subfield>
    <subfield code="a">United States. Congress. House. Committee on Homeland Security. Subcommittee on Border and Maritime Security.</subfield>
    <subfield code="t">Fulfilling a key 9/11 Commission recommendation</subfield>
    <subfield code="w">(OCoLC)873935534</subfield>
  </datafield>
  
  
</record>