<record xmlns="http://www.loc.gov/MARC21/slim" xmlns:zs="http://docs.oasis-open.org/ns/search-ws/sruResponse">
  <leader>03698cam a2200673 i 4500</leader>
  <controlfield tag="001">ocn873466286</controlfield>
  <controlfield tag="003">OCoLC</controlfield>
  <controlfield tag="005">20160312213744.0</controlfield>
  <controlfield tag="008">140305s2014    fr            000 1 fre d</controlfield>
  <datafield tag="010" ind1=" " ind2=" ">
    <subfield code="a">  2014375634</subfield>
  </datafield>
  <datafield tag="040" ind1=" " ind2=" ">
    <subfield code="a">AUXAM</subfield>
    <subfield code="b">eng</subfield>
    <subfield code="e">rda</subfield>
    <subfield code="c">AUXAM</subfield>
    <subfield code="d">DLC</subfield>
    <subfield code="d">OCLCO</subfield>
    <subfield code="d">TEF</subfield>
    <subfield code="d">UBY</subfield>
    <subfield code="d">ERASP</subfield>
    <subfield code="d">WTU</subfield>
    <subfield code="d">DEBBG</subfield>
    <subfield code="d">C3L</subfield>
    <subfield code="d">OCLCQ</subfield>
    <subfield code="d">OCLCO</subfield>
    <subfield code="d">OCLCF</subfield>
    <subfield code="d">CHVBK</subfield>
    <subfield code="d">EEM</subfield>
  </datafield>
  <datafield tag="020" ind1=" " ind2=" ">
    <subfield code="a">9782070144518</subfield>
  </datafield>
  <datafield tag="020" ind1=" " ind2=" ">
    <subfield code="a">2070144518</subfield>
  </datafield>
  <datafield tag="035" ind1=" " ind2=" ">
    <subfield code="a">(OCoLC)873466286</subfield>
  </datafield>
  <datafield tag="042" ind1=" " ind2=" ">
    <subfield code="a">lccopycat</subfield>
  </datafield>
  <datafield tag="043" ind1=" " ind2=" ">
    <subfield code="a">e-fr---</subfield>
  </datafield>
  <datafield tag="050" ind1="0" ind2="0">
    <subfield code="a">PQ2676.A469</subfield>
    <subfield code="b">I53 2014</subfield>
  </datafield>
  <datafield tag="082" ind1="0" ind2="0">
    <subfield code="a">843/.914</subfield>
    <subfield code="2">23</subfield>
  </datafield>
  <datafield tag="100" ind1="1" ind2=" ">
    <subfield code="a">Pancrazi, Jean-Noël,</subfield>
    <subfield code="d">1949-</subfield>
    <subfield code="e">author.</subfield>
  </datafield>
  <datafield tag="245" ind1="1" ind2="0">
    <subfield code="a">Indétectable :</subfield>
    <subfield code="b">roman /</subfield>
    <subfield code="c">Jean-Noël Pancrazi.</subfield>
  </datafield>
  <datafield tag="264" ind1=" " ind2="1">
    <subfield code="a">[Paris] :</subfield>
    <subfield code="b">Gallimard,</subfield>
    <subfield code="c">[2014]</subfield>
  </datafield>
  <datafield tag="300" ind1=" " ind2=" ">
    <subfield code="a">136 pages ;</subfield>
    <subfield code="c">21 cm.</subfield>
  </datafield>
  <datafield tag="336" ind1=" " ind2=" ">
    <subfield code="a">text</subfield>
    <subfield code="b">txt</subfield>
    <subfield code="2">rdacontent</subfield>
  </datafield>
  <datafield tag="337" ind1=" " ind2=" ">
    <subfield code="a">unmediated</subfield>
    <subfield code="b">n</subfield>
    <subfield code="2">rdamedia</subfield>
  </datafield>
  <datafield tag="338" ind1=" " ind2=" ">
    <subfield code="a">volume</subfield>
    <subfield code="b">nc</subfield>
    <subfield code="2">rdacarrier</subfield>
  </datafield>
  <datafield tag="490" ind1="0" ind2=" ">
    <subfield code="a">Nrf</subfield>
  </datafield>
  <datafield tag="500" ind1=" " ind2=" ">
    <subfield code="a">A novel.</subfield>
  </datafield>
  <datafield tag="520" ind1=" " ind2=" ">
    <subfield code="a">"Indétectable raconte au plus près la vie de Mady, sans papiers, sur le qui-vive depuis qu{u2019}il est venu d{u2019}Afrique, il y a dix ans. On le suit dans ses parcours limités à travers Paris, ses peurs, ses détresses, ses démarches inabouties, son amour difficile pour Mariama. On le voit aller d{u2019}abri en abri, trouver un temps refuge chez le narrateur, rejoindre parfois ses camarades au foyer, ce petit palace déglingué du Père-Lachaise où l{u2019}on palabre, se retrouve, et se tient chaud, et puis repartir avec sa vaillance intacte vers une place qu{u2019}on lui accordera peut-être. Ce récit d{u2019}une existence fragile et condamnée à l{u2019}ombre redonne à Mady une dignité et une densité humaines que le mot neutre, générique et commode de ±sans papiers{OCLCbr#BB} pourrait faire oublier."--Back cover.</subfield>
  </datafield>
  <datafield tag="650" ind1=" " ind2="0">
    <subfield code="a">Africans</subfield>
    <subfield code="z">France</subfield>
    <subfield code="z">Paris</subfield>
    <subfield code="v">Fiction.</subfield>
  </datafield>
  <datafield tag="650" ind1=" " ind2="0">
    <subfield code="a">Illegal aliens</subfield>
    <subfield code="z">France</subfield>
    <subfield code="z">Paris</subfield>
    <subfield code="v">Fiction.</subfield>
  </datafield>
  <datafield tag="650" ind1=" " ind2="4">
    <subfield code="a">Africans</subfield>
    <subfield code="z">France</subfield>
    <subfield code="z">Paris</subfield>
    <subfield code="v">Fiction.</subfield>
  </datafield>
  <datafield tag="650" ind1=" " ind2="4">
    <subfield code="a">Illegal aliens</subfield>
    <subfield code="z">France</subfield>
    <subfield code="z">Paris</subfield>
    <subfield code="v">Fiction.</subfield>
  </datafield>
  <datafield tag="650" ind1=" " ind2="7">
    <subfield code="a">Africans.</subfield>
    <subfield code="2">fast</subfield>
    <subfield code="0">(OCoLC)fst00799938</subfield>
  </datafield>
  <datafield tag="650" ind1=" " ind2="7">
    <subfield code="a">Illegal aliens.</subfield>
    <subfield code="2">fast</subfield>
    <subfield code="0">(OCoLC)fst00967153</subfield>
  </datafield>
  <datafield tag="651" ind1=" " ind2="7">
    <subfield code="a">France</subfield>
    <subfield code="z">Paris.</subfield>
    <subfield code="2">fast</subfield>
    <subfield code="0">(OCoLC)fst01205283</subfield>
  </datafield>
  <datafield tag="650" ind1=" " ind2="7">
    <subfield code="a">Roman.</subfield>
    <subfield code="0">(DE-588)4050479-7</subfield>
    <subfield code="2">gnd</subfield>
  </datafield>
  <datafield tag="650" ind1=" " ind2="7">
    <subfield code="a">Französisch.</subfield>
    <subfield code="0">(DE-588)4113615-9</subfield>
    <subfield code="2">gnd</subfield>
  </datafield>
  <datafield tag="655" ind1=" " ind2="7">
    <subfield code="a">Fiction.</subfield>
    <subfield code="2">fast</subfield>
    <subfield code="0">(OCoLC)fst01423787</subfield>
  </datafield>
  <datafield tag="856" ind1="4" ind2=" ">
    <subfield code="u">http://bvbr.bib-bvb.de:8991/F?func=service&amp;doc_library=BVB01&amp;local_base=BVB01&amp;doc_number=027270829&amp;line_number=0001&amp;func_code=DB_RECORDS&amp;service_type=MEDIA</subfield>
    <subfield code="z">Klappentext</subfield>
  </datafield>
  <datafield tag="856" ind1="4" ind2=" ">
    <subfield code="u">http://bvbr.bib-bvb.de:8991/F?func=service&amp;doc_library=BVB01&amp;local_base=BVB01&amp;doc_number=027270829&amp;line_number=0002&amp;func_code=DB_RECORDS&amp;service_type=MEDIA</subfield>
    <subfield code="z">Buchcover</subfield>
  </datafield>
  
  
  
  
  
  
  
  
  
  
  
  
  
  
  
  
  
  
  
</record>