<record xmlns="http://www.loc.gov/MARC21/slim" xmlns:zs="http://docs.oasis-open.org/ns/search-ws/sruResponse">
  <leader>02653cam a2200601 a 4500</leader>
  <controlfield tag="001">ocm30139541 </controlfield>
  <controlfield tag="003">OCoLC</controlfield>
  <controlfield tag="005">20160312213929.0</controlfield>
  <controlfield tag="008">040409s1993    ja       l    001 0 jpn d</controlfield>
  <datafield tag="010" ind1=" " ind2=" ">
    <subfield code="a">  2004389563</subfield>
  </datafield>
  <datafield tag="040" ind1=" " ind2=" ">
    <subfield code="a">MiU-A</subfield>
    <subfield code="b">eng</subfield>
    <subfield code="c">EYM</subfield>
    <subfield code="d">DLC</subfield>
    <subfield code="d">OCLCF</subfield>
    <subfield code="d">OCLCQ</subfield>
    <subfield code="d">OCLCO</subfield>
  </datafield>
  <datafield tag="066" ind1=" " ind2=" ">
    <subfield code="c">$1</subfield>
  </datafield>
  <datafield tag="020" ind1=" " ind2=" ">
    <subfield code="a">4817832037</subfield>
  </datafield>
  <datafield tag="020" ind1=" " ind2=" ">
    <subfield code="a">9784817832030</subfield>
  </datafield>
  <datafield tag="035" ind1=" " ind2=" ">
    <subfield code="a">(OCoLC)30139541</subfield>
  </datafield>
  <datafield tag="042" ind1=" " ind2=" ">
    <subfield code="a">lccopycat</subfield>
  </datafield>
  <datafield tag="043" ind1=" " ind2=" ">
    <subfield code="a">a-ja---</subfield>
  </datafield>
  <datafield tag="050" ind1="0" ind2="0">
    <subfield code="a">KNX3025</subfield>
    <subfield code="b">.A28 1993</subfield>
  </datafield>
  <datafield tag="245" ind1="0" ind2="0">
    <subfield code="6">880-01</subfield>
    <subfield code="a">Waga kuni ni okeru gaikokujin no hōteki chii /</subfield>
    <subfield code="c">Gaimushō Jōyakukyoku Hōkika Hōrei Kenkyūkai hen.</subfield>
  </datafield>
  <datafield tag="246" ind1="3" ind2="0">
    <subfield code="6">880-02</subfield>
    <subfield code="a">Gaikokujin no hōteki chii</subfield>
  </datafield>
  <datafield tag="250" ind1=" " ind2=" ">
    <subfield code="6">880-03</subfield>
    <subfield code="a">Zentei.</subfield>
  </datafield>
  <datafield tag="260" ind1=" " ind2=" ">
    <subfield code="6">880-04</subfield>
    <subfield code="a">Tōkyō :</subfield>
    <subfield code="b">Nihon Kajo Shuppan Kabushiki Kaisha,</subfield>
    <subfield code="c">Heisei 5 [1993]</subfield>
  </datafield>
  <datafield tag="300" ind1=" " ind2=" ">
    <subfield code="a">[6], 20, 441 pages ;</subfield>
    <subfield code="c">21 cm</subfield>
  </datafield>
  <datafield tag="336" ind1=" " ind2=" ">
    <subfield code="a">text</subfield>
    <subfield code="b">txt</subfield>
    <subfield code="2">rdacontent</subfield>
  </datafield>
  <datafield tag="337" ind1=" " ind2=" ">
    <subfield code="a">unmediated</subfield>
    <subfield code="b">n</subfield>
    <subfield code="2">rdamedia</subfield>
  </datafield>
  <datafield tag="338" ind1=" " ind2=" ">
    <subfield code="a">volume</subfield>
    <subfield code="b">nc</subfield>
    <subfield code="2">rdacarrier</subfield>
  </datafield>
  <datafield tag="500" ind1=" " ind2=" ">
    <subfield code="a">Includes legislation.</subfield>
  </datafield>
  <datafield tag="500" ind1=" " ind2=" ">
    <subfield code="a">Includes index.</subfield>
  </datafield>
  <datafield tag="500" ind1=" " ind2=" ">
    <subfield code="a">LC copy bound: 22 cm.</subfield>
    <subfield code="5">DLC</subfield>
  </datafield>
  <datafield tag="650" ind1=" " ind2="0">
    <subfield code="a">Aliens</subfield>
    <subfield code="z">Japan.</subfield>
  </datafield>
  <datafield tag="650" ind1=" " ind2="0">
    <subfield code="a">Emigration and immigration law</subfield>
    <subfield code="z">Japan.</subfield>
  </datafield>
  <datafield tag="650" ind1=" " ind2="0">
    <subfield code="a">Conflict of laws</subfield>
    <subfield code="z">Japan.</subfield>
  </datafield>
  <datafield tag="650" ind1=" " ind2="0">
    <subfield code="a">Corporations, Foreign</subfield>
    <subfield code="z">Japan.</subfield>
  </datafield>
  <datafield tag="650" ind1=" " ind2="7">
    <subfield code="a">Aliens.</subfield>
    <subfield code="2">fast</subfield>
    <subfield code="0">(OCoLC)fst00805278</subfield>
  </datafield>
  <datafield tag="650" ind1=" " ind2="7">
    <subfield code="a">Conflict of laws.</subfield>
    <subfield code="2">fast</subfield>
    <subfield code="0">(OCoLC)fst00874831</subfield>
  </datafield>
  <datafield tag="650" ind1=" " ind2="7">
    <subfield code="a">Corporations, Foreign.</subfield>
    <subfield code="2">fast</subfield>
    <subfield code="0">(OCoLC)fst00880032</subfield>
  </datafield>
  <datafield tag="650" ind1=" " ind2="7">
    <subfield code="a">Emigration and immigration law.</subfield>
    <subfield code="2">fast</subfield>
    <subfield code="0">(OCoLC)fst00908736</subfield>
  </datafield>
  <datafield tag="651" ind1=" " ind2="7">
    <subfield code="a">Japan.</subfield>
    <subfield code="2">fast</subfield>
    <subfield code="0">(OCoLC)fst01204082</subfield>
  </datafield>
  <datafield tag="710" ind1="2" ind2=" ">
    <subfield code="6">880-05</subfield>
    <subfield code="a">Gaimushō Jōyakukyoku Hōkika Hōrei Kenkyūkai.</subfield>
  </datafield>
  <datafield tag="776" ind1="0" ind2="8">
    <subfield code="i">Online version:</subfield>
    <subfield code="t">Waga kuni ni okeru gaikokujin no hōteki chii.</subfield>
    <subfield code="b">Zentei.</subfield>
    <subfield code="d">Tōkyō : Nihon Kajo Shuppan Kabushiki Kaisha, Heisei 5 [1993]</subfield>
    <subfield code="w">(OCoLC)648504621</subfield>
  </datafield>
  <datafield tag="880" ind1="0" ind2="0">
    <subfield code="6">245-01/$1</subfield>
    <subfield code="a">わが国における外国人の法的地位 /</subfield>
    <subfield code="c">外務省条約局法規課法令研究会編.</subfield>
  </datafield>
  <datafield tag="880" ind1="3" ind2="0">
    <subfield code="6">246-02/$1</subfield>
    <subfield code="a">外国人の法的地位</subfield>
  </datafield>
  <datafield tag="880" ind1=" " ind2=" ">
    <subfield code="6">250-03/$1</subfield>
    <subfield code="a">全訂.</subfield>
  </datafield>
  <datafield tag="880" ind1=" " ind2=" ">
    <subfield code="6">260-04/$1</subfield>
    <subfield code="a">東京 :</subfield>
    <subfield code="b">日本加除出版株式会社,</subfield>
    <subfield code="c">平成 5 [1993]</subfield>
  </datafield>
  <datafield tag="880" ind1="2" ind2=" ">
    <subfield code="6">710-05/$1</subfield>
    <subfield code="a">外務省条約局法規課法令研究会.</subfield>
  </datafield>
  
  
  
  
  
  
  
  
</record>