<record xmlns="http://www.loc.gov/MARC21/slim" xmlns:zs="http://docs.oasis-open.org/ns/search-ws/sruResponse">
  <leader>02571cgm a2200481Ma 4500</leader>
  <controlfield tag="001">ocn712517583</controlfield>
  <controlfield tag="003">OCoLC</controlfield>
  <controlfield tag="005">20160312213833.0</controlfield>
  <controlfield tag="008">110322p20092007mdu090            vleng d</controlfield>
  <controlfield tag="007">vd cvaizu</controlfield>
  <datafield tag="040" ind1=" " ind2=" ">
    <subfield code="a">CNSPL</subfield>
    <subfield code="b">eng</subfield>
    <subfield code="c">CNSPL</subfield>
    <subfield code="d">HCD</subfield>
    <subfield code="d">OCLCQ</subfield>
    <subfield code="d">Z87</subfield>
    <subfield code="d">OCLCO</subfield>
    <subfield code="d">FCX</subfield>
    <subfield code="d">OCLCO</subfield>
    <subfield code="d">NAM</subfield>
  </datafield>
  <datafield tag="024" ind1="1" ind2=" ">
    <subfield code="a">825284200430</subfield>
  </datafield>
  <datafield tag="035" ind1=" " ind2=" ">
    <subfield code="a">(OCoLC)712517583</subfield>
  </datafield>
  <datafield tag="043" ind1=" " ind2=" ">
    <subfield code="a">n-us---</subfield>
    <subfield code="a">n-mx---</subfield>
  </datafield>
  <datafield tag="050" ind1="1" ind2="4">
    <subfield code="a">JV6456</subfield>
    <subfield code="b">.I56 2009</subfield>
  </datafield>
  <datafield tag="082" ind1="0" ind2="4">
    <subfield code="a">304.8/73</subfield>
    <subfield code="2">22</subfield>
  </datafield>
  <datafield tag="245" ind1="0" ind2="4">
    <subfield code="a">The immigrant</subfield>
    <subfield code="h">[videorecording] =</subfield>
    <subfield code="b">El inmigrante /</subfield>
    <subfield code="c">Indican Pictures presents a 6512 Productions, Ouzel Pictures Motion Pictures, Impala Roja production ; a film by John Sheedy, David Eckenrode, John Eckenrode.</subfield>
  </datafield>
  <datafield tag="246" ind1="3" ind2=" ">
    <subfield code="a">Inmigrante</subfield>
  </datafield>
  <datafield tag="260" ind1=" " ind2=" ">
    <subfield code="a">[Baltimore, Md.] :</subfield>
    <subfield code="b">Las Américas Film Network,</subfield>
    <subfield code="c">c2009.</subfield>
  </datafield>
  <datafield tag="300" ind1=" " ind2=" ">
    <subfield code="a">1 videodisc (90 min.) :</subfield>
    <subfield code="b">sd., col. ;</subfield>
    <subfield code="c">4 3/4 in.</subfield>
  </datafield>
  <datafield tag="538" ind1=" " ind2=" ">
    <subfield code="a">DVD, NTSC, region 1.</subfield>
  </datafield>
  <datafield tag="500" ind1=" " ind2=" ">
    <subfield code="a">Originally released as a motion picture in 2007.</subfield>
  </datafield>
  <datafield tag="500" ind1=" " ind2=" ">
    <subfield code="a">"Life and death crossing the border"--Container.</subfield>
  </datafield>
  <datafield tag="508" ind1=" " ind2=" ">
    <subfield code="a">Cinematography, John Sheedy ; music, Matthew Valverde and others.</subfield>
  </datafield>
  <datafield tag="520" ind1=" " ind2=" ">
    <subfield code="a">Examines the Mexican and American border crisis through the story of Eusebio de Haro, a young Mexican migrant who was shot and killed during one of his journeys north. Includes interviews with the de Haro family, the community of Brackettville, Texas--where Eusebio was shot, members of vigilante border militias in Arizona, the horseback border patrol in El Paso, and migrants en route to an uncertain future in the United States.</subfield>
  </datafield>
  <datafield tag="500" ind1=" " ind2=" ">
    <subfield code="a">Special features: "Narcoleptic drunken daydreams" a 9-minute featurette from outtakes covering two stories on the border ; "Just coffee" featurette ; "The De Haro's view the film" featurette ; photo gallery ; poster progression gallery ; brief history of the border.</subfield>
  </datafield>
  <datafield tag="546" ind1=" " ind2=" ">
    <subfield code="a">In English with English or Spanish subtitles.</subfield>
  </datafield>
  <datafield tag="600" ind1="1" ind2="0">
    <subfield code="a">Haro, Eusebio de.</subfield>
  </datafield>
  <datafield tag="650" ind1=" " ind2="0">
    <subfield code="a">Illegal aliens</subfield>
    <subfield code="z">United States.</subfield>
  </datafield>
  <datafield tag="650" ind1=" " ind2="0">
    <subfield code="a">Illegal aliens</subfield>
    <subfield code="x">Crimes against</subfield>
    <subfield code="z">Mexican-American Border Region.</subfield>
  </datafield>
  <datafield tag="650" ind1=" " ind2="0">
    <subfield code="a">Foreign workers, Mexican</subfield>
    <subfield code="z">United States</subfield>
    <subfield code="x">Social conditions.</subfield>
  </datafield>
  <datafield tag="650" ind1=" " ind2="0">
    <subfield code="a">Human smuggling</subfield>
    <subfield code="z">Mexican-American Border Region.</subfield>
  </datafield>
  <datafield tag="651" ind1=" " ind2="0">
    <subfield code="a">Mexican-American Border Region.</subfield>
  </datafield>
  <datafield tag="655" ind1=" " ind2="0">
    <subfield code="a">Spanish language materials.</subfield>
  </datafield>
  <datafield tag="655" ind1=" " ind2="7">
    <subfield code="a">Documentary films.</subfield>
    <subfield code="2">lcgft</subfield>
  </datafield>
  <datafield tag="655" ind1=" " ind2="7">
    <subfield code="a">Biographical films.</subfield>
    <subfield code="2">lcgft</subfield>
  </datafield>
  <datafield tag="700" ind1="1" ind2=" ">
    <subfield code="a">Sheedy, John.</subfield>
  </datafield>
  <datafield tag="700" ind1="1" ind2=" ">
    <subfield code="a">Eckenrode, David.</subfield>
  </datafield>
  <datafield tag="700" ind1="1" ind2=" ">
    <subfield code="a">Eckenrode, John.</subfield>
  </datafield>
  <datafield tag="710" ind1="2" ind2=" ">
    <subfield code="a">Indican Pictures.</subfield>
  </datafield>
  <datafield tag="710" ind1="2" ind2=" ">
    <subfield code="a">Las Américas Film Network.</subfield>
  </datafield>
  
  
</record>