<record xmlns="http://www.loc.gov/MARC21/slim" xmlns:zs="http://docs.oasis-open.org/ns/search-ws/sruResponse">
  <leader>02980cam a2200553Ma 4500</leader>
  <controlfield tag="001">ocm65324274 </controlfield>
  <controlfield tag="003">OCoLC</controlfield>
  <controlfield tag="005">20160312213707.0</controlfield>
  <controlfield tag="008">060112s1714    enk     o     000 0 eng d</controlfield>
  <controlfield tag="006">m     o  d        </controlfield>
  <controlfield tag="007">cr |n||||||n||</controlfield>
  <datafield tag="040" ind1=" " ind2=" ">
    <subfield code="a">GMOME</subfield>
    <subfield code="b">eng</subfield>
    <subfield code="e">pn</subfield>
    <subfield code="c">GMOME</subfield>
    <subfield code="d">VOD</subfield>
    <subfield code="d">DEBBG</subfield>
    <subfield code="d">OCLCO</subfield>
    <subfield code="d">OCLCQ</subfield>
    <subfield code="d">OKU</subfield>
    <subfield code="d">MIGCL</subfield>
    <subfield code="d">UBF</subfield>
    <subfield code="d">FTUBL</subfield>
    <subfield code="d">OCLCF</subfield>
  </datafield>
  <datafield tag="019" ind1=" " ind2=" ">
    <subfield code="a">508464075</subfield>
    <subfield code="a">712846516</subfield>
  </datafield>
  <datafield tag="035" ind1=" " ind2=" ">
    <subfield code="a">(OCoLC)65324274</subfield>
    <subfield code="z">(OCoLC)508464075</subfield>
    <subfield code="z">(OCoLC)712846516</subfield>
  </datafield>
  <datafield tag="043" ind1=" " ind2=" ">
    <subfield code="a">e-uk---</subfield>
  </datafield>
  <datafield tag="050" ind1=" " ind2="4">
    <subfield code="a">HB151</subfield>
    <subfield code="b">.M35</subfield>
  </datafield>
  <datafield tag="245" ind1="0" ind2="0">
    <subfield code="a">Reasons humbly offered for passing the bill for the better preventing the covering aliens goods imported ...</subfield>
    <subfield code="h">[electronic resource].</subfield>
  </datafield>
  <datafield tag="260" ind1=" " ind2=" ">
    <subfield code="a">[London] :</subfield>
    <subfield code="b">[publisher not identified],</subfield>
    <subfield code="c">[1714]</subfield>
  </datafield>
  <datafield tag="300" ind1=" " ind2=" ">
    <subfield code="a">1 online resource (1 broadside)</subfield>
  </datafield>
  <datafield tag="336" ind1=" " ind2=" ">
    <subfield code="a">text</subfield>
    <subfield code="b">txt</subfield>
    <subfield code="2">rdacontent</subfield>
  </datafield>
  <datafield tag="337" ind1=" " ind2=" ">
    <subfield code="a">computer</subfield>
    <subfield code="b">c</subfield>
    <subfield code="2">rdamedia</subfield>
  </datafield>
  <datafield tag="338" ind1=" " ind2=" ">
    <subfield code="a">online resource</subfield>
    <subfield code="b">cr</subfield>
    <subfield code="2">rdacarrier</subfield>
  </datafield>
  <datafield tag="500" ind1=" " ind2=" ">
    <subfield code="a">Place of printing from ESTC; date from Hanson.</subfield>
  </datafield>
  <datafield tag="500" ind1=" " ind2=" ">
    <subfield code="a">Photographed from an original in the Kress Library.</subfield>
  </datafield>
  <datafield tag="500" ind1=" " ind2=" ">
    <subfield code="a">Reproduction of original from Kress Library of Business and Economics, Harvard University.</subfield>
  </datafield>
  <datafield tag="500" ind1=" " ind2=" ">
    <subfield code="a">Goldsmiths'-Kress no. 05128.13.</subfield>
  </datafield>
  <datafield tag="588" ind1=" " ind2=" ">
    <subfield code="a">Description based on print version record.</subfield>
  </datafield>
  <datafield tag="650" ind1=" " ind2="0">
    <subfield code="a">Aliens</subfield>
    <subfield code="z">Great Britain.</subfield>
  </datafield>
  <datafield tag="650" ind1=" " ind2="0">
    <subfield code="a">Tariff</subfield>
    <subfield code="z">Great Britain</subfield>
    <subfield code="v">Early works to 1800.</subfield>
  </datafield>
  <datafield tag="650" ind1=" " ind2="7">
    <subfield code="a">Coal trade.</subfield>
    <subfield code="2">fast</subfield>
    <subfield code="0">(OCoLC)fst00865513</subfield>
  </datafield>
  <datafield tag="650" ind1=" " ind2="7">
    <subfield code="a">Import quotas.</subfield>
    <subfield code="2">fast</subfield>
    <subfield code="0">(OCoLC)fst00968184</subfield>
  </datafield>
  <datafield tag="651" ind1=" " ind2="7">
    <subfield code="a">England.</subfield>
    <subfield code="2">fast</subfield>
    <subfield code="0">(OCoLC)fst01219920</subfield>
  </datafield>
  <datafield tag="655" ind1=" " ind2="7">
    <subfield code="a">Early works.</subfield>
    <subfield code="2">fast</subfield>
    <subfield code="0">(OCoLC)fst01411636</subfield>
  </datafield>
  <datafield tag="776" ind1="1" ind2=" ">
    <subfield code="c">Microform</subfield>
    <subfield code="w">(OCoLC)20886938</subfield>
  </datafield>
  <datafield tag="856" ind1="4" ind2=" ">
    <subfield code="u">http://www.gale.com/ModernEconomy/</subfield>
    <subfield code="z">Available to subscribing institutions</subfield>
  </datafield>
  <datafield tag="856" ind1="4" ind2=" ">
    <subfield code="u">http://galenet.galegroup.com/servlet/MOME?af=RN&amp;ae=U100500657&amp;srchtp=a&amp;ste=14</subfield>
    <subfield code="3">Volltext</subfield>
  </datafield>
  <datafield tag="856" ind1="4" ind2="0">
    <subfield code="u">http://find.galegroup.com/ecco/infomark.do?contentSet=ECCOArticles&amp;docType=ECCOArticles&amp;bookId=1697201200&amp;type=getFullCitation&amp;tabID=T001&amp;prodId=ECCO&amp;docLevel=TEXT_GRAPHICS&amp;version=1.0&amp;source=library&amp;userGroupName=norm94900</subfield>
    <subfield code="z">Full text online</subfield>
  </datafield>
  <datafield tag="856" ind1="4" ind2="0">
    <subfield code="u">http://find.galegroup.com/ecco/infomark.do?contentSet=ECCOArticles&amp;docType=ECCOArticles&amp;bookId=1697201200&amp;type=getFullCitation&amp;tabID=T001&amp;prodId=ECCO&amp;docLevel=TEXT_GRAPHICS&amp;version=1.0&amp;source=library</subfield>
    <subfield code="z">Full text online</subfield>
  </datafield>
  <datafield tag="856" ind1="4" ind2="0">
    <subfield code="u">http://find.galegroup.com/ecco/infomark.do?contentSet=ECCOArticles&amp;docType=ECCOArticles&amp;bookId=1697201200&amp;type=getFullCitation&amp;tabID=T001&amp;prodId=ECCO&amp;docLevel=TEXT_GRAPHICS&amp;version=1.0&amp;source=library&amp;userGroupName=fred96435</subfield>
    <subfield code="z">Full text online</subfield>
  </datafield>
  
  
  
  
  
  
  
  
  
  
</record>