<record xmlns="http://www.loc.gov/MARC21/slim" xmlns:zs="http://docs.oasis-open.org/ns/search-ws/sruResponse">
  <leader>02598cam a2200625Ia 4500</leader>
  <controlfield tag="001">ocm38000841 </controlfield>
  <controlfield tag="003">OCoLC</controlfield>
  <controlfield tag="005">20160312213754.0</controlfield>
  <controlfield tag="008">971124s1997    maua     bt  f000 0 eng d</controlfield>
  <datafield tag="040" ind1=" " ind2=" ">
    <subfield code="a">DBI</subfield>
    <subfield code="b">eng</subfield>
    <subfield code="c">DBI</subfield>
    <subfield code="d">AGL</subfield>
    <subfield code="d">IQU</subfield>
    <subfield code="d">GAO</subfield>
    <subfield code="d">OCLCQ</subfield>
    <subfield code="d">NLGGC</subfield>
    <subfield code="d">OCLCG</subfield>
    <subfield code="d">OCLCQ</subfield>
    <subfield code="d">DEBBG</subfield>
    <subfield code="d">GBVCP</subfield>
    <subfield code="d">OCLCQ</subfield>
    <subfield code="d">OCLCO</subfield>
  </datafield>
  <datafield tag="024" ind1="8" ind2=" ">
    <subfield code="a">ZBWT00796127</subfield>
  </datafield>
  <datafield tag="035" ind1=" " ind2=" ">
    <subfield code="a">(OCoLC)38000841</subfield>
  </datafield>
  <datafield tag="043" ind1=" " ind2=" ">
    <subfield code="a">n-us---</subfield>
    <subfield code="a">n-mx---</subfield>
  </datafield>
  <datafield tag="050" ind1="1" ind2="4">
    <subfield code="a">HB1</subfield>
    <subfield code="b">.W654 no. 6232</subfield>
  </datafield>
  <datafield tag="070" ind1="0" ind2=" ">
    <subfield code="a">HB1.A2N3</subfield>
    <subfield code="b">no.6232</subfield>
  </datafield>
  <datafield tag="072" ind1=" " ind2="0">
    <subfield code="a">X700</subfield>
  </datafield>
  <datafield tag="072" ind1=" " ind2="0">
    <subfield code="a">X800</subfield>
  </datafield>
  <datafield tag="072" ind1=" " ind2="0">
    <subfield code="a">X100</subfield>
  </datafield>
  <datafield tag="084" ind1=" " ind2=" ">
    <subfield code="a">83.42</subfield>
    <subfield code="2">bcl</subfield>
  </datafield>
  <datafield tag="084" ind1=" " ind2=" ">
    <subfield code="a">QA 32110</subfield>
    <subfield code="2">rvk</subfield>
  </datafield>
  <datafield tag="100" ind1="1" ind2=" ">
    <subfield code="a">Markusen, James R.,</subfield>
    <subfield code="d">1948-</subfield>
  </datafield>
  <datafield tag="245" ind1="1" ind2="0">
    <subfield code="a">Liberalization and incentives for labor migration :</subfield>
    <subfield code="b">theory with applications to NAFTA /</subfield>
    <subfield code="c">James R. Markusen, Steven Zahniser.</subfield>
  </datafield>
  <datafield tag="260" ind1=" " ind2=" ">
    <subfield code="a">Cambridge, MA :</subfield>
    <subfield code="b">National Bureau of Economic Research,</subfield>
    <subfield code="c">©1997.</subfield>
  </datafield>
  <datafield tag="300" ind1=" " ind2=" ">
    <subfield code="a">30, [15] pages :</subfield>
    <subfield code="b">illustrations ;</subfield>
    <subfield code="c">22 cm.</subfield>
  </datafield>
  <datafield tag="336" ind1=" " ind2=" ">
    <subfield code="a">text</subfield>
    <subfield code="b">txt</subfield>
    <subfield code="2">rdacontent</subfield>
  </datafield>
  <datafield tag="337" ind1=" " ind2=" ">
    <subfield code="a">unmediated</subfield>
    <subfield code="b">n</subfield>
    <subfield code="2">rdamedia</subfield>
  </datafield>
  <datafield tag="338" ind1=" " ind2=" ">
    <subfield code="a">volume</subfield>
    <subfield code="b">nc</subfield>
    <subfield code="2">rdacarrier</subfield>
  </datafield>
  <datafield tag="490" ind1="1" ind2=" ">
    <subfield code="a">NBER working paper series ;</subfield>
    <subfield code="v">working paper 6232</subfield>
  </datafield>
  <datafield tag="500" ind1=" " ind2=" ">
    <subfield code="a">"October 1997."</subfield>
  </datafield>
  <datafield tag="504" ind1=" " ind2=" ">
    <subfield code="a">Includes bibliographical references (pages 28-30).</subfield>
  </datafield>
  <datafield tag="530" ind1=" " ind2=" ">
    <subfield code="a">Also issued via the Internet.</subfield>
  </datafield>
  <datafield tag="536" ind1=" " ind2=" ">
    <subfield code="a">Financial support from the National Science Foundation</subfield>
  </datafield>
  <datafield tag="651" ind1=" " ind2="0">
    <subfield code="a">United States</subfield>
    <subfield code="x">Commerce</subfield>
    <subfield code="z">Mexico</subfield>
    <subfield code="x">Econometric models.</subfield>
  </datafield>
  <datafield tag="651" ind1=" " ind2="0">
    <subfield code="a">Mexico</subfield>
    <subfield code="x">Commerce</subfield>
    <subfield code="z">United States</subfield>
    <subfield code="x">Econometric models.</subfield>
  </datafield>
  <datafield tag="650" ind1=" " ind2="0">
    <subfield code="a">Free trade</subfield>
    <subfield code="z">Mexico</subfield>
    <subfield code="x">Econometric models.</subfield>
  </datafield>
  <datafield tag="650" ind1=" " ind2="0">
    <subfield code="a">Free trade</subfield>
    <subfield code="z">United States</subfield>
    <subfield code="x">Econometric models.</subfield>
  </datafield>
  <datafield tag="650" ind1=" " ind2="0">
    <subfield code="a">Unskilled labor</subfield>
    <subfield code="z">Mexico</subfield>
    <subfield code="x">Econometric models.</subfield>
  </datafield>
  <datafield tag="650" ind1=" " ind2="0">
    <subfield code="a">Wages</subfield>
    <subfield code="z">Mexico</subfield>
    <subfield code="x">Econometric models.</subfield>
  </datafield>
  <datafield tag="650" ind1=" " ind2="0">
    <subfield code="a">Emigration and immigration</subfield>
    <subfield code="x">Econometric models.</subfield>
  </datafield>
  <datafield tag="650" ind1=" " ind2="0">
    <subfield code="a">Illegal aliens</subfield>
    <subfield code="z">United States</subfield>
    <subfield code="x">Econometric models.</subfield>
  </datafield>
  <datafield tag="650" ind1=" " ind2="0">
    <subfield code="a">Foreign workers</subfield>
    <subfield code="z">United States</subfield>
    <subfield code="x">Econometric models.</subfield>
  </datafield>
  <datafield tag="650" ind1=" " ind2="4">
    <subfield code="a">Außenhandelsliberalisierung</subfield>
    <subfield code="x">Internationale Arbeitsmobilität</subfield>
    <subfield code="x">Theorie</subfield>
    <subfield code="x">NAFTA-Staaten.</subfield>
  </datafield>
  <datafield tag="650" ind1="1" ind2="7">
    <subfield code="a">NAFTA.</subfield>
    <subfield code="2">gtt</subfield>
  </datafield>
  <datafield tag="650" ind1="1" ind2="7">
    <subfield code="a">Arbeidsmigratie.</subfield>
    <subfield code="2">gtt</subfield>
  </datafield>
  <datafield tag="700" ind1="1" ind2=" ">
    <subfield code="a">Zahniser, Steven.</subfield>
  </datafield>
  <datafield tag="710" ind1="2" ind2=" ">
    <subfield code="a">National Bureau of Economic Research.</subfield>
  </datafield>
  <datafield tag="830" ind1=" " ind2="0">
    <subfield code="a">Working paper series (National Bureau of Economic Research) ;</subfield>
    <subfield code="v">working paper no. 6232.</subfield>
  </datafield>
  <datafield tag="856" ind1="4" ind2="1">
    <subfield code="3">National Bureau of Economic Research</subfield>
    <subfield code="u">http://papers.nber.org/papers/w6232</subfield>
  </datafield>
  
  
  
  
  
  
  
</record>