<record xmlns="http://www.loc.gov/MARC21/slim" xmlns:zs="http://docs.oasis-open.org/ns/search-ws/sruResponse">
  <leader>03634cgm a2200757Ia 4500</leader>
  <controlfield tag="001">ocn779255693</controlfield>
  <controlfield tag="003">OCoLC</controlfield>
  <controlfield tag="005">20160312213750.0</controlfield>
  <controlfield tag="008">111214p20122011vau060 g          vleng d</controlfield>
  <controlfield tag="007">vd cvaizs</controlfield>
  <datafield tag="040" ind1=" " ind2=" ">
    <subfield code="a">SFR</subfield>
    <subfield code="b">eng</subfield>
    <subfield code="c">SFR</subfield>
    <subfield code="d">QBX</subfield>
    <subfield code="d">IHI</subfield>
    <subfield code="d">YDXCP</subfield>
    <subfield code="d">OCLCA</subfield>
    <subfield code="d">OCLCF</subfield>
    <subfield code="d">OCLCO</subfield>
    <subfield code="d">PMD</subfield>
    <subfield code="d">OCLCO</subfield>
    <subfield code="d">BTS</subfield>
    <subfield code="d">OCLCA</subfield>
  </datafield>
  <datafield tag="019" ind1=" " ind2=" ">
    <subfield code="a">815825203</subfield>
  </datafield>
  <datafield tag="020" ind1=" " ind2=" ">
    <subfield code="a">1608835898</subfield>
  </datafield>
  <datafield tag="020" ind1=" " ind2=" ">
    <subfield code="a">9781608835898</subfield>
  </datafield>
  <datafield tag="024" ind1="1" ind2=" ">
    <subfield code="a">841887015929</subfield>
  </datafield>
  <datafield tag="028" ind1="4" ind2="2">
    <subfield code="a">FRL63002</subfield>
    <subfield code="b">PBS Distribution</subfield>
  </datafield>
  <datafield tag="033" ind1="0" ind2="1">
    <subfield code="a">20111018</subfield>
  </datafield>
  <datafield tag="035" ind1=" " ind2=" ">
    <subfield code="a">(OCoLC)779255693</subfield>
    <subfield code="z">(OCoLC)815825203</subfield>
  </datafield>
  <datafield tag="043" ind1=" " ind2=" ">
    <subfield code="a">n-us---</subfield>
  </datafield>
  <datafield tag="050" ind1="1" ind2="4">
    <subfield code="a">JV6483</subfield>
    <subfield code="b">.L67 2012</subfield>
  </datafield>
  <datafield tag="082" ind1="0" ind2="4">
    <subfield code="a">325.73</subfield>
    <subfield code="2">23</subfield>
  </datafield>
  <datafield tag="245" ind1="0" ind2="0">
    <subfield code="a">Lost in detention</subfield>
    <subfield code="h">[videorecording] /</subfield>
    <subfield code="c">produced by Rick Young, Margaret Ebrahim, Catherine Rentz ; written and directed by Rick Young ; a Frontline production with American University School of Communication Investigative Reporting Workshop.</subfield>
  </datafield>
  <datafield tag="246" ind1="1" ind2=" ">
    <subfield code="i">Subtitle from container:</subfield>
    <subfield code="a">President Obama's tough immigration enforcement</subfield>
  </datafield>
  <datafield tag="250" ind1=" " ind2=" ">
    <subfield code="a">Widescreen ed.</subfield>
  </datafield>
  <datafield tag="257" ind1=" " ind2=" ">
    <subfield code="a">United States</subfield>
    <subfield code="2">naf</subfield>
  </datafield>
  <datafield tag="260" ind1=" " ind2=" ">
    <subfield code="a">[Alexandria, Va.] :</subfield>
    <subfield code="b">PBS Distribution,</subfield>
    <subfield code="c">[2012]</subfield>
  </datafield>
  <datafield tag="300" ind1=" " ind2=" ">
    <subfield code="a">1 videodisc (approx. 60 min.) :</subfield>
    <subfield code="b">sd., col. ;</subfield>
    <subfield code="c">4 3/4 in.</subfield>
  </datafield>
  <datafield tag="538" ind1=" " ind2=" ">
    <subfield code="a">DVD, NTSC, region 1; widescreen formatl; stereo.</subfield>
  </datafield>
  <datafield tag="546" ind1=" " ind2=" ">
    <subfield code="a">In English with optional English subtitles for the deaf and hard of hearing (SDH).</subfield>
  </datafield>
  <datafield tag="511" ind1="0" ind2=" ">
    <subfield code="a">Correspondent: Maria Hinojosa.</subfield>
  </datafield>
  <datafield tag="508" ind1=" " ind2=" ">
    <subfield code="a">Editor, Leslie Atkins ; director of photography, Travis Fox ; music, John E. Low.</subfield>
  </datafield>
  <datafield tag="518" ind1=" " ind2=" ">
    <subfield code="a">Originally broadcast on television as as segment of "Frontline" on October 18, 2011.</subfield>
  </datafield>
  <datafield tag="500" ind1=" " ind2=" ">
    <subfield code="a">"This program contains mature content, including graphic language and descriptions of sexual abuse. Viewer discretion is advised"--PBS website.</subfield>
  </datafield>
  <datafield tag="521" ind1="8" ind2=" ">
    <subfield code="a">Not rated.</subfield>
  </datafield>
  <datafield tag="540" ind1=" " ind2=" ">
    <subfield code="a">For private home use only.</subfield>
  </datafield>
  <datafield tag="520" ind1=" " ind2=" ">
    <subfield code="a">Investigate Obama's enforcement strategies and looks at who is being detained and what is happening to them.</subfield>
  </datafield>
  <datafield tag="610" ind1="2" ind2="0">
    <subfield code="a">U.S. Immigration and Customs Enforcement.</subfield>
  </datafield>
  <datafield tag="650" ind1=" " ind2="0">
    <subfield code="a">Alien detention centers</subfield>
    <subfield code="z">United States.</subfield>
  </datafield>
  <datafield tag="650" ind1=" " ind2="0">
    <subfield code="a">Illegal aliens</subfield>
    <subfield code="z">United States.</subfield>
  </datafield>
  <datafield tag="610" ind1="2" ind2="7">
    <subfield code="a">U.S. Immigration and Customs Enforcement.</subfield>
    <subfield code="2">fast</subfield>
    <subfield code="0">(OCoLC)fst01692776</subfield>
  </datafield>
  <datafield tag="650" ind1=" " ind2="7">
    <subfield code="a">Alien detention centers.</subfield>
    <subfield code="2">fast</subfield>
    <subfield code="0">(OCoLC)fst00805056</subfield>
  </datafield>
  <datafield tag="650" ind1=" " ind2="7">
    <subfield code="a">Illegal aliens.</subfield>
    <subfield code="2">fast</subfield>
    <subfield code="0">(OCoLC)fst00967153</subfield>
  </datafield>
  <datafield tag="651" ind1=" " ind2="7">
    <subfield code="a">United States.</subfield>
    <subfield code="2">fast</subfield>
    <subfield code="0">(OCoLC)fst01204155</subfield>
  </datafield>
  <datafield tag="655" ind1=" " ind2="7">
    <subfield code="a">Documentary television programs.</subfield>
    <subfield code="2">lcgft</subfield>
  </datafield>
  <datafield tag="655" ind1=" " ind2="7">
    <subfield code="a">Nonfiction television programs.</subfield>
    <subfield code="2">lcgft</subfield>
  </datafield>
  <datafield tag="655" ind1=" " ind2="7">
    <subfield code="a">Television news programs.</subfield>
    <subfield code="2">lcgft</subfield>
  </datafield>
  <datafield tag="655" ind1=" " ind2="7">
    <subfield code="a">Video recordings for the hearing impaired.</subfield>
    <subfield code="2">lcgft</subfield>
  </datafield>
  <datafield tag="655" ind1=" " ind2="7">
    <subfield code="a">Documentary television programs.</subfield>
    <subfield code="2">fast</subfield>
    <subfield code="0">(OCoLC)fst01710387</subfield>
  </datafield>
  <datafield tag="655" ind1=" " ind2="7">
    <subfield code="a">Nonfiction television programs.</subfield>
    <subfield code="2">fast</subfield>
    <subfield code="0">(OCoLC)fst01710270</subfield>
  </datafield>
  <datafield tag="655" ind1=" " ind2="7">
    <subfield code="a">Television news programs.</subfield>
    <subfield code="2">fast</subfield>
    <subfield code="0">(OCoLC)fst01710455</subfield>
  </datafield>
  <datafield tag="655" ind1=" " ind2="7">
    <subfield code="a">Video recordings for the hearing impaired.</subfield>
    <subfield code="2">fast</subfield>
    <subfield code="0">(OCoLC)fst01710450</subfield>
  </datafield>
  <datafield tag="700" ind1="1" ind2=" ">
    <subfield code="a">Young, Rick</subfield>
    <subfield code="c">(Director)</subfield>
  </datafield>
  <datafield tag="700" ind1="1" ind2=" ">
    <subfield code="a">Ebrahim, Margaret.</subfield>
  </datafield>
  <datafield tag="700" ind1="1" ind2=" ">
    <subfield code="a">Pernot, Catherine Rentz.</subfield>
  </datafield>
  <datafield tag="700" ind1="1" ind2=" ">
    <subfield code="a">Hinojosa, Maria.</subfield>
  </datafield>
  <datafield tag="700" ind1="1" ind2=" ">
    <subfield code="a">Low, John E.</subfield>
  </datafield>
  <datafield tag="710" ind1="2" ind2=" ">
    <subfield code="a">American University (Washington, D.C.).</subfield>
    <subfield code="b">School of Communication.</subfield>
    <subfield code="b">Investigative Reporting Workshop.</subfield>
  </datafield>
  <datafield tag="710" ind1="2" ind2=" ">
    <subfield code="a">PBS Distribution (Firm)</subfield>
  </datafield>
  <datafield tag="730" ind1="0" ind2="2">
    <subfield code="a">Frontline (Television program)</subfield>
    <subfield code="p">Lost in detention.</subfield>
  </datafield>
  
  
  
  
  
  
  
</record>