<record xmlns="http://www.loc.gov/MARC21/slim" xmlns:zs="http://docs.oasis-open.org/ns/search-ws/sruResponse">
  <leader>06591cam a22009494a 4500</leader>
  <controlfield tag="001">ocm70064024 </controlfield>
  <controlfield tag="003">OCoLC</controlfield>
  <controlfield tag="005">20160312213730.0</controlfield>
  <controlfield tag="008">060619s2006    ne       b    001 0 eng  </controlfield>
  <datafield tag="010" ind1=" " ind2=" ">
    <subfield code="a">  2006277936</subfield>
  </datafield>
  <datafield tag="040" ind1=" " ind2=" ">
    <subfield code="a">DLC</subfield>
    <subfield code="b">eng</subfield>
    <subfield code="c">DLC</subfield>
    <subfield code="d">OHX</subfield>
    <subfield code="d">GUL</subfield>
    <subfield code="d">BAKER</subfield>
    <subfield code="d">GWL</subfield>
    <subfield code="d">YDXCP</subfield>
    <subfield code="d">BTCTA</subfield>
    <subfield code="d">NLGGC</subfield>
    <subfield code="d">AU@</subfield>
    <subfield code="d">NLA</subfield>
    <subfield code="d">DEBBG</subfield>
    <subfield code="d">OCL</subfield>
    <subfield code="d">EUM</subfield>
    <subfield code="d">OCL</subfield>
    <subfield code="d">UKMGB</subfield>
    <subfield code="d">OCLCF</subfield>
    <subfield code="d">OCLCO</subfield>
    <subfield code="d">BEDGE</subfield>
    <subfield code="d">OCLCQ</subfield>
    <subfield code="d">CWCLL</subfield>
  </datafield>
  <datafield tag="016" ind1="7" ind2=" ">
    <subfield code="a">013489136</subfield>
    <subfield code="2">Uk</subfield>
  </datafield>
  <datafield tag="016" ind1="7" ind2=" ">
    <subfield code="a">B0607851</subfield>
    <subfield code="2">bccb</subfield>
  </datafield>
  <datafield tag="019" ind1=" " ind2=" ">
    <subfield code="a">71490395</subfield>
  </datafield>
  <datafield tag="020" ind1=" " ind2=" ">
    <subfield code="a">9004150641</subfield>
    <subfield code="q">(acid-free paper)</subfield>
  </datafield>
  <datafield tag="020" ind1=" " ind2=" ">
    <subfield code="a">9789004150645</subfield>
    <subfield code="q">(acid-free paper)</subfield>
  </datafield>
  <datafield tag="035" ind1=" " ind2=" ">
    <subfield code="a">(OCoLC)70064024</subfield>
    <subfield code="z">(OCoLC)71490395</subfield>
  </datafield>
  <datafield tag="043" ind1=" " ind2=" ">
    <subfield code="a">e------</subfield>
  </datafield>
  <datafield tag="050" ind1="0" ind2="0">
    <subfield code="a">KJC8855</subfield>
    <subfield code="b">.G85 2006</subfield>
  </datafield>
  <datafield tag="050" ind1=" " ind2="4">
    <subfield code="a">KJE6044</subfield>
    <subfield code="b">.I46 2006</subfield>
  </datafield>
  <datafield tag="072" ind1=" " ind2="7">
    <subfield code="a">K</subfield>
    <subfield code="2">lcco</subfield>
  </datafield>
  <datafield tag="082" ind1="0" ind2="4">
    <subfield code="a">364.135</subfield>
    <subfield code="2">22</subfield>
  </datafield>
  <datafield tag="084" ind1=" " ind2=" ">
    <subfield code="a">86.41</subfield>
    <subfield code="2">bcl</subfield>
  </datafield>
  <datafield tag="084" ind1=" " ind2=" ">
    <subfield code="a">PS 3872</subfield>
    <subfield code="2">rvk</subfield>
  </datafield>
  <datafield tag="100" ind1="1" ind2=" ">
    <subfield code="a">Guild, Elspeth.</subfield>
  </datafield>
  <datafield tag="245" ind1="1" ind2="0">
    <subfield code="a">Immigration and criminal law in the European Union :</subfield>
    <subfield code="b">the legal measures and social consequences of criminal law in member states on trafficking and smuggling in human beings /</subfield>
    <subfield code="c">edited by Elspeth Guild and Paul Minderhoud.</subfield>
  </datafield>
  <datafield tag="260" ind1=" " ind2=" ">
    <subfield code="a">Leiden ;</subfield>
    <subfield code="a">Boston :</subfield>
    <subfield code="b">Martinus Nijhoff Publishers,</subfield>
    <subfield code="c">©2006.</subfield>
  </datafield>
  <datafield tag="300" ind1=" " ind2=" ">
    <subfield code="a">424 pages ;</subfield>
    <subfield code="c">25 cm.</subfield>
  </datafield>
  <datafield tag="336" ind1=" " ind2=" ">
    <subfield code="a">text</subfield>
    <subfield code="b">txt</subfield>
    <subfield code="2">rdacontent</subfield>
  </datafield>
  <datafield tag="337" ind1=" " ind2=" ">
    <subfield code="a">unmediated</subfield>
    <subfield code="b">n</subfield>
    <subfield code="2">rdamedia</subfield>
  </datafield>
  <datafield tag="338" ind1=" " ind2=" ">
    <subfield code="a">volume</subfield>
    <subfield code="b">nc</subfield>
    <subfield code="2">rdacarrier</subfield>
  </datafield>
  <datafield tag="490" ind1="1" ind2=" ">
    <subfield code="a">Immigration and asylum law and policy in Europe ;</subfield>
    <subfield code="v">v. 9</subfield>
  </datafield>
  <datafield tag="504" ind1=" " ind2=" ">
    <subfield code="a">Includes bibliographical references and index.</subfield>
  </datafield>
  <datafield tag="520" ind1=" " ind2=" ">
    <subfield code="a">Talks about the issues of legal and social legitimacy which surround criminal measures relating to trafficking in human beings in six Member States and the EU. This book also explains the legal nature of the types of measures which have been adopted and the presentation of criminal sanctions and the positions taken by key actors in civil society.</subfield>
  </datafield>
  <datafield tag="505" ind1="0" ind2=" ">
    <subfield code="a">French criminal and administrative law concerning smuggling of migrants and trafficking in human beings : punishing trafficked people for their protection? / Johanne Vernier -- Trafficking and smuggling in France : social problems as transnational security issues / Virginie Guiraudon -- The legal framework of trafficking and smuggling in Germany : victim protection emerging from witness protection? / Katja S. Ziegler -- Social working of criminal law on trafficking and smuggling in human beings in Germany / Norbert Cyrus and Dita Vogel -- Crimes of assisting illegal immigration and trafficking in human beings in Italian law : illegal immigration between administrative infringement and criminal offence / Matilde Ventrella McCreight -- Looking for some coherence : migrants in-between criminalisation and protection in Italy / Raffaela Puggioni -- Dutch criminal and administrative law concerning trafficking in and smuggling of human beings. The blurred legal position of smuggled and trafficked persons : victims, instigators or illegals / Bregje Pieters</subfield>
  </datafield>
  <datafield tag="505" ind1="8" ind2=" ">
    <subfield code="a">Controlling immigration and organized crime in the Netherlands. Dutch developments and debates on human smuggling and trafficking / Richard Staring -- Trafficking in and smuggling of human beings : the Spanish approach. Main issues on Spanish alien law and practice concerning trafficking and smuggling of human beings. Main issues in Spanish criminal law and practice related to trafficking in and smuggling of human beings / C. Gortázar-Rotaeche, E. García Coso and A. Obregón García -- The fight against illegal immigration, smuggling and trafficking in human beings in Spain : ambiguities and rhetoric / Carmen González Enriquez -- Trafficking and smugglin in human beings : the British perspective / Dora Kostakopoulou -- The politics of irregular migration, human trafficking and people smuggling in the United Kingdom / Andrew Geddes -- EU action against trafficking of human beings : past, present and the future / Tom Obokata.</subfield>
  </datafield>
  <datafield tag="650" ind1=" " ind2="0">
    <subfield code="a">Human smuggling</subfield>
    <subfield code="z">Europe.</subfield>
  </datafield>
  <datafield tag="650" ind1=" " ind2="0">
    <subfield code="a">Human trafficking</subfield>
    <subfield code="z">Europe.</subfield>
  </datafield>
  <datafield tag="650" ind1=" " ind2="0">
    <subfield code="a">Illegal aliens</subfield>
    <subfield code="z">Europe.</subfield>
  </datafield>
  <datafield tag="650" ind1=" " ind2="7">
    <subfield code="a">Droit pénal.</subfield>
    <subfield code="2">eclas</subfield>
  </datafield>
  <datafield tag="650" ind1=" " ind2="7">
    <subfield code="a">Législation sur l'émigration.</subfield>
    <subfield code="2">eclas</subfield>
  </datafield>
  <datafield tag="650" ind1=" " ind2="7">
    <subfield code="a">Traite des êtres humains.</subfield>
    <subfield code="2">eclas</subfield>
  </datafield>
  <datafield tag="650" ind1=" " ind2="7">
    <subfield code="a">UE/CE Droit.</subfield>
    <subfield code="2">eclas</subfield>
  </datafield>
  <datafield tag="650" ind1=" " ind2="7">
    <subfield code="a">Analyse comparative.</subfield>
    <subfield code="2">eclas</subfield>
  </datafield>
  <datafield tag="650" ind1=" " ind2="7">
    <subfield code="a">UE/CE Etats membres.</subfield>
    <subfield code="2">eclas</subfield>
  </datafield>
  <datafield tag="650" ind1=" " ind2="7">
    <subfield code="a">Aspects sociaux.</subfield>
    <subfield code="2">eclas</subfield>
  </datafield>
  <datafield tag="650" ind1=" " ind2="7">
    <subfield code="a">Human smuggling.</subfield>
    <subfield code="2">fast</subfield>
    <subfield code="0">(OCoLC)fst00963471</subfield>
  </datafield>
  <datafield tag="650" ind1=" " ind2="7">
    <subfield code="a">Human trafficking.</subfield>
    <subfield code="2">fast</subfield>
    <subfield code="0">(OCoLC)fst01739818</subfield>
  </datafield>
  <datafield tag="650" ind1=" " ind2="7">
    <subfield code="a">Illegal aliens.</subfield>
    <subfield code="2">fast</subfield>
    <subfield code="0">(OCoLC)fst00967153</subfield>
  </datafield>
  <datafield tag="651" ind1=" " ind2="7">
    <subfield code="a">Europe.</subfield>
    <subfield code="2">fast</subfield>
    <subfield code="0">(OCoLC)fst01245064</subfield>
  </datafield>
  <datafield tag="650" ind1="1" ind2="7">
    <subfield code="a">Mensenhandel.</subfield>
    <subfield code="2">gtt</subfield>
  </datafield>
  <datafield tag="650" ind1="1" ind2="7">
    <subfield code="a">Strafrecht.</subfield>
    <subfield code="2">gtt</subfield>
  </datafield>
  <datafield tag="650" ind1="1" ind2="7">
    <subfield code="a">Sociale aspecten.</subfield>
    <subfield code="2">gtt</subfield>
  </datafield>
  <datafield tag="651" ind1=" " ind2="7">
    <subfield code="a">EU-landen.</subfield>
    <subfield code="2">gtt</subfield>
  </datafield>
  <datafield tag="830" ind1=" " ind2="0">
    <subfield code="a">Immigration and asylum law and policy in Europe ;</subfield>
    <subfield code="v">v. 9.</subfield>
  </datafield>
  <datafield tag="856" ind1="4" ind2="1">
    <subfield code="3">Table of contents</subfield>
    <subfield code="u">http://bvbr.bib-bvb.de:8991/F?func=service&amp;doc_library=BVB01&amp;doc_number=014967004&amp;line_number=0001&amp;func_code=DB_RECORDS&amp;service_type=MEDIA</subfield>
  </datafield>
  <datafield tag="856" ind1=" " ind2=" ">
    <subfield code="u">http://bvbr.bib-bvb.de:8991/F?func=service&amp;doc_library=BVB01&amp;local_base=BVB01&amp;doc_number=014967004&amp;line_number=0001&amp;func_code=DB_RECORDS&amp;service_type=MEDIA</subfield>
    <subfield code="z">Inhaltsverzeichnis</subfield>
  </datafield>
  
  
  
  
  
  
  
  
  
  
  
  
  
  
  
  
  
  
  
  
  
  
  
  
  
</record>