<record xmlns="http://www.loc.gov/MARC21/slim" xmlns:zs="http://docs.oasis-open.org/ns/search-ws/sruResponse">
  <leader>02379nam a2200481 i 4500</leader>
  <controlfield tag="001">ocn938939797</controlfield>
  <controlfield tag="003">OCoLC</controlfield>
  <controlfield tag="005">20160312213829.0</controlfield>
  <controlfield tag="008">160212s2015    dcu     bb   f000 0 eng c</controlfield>
  <controlfield tag="007">he bmb024bbca</controlfield>
  <datafield tag="040" ind1=" " ind2=" ">
    <subfield code="a">GPO</subfield>
    <subfield code="b">eng</subfield>
    <subfield code="e">rda</subfield>
    <subfield code="c">GPO</subfield>
  </datafield>
  <datafield tag="035" ind1=" " ind2=" ">
    <subfield code="a">(OCoLC)938939797</subfield>
  </datafield>
  <datafield tag="042" ind1=" " ind2=" ">
    <subfield code="a">pcc</subfield>
  </datafield>
  <datafield tag="043" ind1=" " ind2=" ">
    <subfield code="a">n-us---</subfield>
  </datafield>
  <datafield tag="050" ind1="1" ind2="4">
    <subfield code="a">KF27</subfield>
    <subfield code="b">.J863 2015c</subfield>
  </datafield>
  <datafield tag="074" ind1=" " ind2=" ">
    <subfield code="a">1020-B (MF)</subfield>
  </datafield>
  <datafield tag="086" ind1="0" ind2=" ">
    <subfield code="a">Y 4.J 89/1:114-36</subfield>
  </datafield>
  <datafield tag="088" ind1=" " ind2=" ">
    <subfield code="a">Serial no. 114-36 (United States. Congress. House. Committee on the Judiciary)</subfield>
  </datafield>
  <datafield tag="110" ind1="1" ind2=" ">
    <subfield code="a">United States.</subfield>
    <subfield code="b">Congress.</subfield>
    <subfield code="b">House.</subfield>
    <subfield code="b">Committee on the Judiciary.</subfield>
    <subfield code="b">Subcommittee on Immigration and Border Security,</subfield>
    <subfield code="e">author.</subfield>
  </datafield>
  <datafield tag="245" ind1="1" ind2="0">
    <subfield code="a">Sanctuary cities :</subfield>
    <subfield code="b">a threat to public safety : hearing before the Subcommittee on Immigration and Border Security of the Committee on the Judiciary, House of Representatives, One Hundred Fourteenth Congress, first session, July 23, 2015.</subfield>
  </datafield>
  <datafield tag="264" ind1=" " ind2="1">
    <subfield code="a">Washington :</subfield>
    <subfield code="b">U.S. Government Publishing Office,</subfield>
    <subfield code="c">2015.</subfield>
  </datafield>
  <datafield tag="264" ind1=" " ind2="2">
    <subfield code="a">Washington, DC :</subfield>
    <subfield code="b">For sale by the Superintendent of Documents, U.S. Government Publishing Office</subfield>
  </datafield>
  <datafield tag="300" ind1=" " ind2=" ">
    <subfield code="a">iii, 99 pages ;</subfield>
    <subfield code="c">24 cm</subfield>
  </datafield>
  <datafield tag="336" ind1=" " ind2=" ">
    <subfield code="a">text</subfield>
    <subfield code="b">txt</subfield>
    <subfield code="2">rdacontent</subfield>
  </datafield>
  <datafield tag="337" ind1=" " ind2=" ">
    <subfield code="a">microform</subfield>
    <subfield code="b">h</subfield>
    <subfield code="2">rdamedia</subfield>
  </datafield>
  <datafield tag="338" ind1=" " ind2=" ">
    <subfield code="a">microfiche</subfield>
    <subfield code="b">he</subfield>
    <subfield code="2">rdacarrier</subfield>
  </datafield>
  <datafield tag="500" ind1=" " ind2=" ">
    <subfield code="a">Shipping list no.: 2016-0046-M.</subfield>
  </datafield>
  <datafield tag="504" ind1=" " ind2=" ">
    <subfield code="a">Includes bibliographical references.</subfield>
  </datafield>
  <datafield tag="500" ind1=" " ind2=" ">
    <subfield code="a">"Serial no. 114-36."</subfield>
  </datafield>
  <datafield tag="533" ind1=" " ind2=" ">
    <subfield code="a">Microfiche.</subfield>
    <subfield code="b">[Washington, D.C.] :</subfield>
    <subfield code="c">U.S. Government Printing Office,</subfield>
    <subfield code="d">[2015]</subfield>
    <subfield code="e">2 microfiches : negative.</subfield>
  </datafield>
  <datafield tag="650" ind1=" " ind2="0">
    <subfield code="a">Asylum, Right of</subfield>
    <subfield code="z">United States.</subfield>
  </datafield>
  <datafield tag="650" ind1=" " ind2="0">
    <subfield code="a">Illegal aliens</subfield>
    <subfield code="x">Government policy</subfield>
    <subfield code="z">United States.</subfield>
  </datafield>
  <datafield tag="650" ind1=" " ind2="0">
    <subfield code="a">Alien criminals</subfield>
    <subfield code="z">United States.</subfield>
  </datafield>
  <datafield tag="650" ind1=" " ind2="0">
    <subfield code="a">Emigration and immigration law</subfield>
    <subfield code="z">United States.</subfield>
  </datafield>
  <datafield tag="650" ind1=" " ind2="0">
    <subfield code="a">Immigration enforcement</subfield>
    <subfield code="z">United States.</subfield>
  </datafield>
  <datafield tag="650" ind1=" " ind2="0">
    <subfield code="a">Public safety</subfield>
    <subfield code="z">United States.</subfield>
  </datafield>
  <datafield tag="650" ind1=" " ind2="0">
    <subfield code="a">National security</subfield>
    <subfield code="z">United States.</subfield>
  </datafield>
  <datafield tag="650" ind1=" " ind2="0">
    <subfield code="a">Border security</subfield>
    <subfield code="z">United States.</subfield>
  </datafield>
  <datafield tag="655" ind1=" " ind2="7">
    <subfield code="a">Legislative hearings.</subfield>
    <subfield code="2">lcgft</subfield>
  </datafield>
  <datafield tag="776" ind1="0" ind2="8">
    <subfield code="i">Online version:</subfield>
    <subfield code="a">United States. Congress. House. Committee on the Judiciary. Subcommittee on Immigration and Border Security.</subfield>
    <subfield code="t">Sanctuary cities</subfield>
    <subfield code="w">(OCoLC)921891388</subfield>
  </datafield>
  <datafield tag="776" ind1="0" ind2="8">
    <subfield code="i">Print version:</subfield>
    <subfield code="a">United States. Congress. House. Committee on the Judiciary. Subcommittee on Immigration and Border Security.</subfield>
    <subfield code="t">Sanctuary cities</subfield>
    <subfield code="w">(OCoLC)922582228</subfield>
  </datafield>
  
  
</record>