<record xmlns="http://www.loc.gov/MARC21/slim" xmlns:zs="http://docs.oasis-open.org/ns/search-ws/sruResponse">
  <leader>01334cam a2200373Mi 4500</leader>
  <controlfield tag="001">ocn229323467</controlfield>
  <controlfield tag="003">OCoLC</controlfield>
  <controlfield tag="005">20160312213913.0</controlfield>
  <controlfield tag="008">040318s2002    meu     d     000 1 eng d</controlfield>
  <datafield tag="010" ind1=" " ind2=" ">
    <subfield code="a">  2002044411</subfield>
  </datafield>
  <datafield tag="040" ind1=" " ind2=" ">
    <subfield code="a">AXH</subfield>
    <subfield code="b">eng</subfield>
    <subfield code="c">AXH</subfield>
    <subfield code="d">TJT</subfield>
    <subfield code="d">MWCON</subfield>
    <subfield code="d">OCLCO</subfield>
    <subfield code="d">OCLCQ</subfield>
    <subfield code="d">OCLCO</subfield>
  </datafield>
  <datafield tag="020" ind1=" " ind2=" ">
    <subfield code="a">1410400964</subfield>
  </datafield>
  <datafield tag="020" ind1=" " ind2=" ">
    <subfield code="a">9781410400963</subfield>
  </datafield>
  <datafield tag="035" ind1=" " ind2=" ">
    <subfield code="a">(OCoLC)229323467</subfield>
  </datafield>
  <datafield tag="043" ind1=" " ind2=" ">
    <subfield code="a">n-us-ny</subfield>
  </datafield>
  <datafield tag="050" ind1="1" ind2="0">
    <subfield code="a">PS3554.E1755</subfield>
    <subfield code="b">S76 2002</subfield>
  </datafield>
  <datafield tag="100" ind1="1" ind2=" ">
    <subfield code="a">Deaver, Jeffery.</subfield>
  </datafield>
  <datafield tag="245" ind1="1" ind2="4">
    <subfield code="a">The stone monkey :</subfield>
    <subfield code="b">a Lincoln Rhyme novel /</subfield>
    <subfield code="c">Jeffery Deaver.</subfield>
  </datafield>
  <datafield tag="250" ind1=" " ind2=" ">
    <subfield code="a">[Large print ed.].</subfield>
  </datafield>
  <datafield tag="260" ind1=" " ind2=" ">
    <subfield code="a">Waterville, ME :</subfield>
    <subfield code="b">Thorndike Press,</subfield>
    <subfield code="c">©2002.</subfield>
  </datafield>
  <datafield tag="300" ind1=" " ind2=" ">
    <subfield code="a">657 pages</subfield>
  </datafield>
  <datafield tag="336" ind1=" " ind2=" ">
    <subfield code="a">text</subfield>
    <subfield code="b">txt</subfield>
    <subfield code="2">rdacontent</subfield>
  </datafield>
  <datafield tag="337" ind1=" " ind2=" ">
    <subfield code="a">unmediated</subfield>
    <subfield code="b">n</subfield>
    <subfield code="2">rdamedia</subfield>
  </datafield>
  <datafield tag="338" ind1=" " ind2=" ">
    <subfield code="a">volume</subfield>
    <subfield code="b">nc</subfield>
    <subfield code="2">rdacarrier</subfield>
  </datafield>
  <datafield tag="650" ind1=" " ind2="0">
    <subfield code="a">Rhyme, Lincoln (Fictitious character)</subfield>
  </datafield>
  <datafield tag="650" ind1=" " ind2="0">
    <subfield code="a">Forensic sciences</subfield>
    <subfield code="z">New York (State)</subfield>
    <subfield code="z">New York</subfield>
    <subfield code="v">Fiction.</subfield>
  </datafield>
  <datafield tag="650" ind1=" " ind2="0">
    <subfield code="a">Retired police</subfield>
    <subfield code="z">New York (State)</subfield>
    <subfield code="z">New York</subfield>
    <subfield code="v">Fiction.</subfield>
  </datafield>
  <datafield tag="650" ind1=" " ind2="0">
    <subfield code="a">Quadriplegics</subfield>
    <subfield code="z">New York (State)</subfield>
    <subfield code="z">New York</subfield>
    <subfield code="v">Fiction.</subfield>
  </datafield>
  <datafield tag="650" ind1=" " ind2="0">
    <subfield code="a">Policewomen</subfield>
    <subfield code="z">New York (State)</subfield>
    <subfield code="z">New York</subfield>
    <subfield code="v">Fiction.</subfield>
  </datafield>
  <datafield tag="650" ind1=" " ind2="0">
    <subfield code="a">Illegal aliens</subfield>
    <subfield code="z">New York (State)</subfield>
    <subfield code="z">New York</subfield>
    <subfield code="v">Fiction.</subfield>
  </datafield>
  <datafield tag="650" ind1=" " ind2="0">
    <subfield code="a">Chinese Americans</subfield>
    <subfield code="z">New York (State)</subfield>
    <subfield code="z">New York</subfield>
    <subfield code="v">Fiction.</subfield>
  </datafield>
  <datafield tag="651" ind1=" " ind2="0">
    <subfield code="a">New York (N.Y.)</subfield>
    <subfield code="v">Fiction.</subfield>
  </datafield>
  
  
</record>