<record xmlns="http://www.loc.gov/MARC21/slim" xmlns:zs="http://docs.oasis-open.org/ns/search-ws/sruResponse">
  <leader>03331cam a2200577Ia 4500</leader>
  <controlfield tag="001">ocn418710240</controlfield>
  <controlfield tag="003">OCoLC</controlfield>
  <controlfield tag="005">20160312213829.0</controlfield>
  <controlfield tag="008">090528s2008    nq a     b    000 0 spa d</controlfield>
  <datafield tag="040" ind1=" " ind2=" ">
    <subfield code="a">MNU</subfield>
    <subfield code="b">eng</subfield>
    <subfield code="c">MNU</subfield>
    <subfield code="d">CFT</subfield>
    <subfield code="d">PIT</subfield>
    <subfield code="d">IQU</subfield>
    <subfield code="d">IXA</subfield>
    <subfield code="d">UIU</subfield>
    <subfield code="d">OCLCF</subfield>
    <subfield code="d">OCLCO</subfield>
    <subfield code="d">OCLCQ</subfield>
  </datafield>
  <datafield tag="035" ind1=" " ind2=" ">
    <subfield code="a">(OCoLC)418710240</subfield>
  </datafield>
  <datafield tag="041" ind1="1" ind2=" ">
    <subfield code="a">spa</subfield>
    <subfield code="a">eng</subfield>
    <subfield code="h">spa</subfield>
  </datafield>
  <datafield tag="043" ind1=" " ind2=" ">
    <subfield code="a">nc-----</subfield>
    <subfield code="a">n-us---</subfield>
  </datafield>
  <datafield tag="050" ind1=" " ind2="4">
    <subfield code="a">JV7412</subfield>
    <subfield code="b">.R63 2008</subfield>
  </datafield>
  <datafield tag="082" ind1="0" ind2="4">
    <subfield code="a">304.8730728</subfield>
    <subfield code="b">R582c</subfield>
    <subfield code="2">22</subfield>
  </datafield>
  <datafield tag="100" ind1="1" ind2=" ">
    <subfield code="a">Rocha, José Luis.</subfield>
  </datafield>
  <datafield tag="245" ind1="1" ind2="0">
    <subfield code="a">Centroamericanos redefiniendo las fronteras =</subfield>
    <subfield code="b">Central Americans redefining the borders /</subfield>
    <subfield code="c">José Luis Rocha ; [English translation, Judy Butler and Gareth Richards].</subfield>
  </datafield>
  <datafield tag="246" ind1="3" ind2="1">
    <subfield code="a">Central Americans redefining the borders</subfield>
  </datafield>
  <datafield tag="260" ind1=" " ind2=" ">
    <subfield code="a">Managua, Nicaragua :</subfield>
    <subfield code="b">Universidad Centroamericana,</subfield>
    <subfield code="c">2008.</subfield>
  </datafield>
  <datafield tag="300" ind1=" " ind2=" ">
    <subfield code="a">173, 180 pages :</subfield>
    <subfield code="b">illustrations ;</subfield>
    <subfield code="c">22 cm</subfield>
  </datafield>
  <datafield tag="336" ind1=" " ind2=" ">
    <subfield code="a">text</subfield>
    <subfield code="b">txt</subfield>
    <subfield code="2">rdacontent</subfield>
  </datafield>
  <datafield tag="337" ind1=" " ind2=" ">
    <subfield code="a">unmediated</subfield>
    <subfield code="b">n</subfield>
    <subfield code="2">rdamedia</subfield>
  </datafield>
  <datafield tag="338" ind1=" " ind2=" ">
    <subfield code="a">volume</subfield>
    <subfield code="b">nc</subfield>
    <subfield code="2">rdacarrier</subfield>
  </datafield>
  <datafield tag="504" ind1=" " ind2=" ">
    <subfield code="a">Includes bibliographical references (pages 171-180).</subfield>
  </datafield>
  <datafield tag="505" ind1="0" ind2=" ">
    <subfield code="a">Remesas ¿un fetiche? : Antídoto contra optimismos insensatos -- 12 mil millones en remesas : ¿Quén se come ese mandado? -- En un valle lleno de fresas y con manos vacías de documentos -- Ticaragüenses : identidades binacionales en la frontera líquida -- Deportados : sin papeles, sin derecnos y con fronteras.</subfield>
  </datafield>
  <datafield tag="505" ind1="8" ind2=" ">
    <subfield code="a">Remittances aer far more than a development panacea -- Whose money is it anyway? -- Strawberry fields and undocumented workers forever? -- Ticaraguans : bi-national identities on the liquid border -- Deportees have no papers or rights, only borders.</subfield>
  </datafield>
  <datafield tag="546" ind1=" " ind2=" ">
    <subfield code="a">Spanish with English translation, arranged tête-bêche.</subfield>
  </datafield>
  <datafield tag="651" ind1=" " ind2="0">
    <subfield code="a">Central America</subfield>
    <subfield code="x">Emigration and immigration</subfield>
    <subfield code="x">Economic aspects.</subfield>
  </datafield>
  <datafield tag="651" ind1=" " ind2="0">
    <subfield code="a">Central America</subfield>
    <subfield code="x">Emigration and immigration</subfield>
    <subfield code="x">Political aspects.</subfield>
  </datafield>
  <datafield tag="650" ind1=" " ind2="0">
    <subfield code="a">Illegal aliens</subfield>
    <subfield code="x">Economic aspects</subfield>
    <subfield code="z">United States.</subfield>
  </datafield>
  <datafield tag="651" ind1=" " ind2="0">
    <subfield code="a">Central America</subfield>
    <subfield code="x">Economic conditions.</subfield>
  </datafield>
  <datafield tag="650" ind1=" " ind2="0">
    <subfield code="a">Foreign workers</subfield>
    <subfield code="z">United States.</subfield>
  </datafield>
  <datafield tag="650" ind1=" " ind2="0">
    <subfield code="a">Emigrant remittances</subfield>
    <subfield code="z">Central America.</subfield>
  </datafield>
  <datafield tag="650" ind1=" " ind2="7">
    <subfield code="a">Economic history.</subfield>
    <subfield code="2">fast</subfield>
    <subfield code="0">(OCoLC)fst00901974</subfield>
  </datafield>
  <datafield tag="650" ind1=" " ind2="7">
    <subfield code="a">Emigrant remittances.</subfield>
    <subfield code="2">fast</subfield>
    <subfield code="0">(OCoLC)fst00908685</subfield>
  </datafield>
  <datafield tag="650" ind1=" " ind2="7">
    <subfield code="a">Emigration and immigration</subfield>
    <subfield code="x">Economic aspects.</subfield>
    <subfield code="2">fast</subfield>
    <subfield code="0">(OCoLC)fst00908694</subfield>
  </datafield>
  <datafield tag="650" ind1=" " ind2="7">
    <subfield code="a">Emigration and immigration</subfield>
    <subfield code="x">Political aspects.</subfield>
    <subfield code="2">fast</subfield>
    <subfield code="0">(OCoLC)fst00908710</subfield>
  </datafield>
  <datafield tag="650" ind1=" " ind2="7">
    <subfield code="a">Foreign workers.</subfield>
    <subfield code="2">fast</subfield>
    <subfield code="0">(OCoLC)fst01729099</subfield>
  </datafield>
  <datafield tag="650" ind1=" " ind2="7">
    <subfield code="a">Illegal aliens</subfield>
    <subfield code="x">Economic aspects.</subfield>
    <subfield code="2">fast</subfield>
    <subfield code="0">(OCoLC)fst00967156</subfield>
  </datafield>
  <datafield tag="651" ind1=" " ind2="7">
    <subfield code="a">Central America.</subfield>
    <subfield code="2">fast</subfield>
    <subfield code="0">(OCoLC)fst01244535</subfield>
  </datafield>
  <datafield tag="651" ind1=" " ind2="7">
    <subfield code="a">United States.</subfield>
    <subfield code="2">fast</subfield>
    <subfield code="0">(OCoLC)fst01204155</subfield>
  </datafield>
  <datafield tag="700" ind1="1" ind2=" ">
    <subfield code="a">Butler, Judy,</subfield>
    <subfield code="d">1940-</subfield>
  </datafield>
  <datafield tag="700" ind1="1" ind2=" ">
    <subfield code="a">Richards, Gareth.</subfield>
  </datafield>
  <datafield tag="776" ind1="0" ind2="8">
    <subfield code="i">Online version:</subfield>
    <subfield code="a">Rocha, José Luis.</subfield>
    <subfield code="t">Centroamericanos redefiniendo las fronteras.</subfield>
    <subfield code="d">Managua, Nicaragua : Universidad Centroamericana, 2008</subfield>
    <subfield code="w">(OCoLC)742584940</subfield>
  </datafield>
  
  
  
  
  
  
  
</record>