<record xmlns="http://www.loc.gov/MARC21/slim" xmlns:zs="http://docs.oasis-open.org/ns/search-ws/sruResponse">
  <leader>03919cam a2200709 a 4500</leader>
  <controlfield tag="001">ocm52011078 </controlfield>
  <controlfield tag="003">OCoLC</controlfield>
  <controlfield tag="005">20160312213652.0</controlfield>
  <controlfield tag="008">021112s2002    dcua     b   f000 0 eng c</controlfield>
  <datafield tag="010" ind1=" " ind2=" ">
    <subfield code="a">  2002485572</subfield>
  </datafield>
  <datafield tag="040" ind1=" " ind2=" ">
    <subfield code="a">WLL</subfield>
    <subfield code="b">eng</subfield>
    <subfield code="c">WLL</subfield>
    <subfield code="d">DLC</subfield>
    <subfield code="d">GPO</subfield>
    <subfield code="d">BTCTA</subfield>
    <subfield code="d">OCLCF</subfield>
    <subfield code="d">SOS</subfield>
    <subfield code="d">OCLCQ</subfield>
    <subfield code="d">OCLCO</subfield>
  </datafield>
  <datafield tag="019" ind1=" " ind2=" ">
    <subfield code="a">50697915</subfield>
  </datafield>
  <datafield tag="020" ind1=" " ind2=" ">
    <subfield code="a">0160688140</subfield>
  </datafield>
  <datafield tag="020" ind1=" " ind2=" ">
    <subfield code="a">9780160688140</subfield>
  </datafield>
  <datafield tag="035" ind1=" " ind2=" ">
    <subfield code="a">(OCoLC)52011078</subfield>
    <subfield code="z">(OCoLC)50697915</subfield>
  </datafield>
  <datafield tag="042" ind1=" " ind2=" ">
    <subfield code="a">lccopycat</subfield>
  </datafield>
  <datafield tag="043" ind1=" " ind2=" ">
    <subfield code="a">n-us---</subfield>
  </datafield>
  <datafield tag="050" ind1="0" ind2="0">
    <subfield code="a">KF27</subfield>
    <subfield code="b">.J8645 2002g</subfield>
  </datafield>
  <datafield tag="074" ind1=" " ind2=" ">
    <subfield code="a">1020-A</subfield>
  </datafield>
  <datafield tag="074" ind1=" " ind2=" ">
    <subfield code="a">1020-B (MF)</subfield>
  </datafield>
  <datafield tag="086" ind1="0" ind2=" ">
    <subfield code="a">Y 4.J 89/1:107/85</subfield>
  </datafield>
  <datafield tag="088" ind1=" " ind2=" ">
    <subfield code="a">Serial no. 85 (United States. Congress. House. Committee on the Judiciary)</subfield>
  </datafield>
  <datafield tag="110" ind1="1" ind2=" ">
    <subfield code="a">United States.</subfield>
    <subfield code="b">Congress.</subfield>
    <subfield code="b">House.</subfield>
    <subfield code="b">Committee on the Judiciary.</subfield>
    <subfield code="b">Subcommittee on Immigration, Border Security, and Claims.</subfield>
  </datafield>
  <datafield tag="245" ind1="1" ind2="0">
    <subfield code="a">Immigration and Naturalization Service's (INS) interior enforcement strategy :</subfield>
    <subfield code="b">hearing before the Subcommittee on Immigration, Border Security, and Claims of the Committee on the Judiciary, House of Representatives, One Hundred Seventh Congress, second session, June 19, 2002.</subfield>
  </datafield>
  <datafield tag="260" ind1=" " ind2=" ">
    <subfield code="a">Washington, D.C. :</subfield>
    <subfield code="b">U.S. Govt. Printing Office,</subfield>
    <subfield code="c">2002.</subfield>
  </datafield>
  <datafield tag="300" ind1=" " ind2=" ">
    <subfield code="a">iii, 49 pages ;</subfield>
    <subfield code="c">24 cm</subfield>
  </datafield>
  <datafield tag="336" ind1=" " ind2=" ">
    <subfield code="a">text</subfield>
    <subfield code="b">txt</subfield>
    <subfield code="2">rdacontent</subfield>
  </datafield>
  <datafield tag="337" ind1=" " ind2=" ">
    <subfield code="a">unmediated</subfield>
    <subfield code="b">n</subfield>
    <subfield code="2">rdamedia</subfield>
  </datafield>
  <datafield tag="338" ind1=" " ind2=" ">
    <subfield code="a">volume</subfield>
    <subfield code="b">nc</subfield>
    <subfield code="2">rdacarrier</subfield>
  </datafield>
  <datafield tag="500" ind1=" " ind2=" ">
    <subfield code="a">Distributed to some depository libraries in microfiche.</subfield>
  </datafield>
  <datafield tag="500" ind1=" " ind2=" ">
    <subfield code="a">Shipping list no.: 2002-0279-P.</subfield>
  </datafield>
  <datafield tag="500" ind1=" " ind2=" ">
    <subfield code="a">"Serial no. 85."</subfield>
  </datafield>
  <datafield tag="505" ind1="2" ind2=" ">
    <subfield code="a">Immigration enforcement: challenges to implementing the INS interior enforcement strategy.</subfield>
  </datafield>
  <datafield tag="504" ind1=" " ind2=" ">
    <subfield code="a">Includes bibliographical references.</subfield>
  </datafield>
  <datafield tag="530" ind1=" " ind2=" ">
    <subfield code="a">Also available via Internet from the Committee web site. Address as of 1/27/04: http://www.house.gov/judiciary/80319.PDF; current access is available via PURL.</subfield>
  </datafield>
  <datafield tag="610" ind1="1" ind2="0">
    <subfield code="a">United States.</subfield>
    <subfield code="b">Immigration and Naturalization Service.</subfield>
  </datafield>
  <datafield tag="650" ind1=" " ind2="0">
    <subfield code="a">Immigration enforcement</subfield>
    <subfield code="z">United States.</subfield>
  </datafield>
  <datafield tag="650" ind1=" " ind2="0">
    <subfield code="a">Illegal aliens</subfield>
    <subfield code="x">Government policy</subfield>
    <subfield code="z">United States.</subfield>
  </datafield>
  <datafield tag="650" ind1=" " ind2="0">
    <subfield code="a">Alien criminals</subfield>
    <subfield code="x">Government policy</subfield>
    <subfield code="z">United States.</subfield>
  </datafield>
  <datafield tag="650" ind1=" " ind2="0">
    <subfield code="a">Deportation</subfield>
    <subfield code="z">United States.</subfield>
  </datafield>
  <datafield tag="610" ind1="1" ind2="7">
    <subfield code="a">United States.</subfield>
    <subfield code="b">Immigration and Naturalization Service.</subfield>
    <subfield code="2">fast</subfield>
    <subfield code="0">(OCoLC)fst00532653</subfield>
  </datafield>
  <datafield tag="650" ind1=" " ind2="7">
    <subfield code="a">Alien criminals</subfield>
    <subfield code="x">Government policy.</subfield>
    <subfield code="2">fast</subfield>
    <subfield code="0">(OCoLC)fst00805054</subfield>
  </datafield>
  <datafield tag="650" ind1=" " ind2="7">
    <subfield code="a">Deportation.</subfield>
    <subfield code="2">fast</subfield>
    <subfield code="0">(OCoLC)fst00890840</subfield>
  </datafield>
  <datafield tag="650" ind1=" " ind2="7">
    <subfield code="a">Illegal aliens</subfield>
    <subfield code="x">Government policy.</subfield>
    <subfield code="2">fast</subfield>
    <subfield code="0">(OCoLC)fst00967160</subfield>
  </datafield>
  <datafield tag="650" ind1=" " ind2="7">
    <subfield code="a">Immigration enforcement.</subfield>
    <subfield code="2">fast</subfield>
    <subfield code="0">(OCoLC)fst01748828</subfield>
  </datafield>
  <datafield tag="651" ind1=" " ind2="7">
    <subfield code="a">United States.</subfield>
    <subfield code="2">fast</subfield>
    <subfield code="0">(OCoLC)fst01204155</subfield>
  </datafield>
  <datafield tag="776" ind1="0" ind2="8">
    <subfield code="i">Online version:</subfield>
    <subfield code="a">United States. Congress. House. Committee on the Judiciary. Subcommittee on Immigration, Border Security, and Claims.</subfield>
    <subfield code="t">Immigration and Naturalization Service's (INS) interior enforcement strategy.</subfield>
    <subfield code="d">Washington, D.C. : U.S. Govt. Printing Office, 2002</subfield>
    <subfield code="w">(OCoLC)654683112</subfield>
  </datafield>
  <datafield tag="856" ind1="4" ind2="1">
    <subfield code="u">http://purl.access.gpo.gov/GPO/LPS42939</subfield>
  </datafield>
  
  
  
  
  
  
  
  
  
  
  
  
  
  
</record>