<record xmlns="http://www.loc.gov/MARC21/slim" xmlns:zs="http://docs.oasis-open.org/ns/search-ws/sruResponse">
  <leader>01973cam a2200421Ia 4500</leader>
  <controlfield tag="001">ocm18897785 </controlfield>
  <controlfield tag="003">OCoLC</controlfield>
  <controlfield tag="005">20160312213854.0</controlfield>
  <controlfield tag="008">881214s1987    dcuk    b    f000 0 eng d</controlfield>
  <controlfield tag="007">he bmb020bacu</controlfield>
  <datafield tag="040" ind1=" " ind2=" ">
    <subfield code="a">OKS</subfield>
    <subfield code="b">eng</subfield>
    <subfield code="c">OKS</subfield>
    <subfield code="d">OCL</subfield>
    <subfield code="d">OCLCQ</subfield>
    <subfield code="d">OCLCF</subfield>
    <subfield code="d">OCLCQ</subfield>
    <subfield code="d">OKY</subfield>
    <subfield code="d">OCLCO</subfield>
  </datafield>
  <datafield tag="019" ind1=" " ind2=" ">
    <subfield code="a">25174349</subfield>
  </datafield>
  <datafield tag="020" ind1=" " ind2=" ">
    <subfield code="c">$6.95</subfield>
  </datafield>
  <datafield tag="035" ind1=" " ind2=" ">
    <subfield code="a">(OCoLC)18897785</subfield>
    <subfield code="z">(OCoLC)25174349</subfield>
  </datafield>
  <datafield tag="043" ind1=" " ind2=" ">
    <subfield code="a">n-us---</subfield>
  </datafield>
  <datafield tag="050" ind1=" " ind2="4">
    <subfield code="a">KF27</subfield>
    <subfield code="b">.J8645 1986c</subfield>
  </datafield>
  <datafield tag="086" ind1="0" ind2=" ">
    <subfield code="a">Y 4.J 89/1:99/114</subfield>
  </datafield>
  <datafield tag="110" ind1="1" ind2=" ">
    <subfield code="a">United States.</subfield>
    <subfield code="b">Congress.</subfield>
    <subfield code="b">House.</subfield>
    <subfield code="b">Committee on the Judiciary.</subfield>
    <subfield code="b">Subcommittee on Immigration, Refugees, and International Law.</subfield>
  </datafield>
  <datafield tag="245" ind1="1" ind2="0">
    <subfield code="a">Implementation of the Immigration Reform and Control Act of 1986 (P.L. 99-603)</subfield>
    <subfield code="h">[microform] :</subfield>
    <subfield code="b">hearing before the Subcommittee on Immigration, Refugees, and International Law of the Committee on the Judiciary, House of Representatives, Ninety-ninth Congress, second session, on implementation of the Immigration Reform and Control Act of 1986 (P.L. 99-603), Phase 1, Preparation, December 17, 1986.</subfield>
  </datafield>
  <datafield tag="260" ind1=" " ind2=" ">
    <subfield code="a">Washington [D.C.] :</subfield>
    <subfield code="b">U.S. G.P.O.,</subfield>
    <subfield code="c">1987.</subfield>
  </datafield>
  <datafield tag="300" ind1=" " ind2=" ">
    <subfield code="a">iii, 243 pages :</subfield>
    <subfield code="b">forms ;</subfield>
    <subfield code="c">24 cm</subfield>
  </datafield>
  <datafield tag="336" ind1=" " ind2=" ">
    <subfield code="a">text</subfield>
    <subfield code="b">txt</subfield>
    <subfield code="2">rdacontent</subfield>
  </datafield>
  <datafield tag="337" ind1=" " ind2=" ">
    <subfield code="a">microform</subfield>
    <subfield code="b">h</subfield>
    <subfield code="2">rdamedia</subfield>
  </datafield>
  <datafield tag="338" ind1=" " ind2=" ">
    <subfield code="a">microfiche</subfield>
    <subfield code="b">he</subfield>
    <subfield code="2">rdacarrier</subfield>
  </datafield>
  <datafield tag="500" ind1=" " ind2=" ">
    <subfield code="a">"Serial no. 114."</subfield>
  </datafield>
  <datafield tag="533" ind1=" " ind2=" ">
    <subfield code="a">Microfiche.</subfield>
    <subfield code="b">Webster, N.Y. :</subfield>
    <subfield code="c">CIS,</subfield>
    <subfield code="d">[1988].</subfield>
    <subfield code="e">3 microfiches.</subfield>
  </datafield>
  <datafield tag="539" ind1=" " ind2=" ">
    <subfield code="a">s</subfield>
    <subfield code="b">1988</subfield>
    <subfield code="d">nyu</subfield>
    <subfield code="e">n</subfield>
  </datafield>
  <datafield tag="650" ind1=" " ind2="0">
    <subfield code="a">Emigration and immigration law</subfield>
    <subfield code="z">United States.</subfield>
  </datafield>
  <datafield tag="650" ind1=" " ind2="0">
    <subfield code="a">Illegal aliens</subfield>
    <subfield code="z">United States.</subfield>
  </datafield>
  <datafield tag="650" ind1=" " ind2="0">
    <subfield code="a">Foreign workers</subfield>
    <subfield code="z">United States.</subfield>
  </datafield>
  <datafield tag="651" ind1=" " ind2="0">
    <subfield code="a">United States</subfield>
    <subfield code="x">Emigration and immigration.</subfield>
  </datafield>
  <datafield tag="650" ind1=" " ind2="7">
    <subfield code="a">Emigration and immigration.</subfield>
    <subfield code="2">fast</subfield>
    <subfield code="0">(OCoLC)fst00908690</subfield>
  </datafield>
  <datafield tag="650" ind1=" " ind2="7">
    <subfield code="a">Emigration and immigration law.</subfield>
    <subfield code="2">fast</subfield>
    <subfield code="0">(OCoLC)fst00908736</subfield>
  </datafield>
  <datafield tag="650" ind1=" " ind2="7">
    <subfield code="a">Foreign workers.</subfield>
    <subfield code="2">fast</subfield>
    <subfield code="0">(OCoLC)fst01729099</subfield>
  </datafield>
  <datafield tag="650" ind1=" " ind2="7">
    <subfield code="a">Illegal aliens.</subfield>
    <subfield code="2">fast</subfield>
    <subfield code="0">(OCoLC)fst00967153</subfield>
  </datafield>
  <datafield tag="651" ind1=" " ind2="7">
    <subfield code="a">United States.</subfield>
    <subfield code="2">fast</subfield>
    <subfield code="0">(OCoLC)fst01204155</subfield>
  </datafield>
  
  
</record>