<record xmlns="http://www.loc.gov/MARC21/slim" xmlns:zs="http://docs.oasis-open.org/ns/search-ws/sruResponse">
  <leader>01378cam a2200349M  4500</leader>
  <controlfield tag="001">ocm28969607 </controlfield>
  <controlfield tag="003">OCoLC</controlfield>
  <controlfield tag="005">20160312213922.0</controlfield>
  <controlfield tag="008">840906s1982    kyua    b     000 0 eng d</controlfield>
  <controlfield tag="007">hc bmu---baua</controlfield>
  <datafield tag="040" ind1=" " ind2=" ">
    <subfield code="a">PUL</subfield>
    <subfield code="b">eng</subfield>
    <subfield code="c">PUL</subfield>
    <subfield code="d">OCL</subfield>
    <subfield code="d">OCLCQ</subfield>
    <subfield code="d">OCLCF</subfield>
    <subfield code="d">OCLCQ</subfield>
    <subfield code="d">OCLCO</subfield>
  </datafield>
  <datafield tag="035" ind1=" " ind2=" ">
    <subfield code="a">(OCoLC)28969607</subfield>
  </datafield>
  <datafield tag="043" ind1=" " ind2=" ">
    <subfield code="a">n-us-tx</subfield>
  </datafield>
  <datafield tag="050" ind1=" " ind2="4">
    <subfield code="a">E441</subfield>
    <subfield code="b">.S537 1970 Microfiche</subfield>
  </datafield>
  <datafield tag="100" ind1="1" ind2=" ">
    <subfield code="a">Crewdson, John M.</subfield>
  </datafield>
  <datafield tag="245" ind1="1" ind2="0">
    <subfield code="a">Slavery in Texas</subfield>
    <subfield code="h">[microform] :</subfield>
    <subfield code="b">illegal aliens, seafood and coyotes.</subfield>
  </datafield>
  <datafield tag="246" ind1="3" ind2=" ">
    <subfield code="a">Illegal aliens, seafood and coyotes</subfield>
  </datafield>
  <datafield tag="260" ind1=" " ind2=" ">
    <subfield code="a">[New York],</subfield>
    <subfield code="c">[1980]</subfield>
  </datafield>
  <datafield tag="300" ind1=" " ind2=" ">
    <subfield code="a">1 unnumbered page</subfield>
    <subfield code="b">illustrations</subfield>
    <subfield code="c">25 x 24 cm</subfield>
  </datafield>
  <datafield tag="336" ind1=" " ind2=" ">
    <subfield code="a">text</subfield>
    <subfield code="b">txt</subfield>
    <subfield code="2">rdacontent</subfield>
  </datafield>
  <datafield tag="337" ind1=" " ind2=" ">
    <subfield code="a">microform</subfield>
    <subfield code="b">h</subfield>
    <subfield code="2">rdamedia</subfield>
  </datafield>
  <datafield tag="338" ind1=" " ind2=" ">
    <subfield code="a">microfiche</subfield>
    <subfield code="b">he</subfield>
    <subfield code="2">rdacarrier</subfield>
  </datafield>
  <datafield tag="500" ind1=" " ind2=" ">
    <subfield code="a">Reprinted with permission from the New York Times, c 20 October, 1980.</subfield>
  </datafield>
  <datafield tag="533" ind1=" " ind2=" ">
    <subfield code="a">Microfiche (negative).</subfield>
    <subfield code="b">Louisville :</subfield>
    <subfield code="c">Lost Cause Press,</subfield>
    <subfield code="d">1982.</subfield>
    <subfield code="e">2 microfiches.</subfield>
    <subfield code="f">(Slavery, source material and critical literature).</subfield>
  </datafield>
  <datafield tag="650" ind1=" " ind2="0">
    <subfield code="a">Illegal aliens</subfield>
    <subfield code="z">Texas.</subfield>
  </datafield>
  <datafield tag="650" ind1=" " ind2="7">
    <subfield code="a">Illegal aliens.</subfield>
    <subfield code="2">fast</subfield>
    <subfield code="0">(OCoLC)fst00967153</subfield>
  </datafield>
  <datafield tag="651" ind1=" " ind2="7">
    <subfield code="a">Texas.</subfield>
    <subfield code="2">fast</subfield>
    <subfield code="0">(OCoLC)fst01210336</subfield>
  </datafield>
  <datafield tag="830" ind1=" " ind2="0">
    <subfield code="a">Slavery, source material and critical literature.</subfield>
  </datafield>
  
  
  
  
</record>