<record xmlns="http://www.loc.gov/MARC21/slim" xmlns:zs="http://docs.oasis-open.org/ns/search-ws/sruResponse">
  <leader>02185cim a2200469Ka 4500</leader>
  <controlfield tag="001">ocn693610312</controlfield>
  <controlfield tag="003">OCoLC</controlfield>
  <controlfield tag="005">20160312213744.0</controlfield>
  <controlfield tag="008">101217s2011    ohunnnn        z  n eng d</controlfield>
  <controlfield tag="007">sd fungnnmmneu</controlfield>
  <datafield tag="040" ind1=" " ind2=" ">
    <subfield code="a">TEFMT</subfield>
    <subfield code="b">eng</subfield>
    <subfield code="c">TEFMT</subfield>
    <subfield code="d">TEF</subfield>
    <subfield code="d">PX0</subfield>
    <subfield code="d">OCLCA</subfield>
    <subfield code="d">OCLCQ</subfield>
    <subfield code="d">OCLCF</subfield>
    <subfield code="d">OCLCO</subfield>
    <subfield code="d">OCL</subfield>
  </datafield>
  <datafield tag="020" ind1=" " ind2=" ">
    <subfield code="a">9781611200140</subfield>
  </datafield>
  <datafield tag="020" ind1=" " ind2=" ">
    <subfield code="a">1611200148</subfield>
  </datafield>
  <datafield tag="035" ind1=" " ind2=" ">
    <subfield code="a">(OCoLC)693610312</subfield>
  </datafield>
  <datafield tag="037" ind1=" " ind2=" ">
    <subfield code="b">Midwest Tape</subfield>
    <subfield code="n">http://www.midwesttapes.com</subfield>
  </datafield>
  <datafield tag="043" ind1=" " ind2=" ">
    <subfield code="a">n-us-co</subfield>
  </datafield>
  <datafield tag="050" ind1="1" ind2="4">
    <subfield code="a">F784.D49</subfield>
    <subfield code="b">M58 2011ab</subfield>
  </datafield>
  <datafield tag="082" ind1="0" ind2="4">
    <subfield code="a">305.868/72073078883</subfield>
    <subfield code="2">22</subfield>
  </datafield>
  <datafield tag="100" ind1="1" ind2=" ">
    <subfield code="a">Thorpe, Helen,</subfield>
    <subfield code="d">1965-</subfield>
  </datafield>
  <datafield tag="245" ind1="1" ind2="0">
    <subfield code="a">Just like us</subfield>
    <subfield code="h">[sound recording] :</subfield>
    <subfield code="b">the true story of four Mexican girls coming of age in America /</subfield>
    <subfield code="c">Helen Thorpe.</subfield>
  </datafield>
  <datafield tag="260" ind1=" " ind2=" ">
    <subfield code="a">Maumee, Ohio :</subfield>
    <subfield code="b">Dreamscape Media,</subfield>
    <subfield code="c">2011.</subfield>
  </datafield>
  <datafield tag="300" ind1=" " ind2=" ">
    <subfield code="a">13 sound discs (923 min.) :</subfield>
    <subfield code="b">digital ;</subfield>
    <subfield code="c">4 3/4 in.</subfield>
  </datafield>
  <datafield tag="500" ind1=" " ind2=" ">
    <subfield code="a">Subtitle from container.</subfield>
  </datafield>
  <datafield tag="500" ind1=" " ind2=" ">
    <subfield code="a">Unabridged.</subfield>
  </datafield>
  <datafield tag="511" ind1="0" ind2=" ">
    <subfield code="a">Read by Paula Christensen.</subfield>
  </datafield>
  <datafield tag="500" ind1=" " ind2=" ">
    <subfield code="a">Compact discs.</subfield>
  </datafield>
  <datafield tag="500" ind1=" " ind2=" ">
    <subfield code="a">Duration: 15:23:00.</subfield>
  </datafield>
  <datafield tag="520" ind1=" " ind2=" ">
    <subfield code="a">Helen Thorpe tells the story of four high school students whose parents entered this country illegally from Mexico. All four of the girls have grown up in the United States, and all four want to live the American dream, but only two have documents. As the girls attempt to make it into college, they discover that only the legal pair see a clear path forward. Their friendships start to divide along lines of immigration status.</subfield>
  </datafield>
  <datafield tag="650" ind1=" " ind2="0">
    <subfield code="a">Mexican American women</subfield>
    <subfield code="z">Colorado</subfield>
    <subfield code="z">Denver</subfield>
    <subfield code="x">Social conditions.</subfield>
  </datafield>
  <datafield tag="650" ind1=" " ind2="0">
    <subfield code="a">Illegal aliens</subfield>
    <subfield code="z">Colorado</subfield>
    <subfield code="z">Denver.</subfield>
  </datafield>
  <datafield tag="651" ind1=" " ind2="0">
    <subfield code="a">Denver (Colo.)</subfield>
    <subfield code="x">Social conditions.</subfield>
  </datafield>
  <datafield tag="651" ind1=" " ind2="0">
    <subfield code="a">Denver (Colo.)</subfield>
    <subfield code="x">Social life and customs.</subfield>
  </datafield>
  <datafield tag="650" ind1=" " ind2="7">
    <subfield code="a">Illegal aliens.</subfield>
    <subfield code="2">fast</subfield>
    <subfield code="0">(OCoLC)fst00967153</subfield>
  </datafield>
  <datafield tag="650" ind1=" " ind2="7">
    <subfield code="a">Manners and customs.</subfield>
    <subfield code="2">fast</subfield>
    <subfield code="0">(OCoLC)fst01007815</subfield>
  </datafield>
  <datafield tag="650" ind1=" " ind2="7">
    <subfield code="a">Mexican American women</subfield>
    <subfield code="x">Social conditions.</subfield>
    <subfield code="2">fast</subfield>
    <subfield code="0">(OCoLC)fst01019052</subfield>
  </datafield>
  <datafield tag="650" ind1=" " ind2="7">
    <subfield code="a">Social conditions.</subfield>
    <subfield code="2">fast</subfield>
    <subfield code="0">(OCoLC)fst01919811</subfield>
  </datafield>
  <datafield tag="651" ind1=" " ind2="7">
    <subfield code="a">Colorado</subfield>
    <subfield code="z">Denver.</subfield>
    <subfield code="2">fast</subfield>
    <subfield code="0">(OCoLC)fst01205192</subfield>
  </datafield>
  <datafield tag="655" ind1=" " ind2="7">
    <subfield code="a">Audiobooks.</subfield>
    <subfield code="2">lcgft</subfield>
  </datafield>
  <datafield tag="655" ind1=" " ind2="7">
    <subfield code="a">Audiobooks.</subfield>
    <subfield code="2">fast</subfield>
    <subfield code="0">(OCoLC)fst01726208</subfield>
  </datafield>
  <datafield tag="700" ind1="1" ind2=" ">
    <subfield code="a">Christensen, Paula.</subfield>
  </datafield>
  
  
</record>