<record xmlns="http://www.loc.gov/MARC21/slim" xmlns:zs="http://docs.oasis-open.org/ns/search-ws/sruResponse">
  <leader>02336cam a2200457 a 4500</leader>
  <controlfield tag="001">ocm31434781 </controlfield>
  <controlfield tag="003">OCoLC</controlfield>
  <controlfield tag="005">20160312213852.0</controlfield>
  <controlfield tag="008">940908s1993    dr            000 0 spa  </controlfield>
  <datafield tag="010" ind1=" " ind2=" ">
    <subfield code="a">   94205871 </subfield>
  </datafield>
  <datafield tag="040" ind1=" " ind2=" ">
    <subfield code="a">DLC</subfield>
    <subfield code="b">eng</subfield>
    <subfield code="c">DLC</subfield>
    <subfield code="d">OCLCG</subfield>
    <subfield code="d">OCLCO</subfield>
    <subfield code="d">OCLCA</subfield>
    <subfield code="d">OCLCF</subfield>
    <subfield code="d">OCLCQ</subfield>
    <subfield code="d">OCLCO</subfield>
    <subfield code="d">OCL</subfield>
  </datafield>
  <datafield tag="019" ind1=" " ind2=" ">
    <subfield code="a">30341790</subfield>
  </datafield>
  <datafield tag="035" ind1=" " ind2=" ">
    <subfield code="a">(OCoLC)31434781</subfield>
    <subfield code="z">(OCoLC)30341790</subfield>
  </datafield>
  <datafield tag="043" ind1=" " ind2=" ">
    <subfield code="a">nwpr---</subfield>
    <subfield code="a">nwdr---</subfield>
    <subfield code="a">n-us---</subfield>
  </datafield>
  <datafield tag="050" ind1="0" ind2="0">
    <subfield code="a">F1983.D65</subfield>
    <subfield code="b">M37 1993</subfield>
  </datafield>
  <datafield tag="100" ind1="1" ind2=" ">
    <subfield code="a">Martínez Rosario, Raúl,</subfield>
    <subfield code="d">1962-</subfield>
  </datafield>
  <datafield tag="245" ind1="1" ind2="0">
    <subfield code="a">Puerto Rico, una ruta incierta al norte :</subfield>
    <subfield code="b">la travesía en yola /</subfield>
    <subfield code="c">Raúl Martínez Rosario.</subfield>
  </datafield>
  <datafield tag="250" ind1=" " ind2=" ">
    <subfield code="a">1. ed.</subfield>
  </datafield>
  <datafield tag="260" ind1=" " ind2=" ">
    <subfield code="a">[Santo Domingo] :</subfield>
    <subfield code="b">[publisher not identified],</subfield>
    <subfield code="c">1993</subfield>
    <subfield code="e">(Santo Domingo, Rep. Dominicana :</subfield>
    <subfield code="f">Centro Editorial)</subfield>
  </datafield>
  <datafield tag="300" ind1=" " ind2=" ">
    <subfield code="a">177 pages ;</subfield>
    <subfield code="c">21 cm</subfield>
  </datafield>
  <datafield tag="336" ind1=" " ind2=" ">
    <subfield code="a">text</subfield>
    <subfield code="b">txt</subfield>
    <subfield code="2">rdacontent</subfield>
  </datafield>
  <datafield tag="337" ind1=" " ind2=" ">
    <subfield code="a">unmediated</subfield>
    <subfield code="b">n</subfield>
    <subfield code="2">rdamedia</subfield>
  </datafield>
  <datafield tag="338" ind1=" " ind2=" ">
    <subfield code="a">volume</subfield>
    <subfield code="b">nc</subfield>
    <subfield code="2">rdacarrier</subfield>
  </datafield>
  <datafield tag="520" ind1="1" ind2=" ">
    <subfield code="a">"First-person, ethnographic account of illegal immigration from the Dominican Republic to Puerto Rico, and eventually to Chicago. Describes dangers, fears experienced during the trip by sea, and difficulties illegal immigrants face in finding work and evading detection by government and immigration officials in both Puerto Rico and the mainland"--Handbook of Latin American Studies, v. 57.</subfield>
    <subfield code="u">http://www.loc.gov/hlas</subfield>
  </datafield>
  <datafield tag="650" ind1=" " ind2="0">
    <subfield code="a">Dominicans (Dominican Republic)</subfield>
    <subfield code="z">Puerto Rico.</subfield>
  </datafield>
  <datafield tag="650" ind1=" " ind2="0">
    <subfield code="a">Dominicans (Dominican Republic)</subfield>
    <subfield code="z">United States.</subfield>
  </datafield>
  <datafield tag="650" ind1=" " ind2="0">
    <subfield code="a">Illegal aliens</subfield>
    <subfield code="z">Puerto Rico.</subfield>
  </datafield>
  <datafield tag="650" ind1=" " ind2="0">
    <subfield code="a">Illegal aliens</subfield>
    <subfield code="z">United States.</subfield>
  </datafield>
  <datafield tag="651" ind1=" " ind2="0">
    <subfield code="a">Dominican Republic</subfield>
    <subfield code="x">Social conditions</subfield>
    <subfield code="y">1961-</subfield>
  </datafield>
  <datafield tag="650" ind1=" " ind2="7">
    <subfield code="a">Dominicans (Dominican Republic)</subfield>
    <subfield code="2">fast</subfield>
    <subfield code="0">(OCoLC)fst00896781</subfield>
  </datafield>
  <datafield tag="650" ind1=" " ind2="7">
    <subfield code="a">Illegal aliens.</subfield>
    <subfield code="2">fast</subfield>
    <subfield code="0">(OCoLC)fst00967153</subfield>
  </datafield>
  <datafield tag="650" ind1=" " ind2="7">
    <subfield code="a">Social conditions</subfield>
    <subfield code="2">fast</subfield>
    <subfield code="0">(OCoLC)fst01919811</subfield>
  </datafield>
  <datafield tag="651" ind1=" " ind2="7">
    <subfield code="a">Dominican Republic.</subfield>
    <subfield code="2">fast</subfield>
    <subfield code="0">(OCoLC)fst01206148</subfield>
  </datafield>
  <datafield tag="651" ind1=" " ind2="7">
    <subfield code="a">Puerto Rico.</subfield>
    <subfield code="2">fast</subfield>
    <subfield code="0">(OCoLC)fst01205432</subfield>
  </datafield>
  <datafield tag="651" ind1=" " ind2="7">
    <subfield code="a">United States.</subfield>
    <subfield code="2">fast</subfield>
    <subfield code="0">(OCoLC)fst01204155</subfield>
  </datafield>
  <datafield tag="648" ind1=" " ind2="7">
    <subfield code="a">Since 1961</subfield>
    <subfield code="2">fast</subfield>
  </datafield>
  <datafield tag="776" ind1="0" ind2="8">
    <subfield code="i">Online version:</subfield>
    <subfield code="a">Martínez Rosario, Raúl, 1962-</subfield>
    <subfield code="t">Puerto Rico, una ruta incierta al norte.</subfield>
    <subfield code="b">1. ed.</subfield>
    <subfield code="d">[Santo Domingo : s.n.], 1993 (Santo Domingo, Rep. Dominicana : Centro Editorial)</subfield>
    <subfield code="w">(OCoLC)656837727</subfield>
  </datafield>
  
  
  
  
</record>