<record xmlns="http://www.loc.gov/MARC21/slim" xmlns:zs="http://docs.oasis-open.org/ns/search-ws/sruResponse">
  <leader>04265cgm a2200913Ka 4500</leader>
  <controlfield tag="001">ocn189077228</controlfield>
  <controlfield tag="003">OCoLC</controlfield>
  <controlfield tag="005">20160312213711.0</controlfield>
  <controlfield tag="008">080108s2008    cau090 e          vleng d</controlfield>
  <controlfield tag="007">vd cvaizq</controlfield>
  <datafield tag="040" ind1=" " ind2=" ">
    <subfield code="a">TEFMT</subfield>
    <subfield code="b">eng</subfield>
    <subfield code="c">TEFMT</subfield>
    <subfield code="d">RCS</subfield>
    <subfield code="d">JED</subfield>
    <subfield code="d">BTCTA</subfield>
    <subfield code="d">WAU</subfield>
    <subfield code="d">OCLCA</subfield>
    <subfield code="d">TXBXL</subfield>
    <subfield code="d">OCLCQ</subfield>
    <subfield code="d">OCLCF</subfield>
    <subfield code="d">OCLCO</subfield>
    <subfield code="d">OCL</subfield>
    <subfield code="d">OCLCO</subfield>
    <subfield code="d">OCLCA</subfield>
  </datafield>
  <datafield tag="019" ind1=" " ind2=" ">
    <subfield code="a">731467679</subfield>
  </datafield>
  <datafield tag="020" ind1=" " ind2=" ">
    <subfield code="a">1424886546</subfield>
  </datafield>
  <datafield tag="020" ind1=" " ind2=" ">
    <subfield code="a">9781424886548</subfield>
  </datafield>
  <datafield tag="024" ind1="1" ind2="0">
    <subfield code="a">043396228092</subfield>
  </datafield>
  <datafield tag="024" ind1="1" ind2=" ">
    <subfield code="a">00043396228092</subfield>
  </datafield>
  <datafield tag="028" ind1="4" ind2="2">
    <subfield code="a">22809</subfield>
    <subfield code="b">Sony Pictures Home Entertainment</subfield>
  </datafield>
  <datafield tag="035" ind1=" " ind2=" ">
    <subfield code="a">(OCoLC)189077228</subfield>
    <subfield code="z">(OCoLC)731467679</subfield>
  </datafield>
  <datafield tag="037" ind1=" " ind2=" ">
    <subfield code="b">Midwest Tape</subfield>
    <subfield code="n">http://www.midwesttapes.com</subfield>
  </datafield>
  <datafield tag="041" ind1="1" ind2=" ">
    <subfield code="a">eng</subfield>
    <subfield code="j">eng</subfield>
    <subfield code="j">fre</subfield>
    <subfield code="h">eng</subfield>
  </datafield>
  <datafield tag="043" ind1=" " ind2=" ">
    <subfield code="a">n-us-az</subfield>
  </datafield>
  <datafield tag="050" ind1="1" ind2="4">
    <subfield code="a">PN1995.9.A3</subfield>
    <subfield code="b">C667757339 2008</subfield>
  </datafield>
  <datafield tag="082" ind1="0" ind2="4">
    <subfield code="a">791.43/72</subfield>
    <subfield code="2">22</subfield>
  </datafield>
  <datafield tag="245" ind1="0" ind2="0">
    <subfield code="a">Conspiracy</subfield>
    <subfield code="h">[videorecording] /</subfield>
    <subfield code="c">Stage 6 Films presents a Hollywood Media Bridge production ; an Adam Marcus film ; written by Adam Marcus and Debra Sullivan ; produced by Alison Semenza, Gilbert Dumontet, Ira Posnansky ; directed by Adam Marcus.</subfield>
  </datafield>
  <datafield tag="260" ind1=" " ind2=" ">
    <subfield code="a">Culver City, Calif. :</subfield>
    <subfield code="b">Sony Pictures Home Entertainment,</subfield>
    <subfield code="c">c2008.</subfield>
  </datafield>
  <datafield tag="300" ind1=" " ind2=" ">
    <subfield code="a">1 videodisc (ca. 90 min.) :</subfield>
    <subfield code="b">sd., col. ;</subfield>
    <subfield code="c">4 3/4 in.</subfield>
  </datafield>
  <datafield tag="538" ind1=" " ind2=" ">
    <subfield code="a">DVD, region 1, anamorphic widescreen (1.85:1) presentation; Dolby Digital 5.1 surround, mastered in High Definition.</subfield>
  </datafield>
  <datafield tag="546" ind1=" " ind2=" ">
    <subfield code="a">English dialogue, English or French subtitles; closed-captioned.</subfield>
  </datafield>
  <datafield tag="511" ind1="1" ind2=" ">
    <subfield code="a">Val Kilmer, Gary Cole, Jennifer Esposito, Jay Jablonski, Greg Serano.</subfield>
  </datafield>
  <datafield tag="508" ind1=" " ind2=" ">
    <subfield code="a">Director of photography, Ben Weinstein ; editor, Eric Beason ; music, Sujin Nam ; production designer, Gustav Alsina.</subfield>
  </datafield>
  <datafield tag="521" ind1="8" ind2=" ">
    <subfield code="a">MPAA rating: R; for violence, language and some sexual content.</subfield>
  </datafield>
  <datafield tag="520" ind1=" " ind2=" ">
    <subfield code="a">After he's wounded during combat in Iran, MacPherson reluctantly agrees to join a fellow soldier at his Arizona ranch. But when MacPherson arrives, his friend has mysteriously disappeared and no one will admit to knowing him. When he discovers that a corporate entity is running illegal aliens out of town by any means possible, MacPherson becomes determined to find out the truth and he will not be stopped until all of those who were involved have been punished.</subfield>
  </datafield>
  <datafield tag="650" ind1=" " ind2="0">
    <subfield code="a">Missing persons</subfield>
    <subfield code="z">Arizona</subfield>
    <subfield code="v">Drama.</subfield>
  </datafield>
  <datafield tag="650" ind1=" " ind2="0">
    <subfield code="a">Veterans</subfield>
    <subfield code="z">Arizona</subfield>
    <subfield code="v">Drama.</subfield>
  </datafield>
  <datafield tag="650" ind1=" " ind2="0">
    <subfield code="a">Illegal aliens</subfield>
    <subfield code="z">Arizona</subfield>
    <subfield code="v">Drama.</subfield>
  </datafield>
  <datafield tag="650" ind1=" " ind2="0">
    <subfield code="a">Revenge</subfield>
    <subfield code="z">Arizona</subfield>
    <subfield code="v">Drama.</subfield>
  </datafield>
  <datafield tag="651" ind1=" " ind2="0">
    <subfield code="a">Arizona</subfield>
    <subfield code="v">Drama.</subfield>
  </datafield>
  <datafield tag="650" ind1=" " ind2="8">
    <subfield code="a">Missing persons</subfield>
    <subfield code="z">Arizona</subfield>
    <subfield code="v">Drama.</subfield>
  </datafield>
  <datafield tag="650" ind1=" " ind2="8">
    <subfield code="a">Veterans</subfield>
    <subfield code="z">Arizona</subfield>
    <subfield code="v">Drama.</subfield>
  </datafield>
  <datafield tag="650" ind1=" " ind2="8">
    <subfield code="a">Illegal aliens</subfield>
    <subfield code="z">Arizona</subfield>
    <subfield code="v">Drama.</subfield>
  </datafield>
  <datafield tag="650" ind1=" " ind2="8">
    <subfield code="a">Revenge</subfield>
    <subfield code="z">Arizona</subfield>
    <subfield code="v">Drama.</subfield>
  </datafield>
  <datafield tag="651" ind1=" " ind2="8">
    <subfield code="a">Arizona</subfield>
    <subfield code="v">Drama.</subfield>
  </datafield>
  <datafield tag="650" ind1=" " ind2="7">
    <subfield code="a">Illegal aliens.</subfield>
    <subfield code="2">fast</subfield>
    <subfield code="0">(OCoLC)fst00967153</subfield>
  </datafield>
  <datafield tag="650" ind1=" " ind2="7">
    <subfield code="a">Missing persons.</subfield>
    <subfield code="2">fast</subfield>
    <subfield code="0">(OCoLC)fst01023702</subfield>
  </datafield>
  <datafield tag="650" ind1=" " ind2="7">
    <subfield code="a">Revenge.</subfield>
    <subfield code="2">fast</subfield>
    <subfield code="0">(OCoLC)fst01096476</subfield>
  </datafield>
  <datafield tag="650" ind1=" " ind2="7">
    <subfield code="a">Veterans.</subfield>
    <subfield code="2">fast</subfield>
    <subfield code="0">(OCoLC)fst01165710</subfield>
  </datafield>
  <datafield tag="651" ind1=" " ind2="7">
    <subfield code="a">Arizona.</subfield>
    <subfield code="2">fast</subfield>
    <subfield code="0">(OCoLC)fst01204820</subfield>
  </datafield>
  <datafield tag="655" ind1=" " ind2="4">
    <subfield code="a">Action and adventure films.</subfield>
  </datafield>
  <datafield tag="655" ind1=" " ind2="7">
    <subfield code="a">Feature films.</subfield>
    <subfield code="2">gsafd</subfield>
  </datafield>
  <datafield tag="655" ind1=" " ind2="7">
    <subfield code="a">Adventure films.</subfield>
    <subfield code="2">gsafd</subfield>
  </datafield>
  <datafield tag="655" ind1=" " ind2="7">
    <subfield code="a">Suspense films.</subfield>
    <subfield code="2">gsafd</subfield>
  </datafield>
  <datafield tag="655" ind1=" " ind2="7">
    <subfield code="a">Detective and mystery films.</subfield>
    <subfield code="2">lcgft</subfield>
  </datafield>
  <datafield tag="655" ind1=" " ind2="7">
    <subfield code="a">Action and adventure films.</subfield>
    <subfield code="2">lcgft</subfield>
  </datafield>
  <datafield tag="655" ind1=" " ind2="7">
    <subfield code="a">Video recordings for the hearing impaired.</subfield>
    <subfield code="2">lcgft</subfield>
  </datafield>
  <datafield tag="655" ind1=" " ind2="7">
    <subfield code="a">Fiction films.</subfield>
    <subfield code="2">lcgft</subfield>
  </datafield>
  <datafield tag="655" ind1=" " ind2="7">
    <subfield code="a">Feature films.</subfield>
    <subfield code="2">lcgft</subfield>
  </datafield>
  <datafield tag="655" ind1=" " ind2="7">
    <subfield code="a">Adventure</subfield>
    <subfield code="v">Feature.</subfield>
    <subfield code="2">migfg</subfield>
  </datafield>
  <datafield tag="655" ind1=" " ind2="7">
    <subfield code="a">Thriller</subfield>
    <subfield code="v">Feature.</subfield>
    <subfield code="2">migfg</subfield>
  </datafield>
  <datafield tag="655" ind1=" " ind2="7">
    <subfield code="a">Action and adventure films.</subfield>
    <subfield code="2">fast</subfield>
    <subfield code="0">(OCoLC)fst01710568</subfield>
  </datafield>
  <datafield tag="655" ind1=" " ind2="7">
    <subfield code="a">Detective and mystery films.</subfield>
    <subfield code="2">fast</subfield>
    <subfield code="0">(OCoLC)fst01710476</subfield>
  </datafield>
  <datafield tag="655" ind1=" " ind2="7">
    <subfield code="a">Drama.</subfield>
    <subfield code="2">fast</subfield>
    <subfield code="0">(OCoLC)fst01423879</subfield>
  </datafield>
  <datafield tag="655" ind1=" " ind2="7">
    <subfield code="a">Feature films.</subfield>
    <subfield code="2">fast</subfield>
    <subfield code="0">(OCoLC)fst01710384</subfield>
  </datafield>
  <datafield tag="655" ind1=" " ind2="7">
    <subfield code="a">Fiction films.</subfield>
    <subfield code="2">fast</subfield>
    <subfield code="0">(OCoLC)fst01710264</subfield>
  </datafield>
  <datafield tag="655" ind1=" " ind2="7">
    <subfield code="a">Video recordings for the hearing impaired.</subfield>
    <subfield code="2">fast</subfield>
    <subfield code="0">(OCoLC)fst01710450</subfield>
  </datafield>
  <datafield tag="700" ind1="1" ind2=" ">
    <subfield code="a">Marcus, Adam,</subfield>
    <subfield code="d">1968-</subfield>
  </datafield>
  <datafield tag="700" ind1="1" ind2=" ">
    <subfield code="a">Sullivan, Debra.</subfield>
  </datafield>
  <datafield tag="700" ind1="1" ind2=" ">
    <subfield code="a">Semenza, Alison.</subfield>
  </datafield>
  <datafield tag="700" ind1="1" ind2=" ">
    <subfield code="a">Dumontet, Gilbert.</subfield>
  </datafield>
  <datafield tag="700" ind1="1" ind2=" ">
    <subfield code="a">Posnansky, Ira.</subfield>
  </datafield>
  <datafield tag="700" ind1="1" ind2=" ">
    <subfield code="a">Kilmer, Val,</subfield>
    <subfield code="d">1959-</subfield>
  </datafield>
  <datafield tag="700" ind1="1" ind2=" ">
    <subfield code="a">Cole, Gary,</subfield>
    <subfield code="d">1956-</subfield>
  </datafield>
  <datafield tag="700" ind1="1" ind2=" ">
    <subfield code="a">Esposito, Jennifer,</subfield>
    <subfield code="d">1972-</subfield>
  </datafield>
  <datafield tag="700" ind1="1" ind2=" ">
    <subfield code="a">Jablonski, Jay.</subfield>
  </datafield>
  <datafield tag="700" ind1="1" ind2=" ">
    <subfield code="a">Serano, Greg.</subfield>
  </datafield>
  <datafield tag="710" ind1="2" ind2=" ">
    <subfield code="a">Stage 6 Films.</subfield>
  </datafield>
  <datafield tag="710" ind1="2" ind2=" ">
    <subfield code="a">Hollywood Media Bridge (Firm)</subfield>
  </datafield>
  <datafield tag="710" ind1="2" ind2=" ">
    <subfield code="a">Sony Pictures Home Entertainment (Firm)</subfield>
  </datafield>
  
  
</record>