<record xmlns="http://www.loc.gov/MARC21/slim" xmlns:zs="http://docs.oasis-open.org/ns/search-ws/sruResponse">
  <leader>04380nim a2200625Ki 4500</leader>
  <controlfield tag="001">ocn929952663</controlfield>
  <controlfield tag="003">OCoLC</controlfield>
  <controlfield tag="005">20160312213825.0</controlfield>
  <controlfield tag="008">151119s2015    nyunnnn o      z  n eng d</controlfield>
  <controlfield tag="006">m     o  h        </controlfield>
  <controlfield tag="007">sz zunnnnnuneu</controlfield>
  <controlfield tag="007">cr nnannnunuuu</controlfield>
  <datafield tag="040" ind1=" " ind2=" ">
    <subfield code="a">TEFOD</subfield>
    <subfield code="b">eng</subfield>
    <subfield code="e">rda</subfield>
    <subfield code="e">pn</subfield>
    <subfield code="c">TEFOD</subfield>
  </datafield>
  <datafield tag="020" ind1=" " ind2=" ">
    <subfield code="a">9781442396029</subfield>
    <subfield code="q">electronic audio bk.</subfield>
  </datafield>
  <datafield tag="020" ind1=" " ind2=" ">
    <subfield code="a">1442396024</subfield>
    <subfield code="q">electronic audio bk.</subfield>
  </datafield>
  <datafield tag="035" ind1=" " ind2=" ">
    <subfield code="a">(OCoLC)929952663</subfield>
  </datafield>
  <datafield tag="037" ind1=" " ind2=" ">
    <subfield code="a">BB2A25F9-3F1E-4698-B691-55AA920590D1</subfield>
    <subfield code="b">OverDrive, Inc.</subfield>
    <subfield code="n">http://www.overdrive.com</subfield>
  </datafield>
  <datafield tag="043" ind1=" " ind2=" ">
    <subfield code="a">p------</subfield>
    <subfield code="a">poxe---</subfield>
    <subfield code="a">n-mx---</subfield>
  </datafield>
  <datafield tag="050" ind1=" " ind2="4">
    <subfield code="a">G525</subfield>
    <subfield code="b">.F66 2015ab</subfield>
  </datafield>
  <datafield tag="082" ind1="0" ind2="4">
    <subfield code="a">910.9164</subfield>
    <subfield code="2">23</subfield>
  </datafield>
  <datafield tag="100" ind1="1" ind2=" ">
    <subfield code="a">Franklin, Jonathan,</subfield>
    <subfield code="e">author.</subfield>
  </datafield>
  <datafield tag="245" ind1="1" ind2="0">
    <subfield code="a">438 days :</subfield>
    <subfield code="b">an extraordinary true story of survival at sea /</subfield>
    <subfield code="c">Jonathan Franklin.</subfield>
  </datafield>
  <datafield tag="250" ind1=" " ind2=" ">
    <subfield code="a">Unabridged.</subfield>
  </datafield>
  <datafield tag="260" ind1=" " ind2=" ">
    <subfield code="a">New York :</subfield>
    <subfield code="b">Simon &amp; Schuster Audio,</subfield>
    <subfield code="c">2015.</subfield>
  </datafield>
  <datafield tag="264" ind1=" " ind2="1">
    <subfield code="a">New York, NY :</subfield>
    <subfield code="b">Simon &amp; Schuster Audio,</subfield>
    <subfield code="c">[2015]</subfield>
  </datafield>
  <datafield tag="300" ind1=" " ind2=" ">
    <subfield code="a">1 online resource (1 sound file (6 hr., 59 min., 14 sec.)) :</subfield>
    <subfield code="b">digital.</subfield>
  </datafield>
  <datafield tag="306" ind1=" " ind2=" ">
    <subfield code="a">065914</subfield>
  </datafield>
  <datafield tag="336" ind1=" " ind2=" ">
    <subfield code="a">spoken word</subfield>
    <subfield code="b">spw</subfield>
    <subfield code="2">rdacontent</subfield>
  </datafield>
  <datafield tag="337" ind1=" " ind2=" ">
    <subfield code="a">computer</subfield>
    <subfield code="b">c</subfield>
    <subfield code="2">rdamedia</subfield>
  </datafield>
  <datafield tag="338" ind1=" " ind2=" ">
    <subfield code="a">online resource</subfield>
    <subfield code="b">cr</subfield>
    <subfield code="2">rdacarrier</subfield>
  </datafield>
  <datafield tag="344" ind1=" " ind2=" ">
    <subfield code="a">digital</subfield>
    <subfield code="2">rda</subfield>
  </datafield>
  <datafield tag="347" ind1=" " ind2=" ">
    <subfield code="a">audio file</subfield>
    <subfield code="b">CD audio</subfield>
    <subfield code="2">rda</subfield>
  </datafield>
  <datafield tag="520" ind1=" " ind2=" ">
    <subfield code="a">438 Days is the miraculous account of the man who survived alone and adrift at sea longer than anyone in recorded history--as told to journalist Jonathan Franklin in dozens of exclusive interviews.On November 17, 2012, Salvador Alvarenga left the coast of Mexico for a two-day fishing trip. A vicious storm killed his engine and the current dragged his boat out to sea. The storm picked up and blasted him west. When he washed ashore on January 29, 2014, he had arrived in the Marshall Islands, 9,000 miles away--equivalent to traveling from New York to Moscow round trip. For fourteen months, Alvarenga survived constant shark attacks. He learned to catch fish with his bare hands. He built a fish net from a pair of empty plastic bottles. Taking apart the outboard motor, he fashioned a huge fishhook. Using fish vertebrae as needles, he stitched together his own clothes. He considered suicide on multiple occasions--including offering himself up to a pack of sharks. But Alvarenga never failed to invent an alternative reality. He imagined a method of survival that kept his body and mind intact long enough for the Pacific Ocean to toss him up on a remote palm-studded island, where he was saved by a local couple living alone in their own Pacific Island paradise. Based on dozens of hours of interviews with Alvarenga and interviews with his colleagues, search and rescue officials, the medical team that saved his life and the remote islanders who nursed him back to health, this is an epic tale of survival, an all-true version of the fictional Life of Pi. With illustrations, maps, and photographs throughout, 438 Days is a study of the resilience, will, ingenuity, and determination required for one man to survive fourteen months, lost at sea.</subfield>
  </datafield>
  <datafield tag="511" ind1="0" ind2=" ">
    <subfield code="a">Read by George Newbern.</subfield>
  </datafield>
  <datafield tag="588" ind1="0" ind2=" ">
    <subfield code="a">Hard copy version record.</subfield>
  </datafield>
  <datafield tag="600" ind1="1" ind2="0">
    <subfield code="a">Alvarenga, Salvador,</subfield>
    <subfield code="d">approximately 1977-</subfield>
  </datafield>
  <datafield tag="650" ind1=" " ind2="0">
    <subfield code="a">Survival at sea</subfield>
    <subfield code="z">Pacific Ocean.</subfield>
  </datafield>
  <datafield tag="650" ind1=" " ind2="0">
    <subfield code="a">Shipwrecks</subfield>
    <subfield code="z">Marshall Islands.</subfield>
  </datafield>
  <datafield tag="650" ind1=" " ind2="0">
    <subfield code="a">Fishers</subfield>
    <subfield code="z">Mexico</subfield>
    <subfield code="z">Chiapas</subfield>
    <subfield code="v">Biography.</subfield>
  </datafield>
  <datafield tag="650" ind1=" " ind2="0">
    <subfield code="a">Fishing villages</subfield>
    <subfield code="z">Mexico</subfield>
    <subfield code="z">Chiapas</subfield>
    <subfield code="x">Social life and customs.</subfield>
  </datafield>
  <datafield tag="650" ind1=" " ind2="0">
    <subfield code="a">Fishing boats</subfield>
    <subfield code="z">Mexico</subfield>
    <subfield code="z">Chiapas.</subfield>
  </datafield>
  <datafield tag="650" ind1=" " ind2="0">
    <subfield code="a">Fisheries</subfield>
    <subfield code="z">Mexico</subfield>
    <subfield code="z">Chiapas</subfield>
    <subfield code="x">History.</subfield>
  </datafield>
  <datafield tag="650" ind1=" " ind2="0">
    <subfield code="a">Salvadorans</subfield>
    <subfield code="z">Mexico</subfield>
    <subfield code="z">Chiapas</subfield>
    <subfield code="v">Biography.</subfield>
  </datafield>
  <datafield tag="650" ind1=" " ind2="0">
    <subfield code="a">Illegal aliens</subfield>
    <subfield code="z">Mexico</subfield>
    <subfield code="v">Biography.</subfield>
  </datafield>
  <datafield tag="651" ind1=" " ind2="0">
    <subfield code="a">Chiapas (Mexico)</subfield>
    <subfield code="v">Biography.</subfield>
  </datafield>
  <datafield tag="655" ind1=" " ind2="7">
    <subfield code="a">Audiobooks.</subfield>
    <subfield code="2">lcgft</subfield>
  </datafield>
  <datafield tag="655" ind1=" " ind2="4">
    <subfield code="a">Downloadable audio books.</subfield>
  </datafield>
  <datafield tag="700" ind1="1" ind2=" ">
    <subfield code="a">Newbern, George,</subfield>
    <subfield code="d">1964-</subfield>
    <subfield code="e">narrator.</subfield>
  </datafield>
  <datafield tag="776" ind1="0" ind2="8">
    <subfield code="i">Source record:</subfield>
    <subfield code="a">Franklin, Jonathan, author.</subfield>
    <subfield code="t">438 days.</subfield>
    <subfield code="b">Unabridged</subfield>
    <subfield code="z">9781442396036</subfield>
    <subfield code="w">(OCoLC)925490248</subfield>
  </datafield>
  <datafield tag="856" ind1="4" ind2="0">
    <subfield code="3">OverDrive</subfield>
    <subfield code="u">https://www.overdrive.com/search?q=BB2A25F9-3F1E-4698-B691-55AA920590D1</subfield>
  </datafield>
  <datafield tag="856" ind1="4" ind2=" ">
    <subfield code="3">Excerpt</subfield>
    <subfield code="u">http://excerpts.cdn.overdrive.com/FormatType-425/5054-1/2232609-438Days.mp3</subfield>
  </datafield>
  <datafield tag="856" ind1="4" ind2=" ">
    <subfield code="3">Excerpt</subfield>
    <subfield code="u">http://samples.overdrive.com/?crid=bb2a25f9-3f1e-4698-b691-55aa920590d1&amp;.epub-sample.overdrive.com</subfield>
  </datafield>
  <datafield tag="856" ind1="4" ind2=" ">
    <subfield code="3">Image</subfield>
    <subfield code="u">http://images.contentreserve.com/ImageType-100/5054-1/{BB2A25F9-3F1E-4698-B691-55AA920590D1}Img100.jpg</subfield>
  </datafield>
  
  
</record>