<record xmlns="http://www.loc.gov/MARC21/slim" xmlns:zs="http://docs.oasis-open.org/ns/search-ws/sruResponse">
  <leader>10821cgm a2201825Ia 4500</leader>
  <controlfield tag="001">ocn270775494</controlfield>
  <controlfield tag="003">OCoLC</controlfield>
  <controlfield tag="005">20160312213602.0</controlfield>
  <controlfield tag="008">081110p20081983nyu140 g          vlspa d</controlfield>
  <controlfield tag="007">vd cvaiz|</controlfield>
  <datafield tag="040" ind1=" " ind2=" ">
    <subfield code="a">TEFMT</subfield>
    <subfield code="b">eng</subfield>
    <subfield code="c">TEFMT</subfield>
    <subfield code="d">TEF</subfield>
    <subfield code="d">BTCTA</subfield>
    <subfield code="d">TEF</subfield>
    <subfield code="d">RCS</subfield>
    <subfield code="d">ZS3</subfield>
    <subfield code="d">GK8</subfield>
    <subfield code="d">JAO</subfield>
    <subfield code="d">DVP</subfield>
    <subfield code="d">WAU</subfield>
    <subfield code="d">UMC</subfield>
    <subfield code="d">WIQ</subfield>
    <subfield code="d">SLV</subfield>
    <subfield code="d">VP@</subfield>
    <subfield code="d">WCM</subfield>
    <subfield code="d">MOF</subfield>
    <subfield code="d">CQU</subfield>
    <subfield code="d">LML</subfield>
    <subfield code="d">JHY</subfield>
    <subfield code="d">MAC</subfield>
    <subfield code="d">TTU</subfield>
    <subfield code="d">OCLCQ</subfield>
    <subfield code="d">IOG</subfield>
    <subfield code="d">COH</subfield>
    <subfield code="d">CUT</subfield>
    <subfield code="d">CNCUB</subfield>
    <subfield code="d">OCLCA</subfield>
    <subfield code="d">CTB</subfield>
    <subfield code="d">VLR</subfield>
    <subfield code="d">OCLCO</subfield>
    <subfield code="d">OCLCA</subfield>
    <subfield code="d">P4I</subfield>
    <subfield code="d">TLS</subfield>
    <subfield code="d">OCLCO</subfield>
    <subfield code="d">CCY</subfield>
    <subfield code="d">ZCU</subfield>
    <subfield code="d">OCLCO</subfield>
    <subfield code="d">OCLCF</subfield>
    <subfield code="d">OCLCO</subfield>
    <subfield code="d">IAD</subfield>
    <subfield code="d">OCLCO</subfield>
    <subfield code="d">PSC</subfield>
    <subfield code="d">OCLCO</subfield>
    <subfield code="d">CNNTC</subfield>
    <subfield code="d">MEU</subfield>
    <subfield code="d">MUU</subfield>
    <subfield code="d">OCLCO</subfield>
  </datafield>
  <datafield tag="019" ind1=" " ind2=" ">
    <subfield code="a">428145979</subfield>
    <subfield code="a">728497756</subfield>
    <subfield code="a">844327297</subfield>
  </datafield>
  <datafield tag="020" ind1=" " ind2=" ">
    <subfield code="a">9781604651096 (DVDs)</subfield>
  </datafield>
  <datafield tag="020" ind1=" " ind2=" ">
    <subfield code="a">1604651091 (DVDs)</subfield>
  </datafield>
  <datafield tag="024" ind1="1" ind2="0">
    <subfield code="a">715515034722</subfield>
  </datafield>
  <datafield tag="028" ind1="4" ind2="1">
    <subfield code="a">CC1788D</subfield>
    <subfield code="b">Criterion Collection</subfield>
  </datafield>
  <datafield tag="028" ind1="4" ind2="2">
    <subfield code="a">458</subfield>
    <subfield code="b">Criterion Collection</subfield>
  </datafield>
  <datafield tag="035" ind1=" " ind2=" ">
    <subfield code="a">(OCoLC)270775494</subfield>
    <subfield code="z">(OCoLC)428145979</subfield>
    <subfield code="z">(OCoLC)728497756</subfield>
    <subfield code="z">(OCoLC)844327297</subfield>
  </datafield>
  <datafield tag="037" ind1=" " ind2=" ">
    <subfield code="b">Midwest Tape</subfield>
    <subfield code="n">http://www.midwesttapes.com</subfield>
  </datafield>
  <datafield tag="041" ind1="1" ind2=" ">
    <subfield code="a">spa</subfield>
    <subfield code="a">myn</subfield>
    <subfield code="a">eng</subfield>
    <subfield code="j">eng</subfield>
  </datafield>
  <datafield tag="043" ind1=" " ind2=" ">
    <subfield code="a">ncgt---</subfield>
    <subfield code="a">n-us-ca</subfield>
  </datafield>
  <datafield tag="044" ind1=" " ind2=" ">
    <subfield code="a">nyu</subfield>
    <subfield code="a">xxk</subfield>
  </datafield>
  <datafield tag="046" ind1=" " ind2=" ">
    <subfield code="k">1983</subfield>
  </datafield>
  <datafield tag="050" ind1="1" ind2="4">
    <subfield code="a">PN1997</subfield>
    <subfield code="b">.N67 2008</subfield>
  </datafield>
  <datafield tag="082" ind1="0" ind2="4">
    <subfield code="a">791.43/72</subfield>
    <subfield code="2">22</subfield>
  </datafield>
  <datafield tag="245" ind1="0" ind2="3">
    <subfield code="a">El norte</subfield>
    <subfield code="h">[videorecording] =</subfield>
    <subfield code="b">The north /</subfield>
    <subfield code="c">Janus Films ; [presented by] Independent Productions in association with American Playhouse ; screenplay by Gregory Nava and Anna Thomas ; original story by Gregory Nava ; directed by Gregory Nava ; produced by Anna Thomas.</subfield>
  </datafield>
  <datafield tag="246" ind1="3" ind2="1">
    <subfield code="a">North</subfield>
  </datafield>
  <datafield tag="250" ind1=" " ind2=" ">
    <subfield code="a">Director-approved special ed.</subfield>
  </datafield>
  <datafield tag="257" ind1=" " ind2=" ">
    <subfield code="a">United States</subfield>
    <subfield code="2">naf</subfield>
  </datafield>
  <datafield tag="260" ind1=" " ind2=" ">
    <subfield code="a">[Irvington, N.Y.] :</subfield>
    <subfield code="b">Criterion Collection,</subfield>
    <subfield code="c">c2008.</subfield>
  </datafield>
  <datafield tag="300" ind1=" " ind2=" ">
    <subfield code="a">2 videodiscs (140 min.) :</subfield>
    <subfield code="b">sd., col. ;</subfield>
    <subfield code="c">4 3/4 in. +</subfield>
    <subfield code="e">1 booklet ([12] p. : ill. (some col.) ; 19 cm.)</subfield>
  </datafield>
  <datafield tag="336" ind1=" " ind2=" ">
    <subfield code="a">two-dimensional moving image</subfield>
    <subfield code="b">tdi</subfield>
    <subfield code="2">rdacontent</subfield>
  </datafield>
  <datafield tag="337" ind1=" " ind2=" ">
    <subfield code="a">video</subfield>
    <subfield code="b">v</subfield>
    <subfield code="2">rdamedia</subfield>
  </datafield>
  <datafield tag="338" ind1=" " ind2=" ">
    <subfield code="a">videodisc</subfield>
    <subfield code="b">vd</subfield>
    <subfield code="2">rdacarrier</subfield>
  </datafield>
  <datafield tag="340" ind1=" " ind2=" ">
    <subfield code="b">4 3/4 in.</subfield>
  </datafield>
  <datafield tag="344" ind1=" " ind2=" ">
    <subfield code="a">digital</subfield>
    <subfield code="b">optical</subfield>
    <subfield code="2">rda</subfield>
  </datafield>
  <datafield tag="347" ind1=" " ind2=" ">
    <subfield code="a">video file</subfield>
    <subfield code="b">DVD video</subfield>
    <subfield code="e">region 1</subfield>
    <subfield code="2">rda</subfield>
  </datafield>
  <datafield tag="490" ind1="1" ind2=" ">
    <subfield code="a">The Criterion collection ;</subfield>
    <subfield code="v">458</subfield>
  </datafield>
  <datafield tag="538" ind1=" " ind2=" ">
    <subfield code="a">DVD ; anamorphic widescreen (1.78:1) ; Dolby Digital mono ; NTSC, region 1.</subfield>
  </datafield>
  <datafield tag="546" ind1=" " ind2=" ">
    <subfield code="a">In Spanish, Kiché and English with optional English and English SDH subtitles.</subfield>
  </datafield>
  <datafield tag="500" ind1=" " ind2=" ">
    <subfield code="a">Series numbering from container spine.</subfield>
  </datafield>
  <datafield tag="511" ind1="1" ind2=" ">
    <subfield code="a">El norte: Zaide Silvia Gutiérrez, David Villalpando, Ernesto Gómez Cruz, Alicia del Lago, Miguel Gomez Giron, Jose Martín Ruano, Stella Quan, Eraclio Zepeda.</subfield>
  </datafield>
  <datafield tag="511" ind1="1" ind2=" ">
    <subfield code="a">The journal of Diego Rodriguez Silva: Marco Antonio Rubio, Daniel Salazar, Leonel Torres, Salvador Ornelas, Abel Bustos, José María Angel, Alberto Trejo Cardos, Fernando Armas ; narration: Daniel Gabadón.</subfield>
  </datafield>
  <datafield tag="508" ind1=" " ind2=" ">
    <subfield code="a">El norte: Cinematography, James Glennon ; film editor, Betsy Blankett ; traditional and original music composed and performed by Los Folkloristas ; traditional original harop music composed and performed by Melecio Martinez ; mariachi music arranged and performed by Mariachi Nuevo Uclatlan ; DVD producer, Abbey Lustgarten.</subfield>
  </datafield>
  <datafield tag="508" ind1=" " ind2=" ">
    <subfield code="a">The journal of Diego Rodriguez Silva: A film by Gregory Nava ; music, W. A. Mozart.</subfield>
  </datafield>
  <datafield tag="500" ind1=" " ind2=" ">
    <subfield code="a">El norte: Originally produced as a motion picture in 1983.</subfield>
  </datafield>
  <datafield tag="500" ind1=" " ind2=" ">
    <subfield code="a">The journal of Diego Rodriguez Silva: Originally released as a motion picture in 1972.</subfield>
  </datafield>
  <datafield tag="500" ind1=" " ind2=" ">
    <subfield code="a">"Enhanced for 16:9 widescreen TVs"--Container.</subfield>
  </datafield>
  <datafield tag="500" ind1=" " ind2=" ">
    <subfield code="a">Container insert features an essay : Promised land / by novelist Héctor Tobar and Roger Ebert's 1983 review of the film.</subfield>
  </datafield>
  <datafield tag="505" ind1="0" ind2=" ">
    <subfield code="a">disc 1. The film -- disc 2. The supplements.</subfield>
  </datafield>
  <datafield tag="500" ind1=" " ind2=" ">
    <subfield code="a">Special features (disc 1): optional director's audio commentary; theatrical trailer (2 min.).</subfield>
  </datafield>
  <datafield tag="500" ind1=" " ind2=" ">
    <subfield code="a">Special features (disc 2): "In the service of the shadows : the making of 'El norte'" interview featurette with Nava, producer and co-writer Anna Thomas, actors Zaide Silvia Gutiérrez and David Villalpando, and set designer David Wasco (60 min.); "Scouting in Chiapas" gallery of Chiapas location-scouting photographs; "The journal of Diego Rodriguez Silva" Nava's award-winning student film with optional director introduction (1972, 31 min.).</subfield>
  </datafield>
  <datafield tag="520" ind1=" " ind2=" ">
    <subfield code="a">El norte: Enrique and Rosa are brother and sister Mayan Indian peasants, living in the mountains of Guatemala. When the village attempts to organize for better treatment, Enrique and Rosa are forced to flee as the Guatemalan army is sent in to punish the townspeople. Receiving clandestine help from friends and humorous advice from a veteran immigrant, they make their way to Los Angeles, hoping to make a new life as young, uneducated, and illegal immigrants.</subfield>
  </datafield>
  <datafield tag="520" ind1=" " ind2=" ">
    <subfield code="a">The journal of Diego Rodriguez Silva: Nava's 1972 award-winning thirty-minute student film, based on the life of Spanish poet and playwright Federico García Lorca, depicting the life of a fictional poet caught in the Spanish Civil War and jailed, but then set free on the condition he leaves his country and never returns.</subfield>
  </datafield>
  <datafield tag="500" ind1=" " ind2=" ">
    <subfield code="a">Booklet inserted in container.</subfield>
  </datafield>
  <datafield tag="500" ind1=" " ind2=" ">
    <subfield code="a">Filmed on location in Chiapas, Morelos, Mexicali in Mexico and in Los Angeles, San Diego in California.</subfield>
  </datafield>
  <datafield tag="546" ind1=" " ind2=" ">
    <subfield code="a">Soundtrack in Quiché, Spanish and English ; subtitles available in English.</subfield>
  </datafield>
  <datafield tag="650" ind1=" " ind2="0">
    <subfield code="a">Brothers and sisters</subfield>
    <subfield code="v">Drama.</subfield>
  </datafield>
  <datafield tag="650" ind1=" " ind2="0">
    <subfield code="a">Mayas</subfield>
    <subfield code="x">Crimes against</subfield>
    <subfield code="z">Guatemala</subfield>
    <subfield code="v">Drama.</subfield>
  </datafield>
  <datafield tag="650" ind1=" " ind2="0">
    <subfield code="a">Teenagers</subfield>
    <subfield code="v">Drama.</subfield>
  </datafield>
  <datafield tag="650" ind1=" " ind2="0">
    <subfield code="a">Political violence</subfield>
    <subfield code="z">Guatemala</subfield>
    <subfield code="v">Drama.</subfield>
  </datafield>
  <datafield tag="650" ind1=" " ind2="0">
    <subfield code="a">Political persecution</subfield>
    <subfield code="z">Guatemala</subfield>
    <subfield code="v">Drama.</subfield>
  </datafield>
  <datafield tag="650" ind1=" " ind2="0">
    <subfield code="a">Illegal aliens</subfield>
    <subfield code="z">California</subfield>
    <subfield code="z">Los Angeles</subfield>
    <subfield code="v">Drama.</subfield>
  </datafield>
  <datafield tag="650" ind1=" " ind2="0">
    <subfield code="a">Immigrants</subfield>
    <subfield code="z">United States</subfield>
    <subfield code="v">Drama.</subfield>
  </datafield>
  <datafield tag="650" ind1=" " ind2="0">
    <subfield code="a">Guatemalans</subfield>
    <subfield code="z">United States</subfield>
    <subfield code="v">Drama.</subfield>
  </datafield>
  <datafield tag="650" ind1=" " ind2="0">
    <subfield code="a">Human smuggling</subfield>
    <subfield code="v">Drama.</subfield>
  </datafield>
  <datafield tag="650" ind1=" " ind2="0">
    <subfield code="a">Border crossing</subfield>
    <subfield code="v">Drama.</subfield>
  </datafield>
  <datafield tag="651" ind1=" " ind2="0">
    <subfield code="a">Guatemala</subfield>
    <subfield code="x">Politics and government</subfield>
    <subfield code="y">1945-1985</subfield>
    <subfield code="v">Drama.</subfield>
  </datafield>
  <datafield tag="651" ind1=" " ind2="0">
    <subfield code="a">Guatemala</subfield>
    <subfield code="x">Social conditions</subfield>
    <subfield code="v">Drama.</subfield>
  </datafield>
  <datafield tag="651" ind1=" " ind2="0">
    <subfield code="a">Guatemala</subfield>
    <subfield code="x">Emigration and immigration</subfield>
    <subfield code="v">Drama.</subfield>
  </datafield>
  <datafield tag="651" ind1=" " ind2="0">
    <subfield code="a">Guatemala</subfield>
    <subfield code="x">History</subfield>
    <subfield code="y">Civil War, 1960-1996</subfield>
    <subfield code="v">Drama.</subfield>
  </datafield>
  <datafield tag="651" ind1=" " ind2="0">
    <subfield code="a">Mexican-American Border Region</subfield>
    <subfield code="v">Drama.</subfield>
  </datafield>
  <datafield tag="651" ind1=" " ind2="0">
    <subfield code="a">United States</subfield>
    <subfield code="x">Emigration and immigration</subfield>
    <subfield code="v">Drama.</subfield>
  </datafield>
  <datafield tag="650" ind1=" " ind2="8">
    <subfield code="a">Teenagers</subfield>
    <subfield code="v">Drama.</subfield>
  </datafield>
  <datafield tag="650" ind1=" " ind2="8">
    <subfield code="a">Illegal aliens</subfield>
    <subfield code="z">California</subfield>
    <subfield code="z">Los Angeles</subfield>
    <subfield code="v">Drama.</subfield>
  </datafield>
  <datafield tag="650" ind1=" " ind2="6">
    <subfield code="a">Frères et sœurs</subfield>
    <subfield code="v">Films.</subfield>
  </datafield>
  <datafield tag="650" ind1=" " ind2="6">
    <subfield code="a">Adolescents</subfield>
    <subfield code="v">Films.</subfield>
  </datafield>
  <datafield tag="650" ind1=" " ind2="6">
    <subfield code="a">Immigrants clandestins</subfield>
    <subfield code="z">Californie</subfield>
    <subfield code="z">Los Angeles</subfield>
    <subfield code="v">Films.</subfield>
  </datafield>
  <datafield tag="651" ind1=" " ind2="6">
    <subfield code="a">Guatemala</subfield>
    <subfield code="x">Conditions sociales</subfield>
    <subfield code="v">Films.</subfield>
  </datafield>
  <datafield tag="651" ind1=" " ind2="6">
    <subfield code="a">Guatemala</subfield>
    <subfield code="x">Émigration et immigration</subfield>
    <subfield code="v">Films.</subfield>
  </datafield>
  <datafield tag="651" ind1=" " ind2="6">
    <subfield code="a">États-Unis</subfield>
    <subfield code="x">Émigration et immigration</subfield>
    <subfield code="v">Films.</subfield>
  </datafield>
  <datafield tag="650" ind1=" " ind2="0">
    <subfield code="a">Foreign language films.</subfield>
  </datafield>
  <datafield tag="650" ind1=" " ind2="7">
    <subfield code="a">Brothers and sisters.</subfield>
    <subfield code="2">fast</subfield>
    <subfield code="0">(OCoLC)fst00839671</subfield>
  </datafield>
  <datafield tag="650" ind1=" " ind2="7">
    <subfield code="a">Emigration and immigration.</subfield>
    <subfield code="2">fast</subfield>
    <subfield code="0">(OCoLC)fst00908690</subfield>
  </datafield>
  <datafield tag="650" ind1=" " ind2="7">
    <subfield code="a">Foreign language films.</subfield>
    <subfield code="2">fast</subfield>
    <subfield code="0">(OCoLC)fst00931842</subfield>
  </datafield>
  <datafield tag="650" ind1=" " ind2="7">
    <subfield code="a">Illegal aliens.</subfield>
    <subfield code="2">fast</subfield>
    <subfield code="0">(OCoLC)fst00967153</subfield>
  </datafield>
  <datafield tag="650" ind1=" " ind2="7">
    <subfield code="a">Immigrants.</subfield>
    <subfield code="2">fast</subfield>
    <subfield code="0">(OCoLC)fst00967712</subfield>
  </datafield>
  <datafield tag="650" ind1=" " ind2="7">
    <subfield code="a">Human smuggling.</subfield>
    <subfield code="2">fast</subfield>
    <subfield code="0">(OCoLC)fst00963471</subfield>
  </datafield>
  <datafield tag="650" ind1=" " ind2="7">
    <subfield code="a">Border crossing.</subfield>
    <subfield code="2">fast</subfield>
    <subfield code="0">(OCoLC)fst01715649</subfield>
  </datafield>
  <datafield tag="650" ind1=" " ind2="7">
    <subfield code="a">Social conditions.</subfield>
    <subfield code="2">fast</subfield>
    <subfield code="0">(OCoLC)fst01919811</subfield>
  </datafield>
  <datafield tag="650" ind1=" " ind2="7">
    <subfield code="a">Teenagers.</subfield>
    <subfield code="2">fast</subfield>
    <subfield code="0">(OCoLC)fst01145551</subfield>
  </datafield>
  <datafield tag="650" ind1=" " ind2="7">
    <subfield code="a">Guatemalans.</subfield>
    <subfield code="2">fast</subfield>
    <subfield code="0">(OCoLC)fst00948869</subfield>
  </datafield>
  <datafield tag="651" ind1=" " ind2="7">
    <subfield code="a">California</subfield>
    <subfield code="z">Los Angeles.</subfield>
    <subfield code="2">fast</subfield>
    <subfield code="0">(OCoLC)fst01204540</subfield>
  </datafield>
  <datafield tag="651" ind1=" " ind2="7">
    <subfield code="a">Guatemala.</subfield>
    <subfield code="2">fast</subfield>
    <subfield code="0">(OCoLC)fst01205154</subfield>
  </datafield>
  <datafield tag="651" ind1=" " ind2="7">
    <subfield code="a">North America</subfield>
    <subfield code="z">Mexican-American Border Region.</subfield>
    <subfield code="2">fast</subfield>
    <subfield code="0">(OCoLC)fst01239966</subfield>
  </datafield>
  <datafield tag="651" ind1=" " ind2="7">
    <subfield code="a">United States.</subfield>
    <subfield code="2">fast</subfield>
    <subfield code="0">(OCoLC)fst01204155</subfield>
  </datafield>
  <datafield tag="655" ind1=" " ind2="7">
    <subfield code="a">Social problem films.</subfield>
    <subfield code="2">lcgft</subfield>
  </datafield>
  <datafield tag="655" ind1=" " ind2="7">
    <subfield code="a">Fiction films.</subfield>
    <subfield code="2">lcgft</subfield>
  </datafield>
  <datafield tag="655" ind1=" " ind2="7">
    <subfield code="a">Feature films.</subfield>
    <subfield code="2">lcgft</subfield>
  </datafield>
  <datafield tag="655" ind1=" " ind2="7">
    <subfield code="a">Action and adventure films.</subfield>
    <subfield code="2">lcgft</subfield>
  </datafield>
  <datafield tag="655" ind1=" " ind2="7">
    <subfield code="a">Thrillers (Motion pictures)</subfield>
    <subfield code="2">lcgft</subfield>
  </datafield>
  <datafield tag="655" ind1=" " ind2="7">
    <subfield code="a">Independent films.</subfield>
    <subfield code="2">lcgft</subfield>
  </datafield>
  <datafield tag="655" ind1=" " ind2="7">
    <subfield code="a">Low budget films.</subfield>
    <subfield code="2">lcgft</subfield>
  </datafield>
  <datafield tag="655" ind1=" " ind2="7">
    <subfield code="a">Video recordings for the hearing impaired.</subfield>
    <subfield code="2">lcgft</subfield>
  </datafield>
  <datafield tag="655" ind1=" " ind2="7">
    <subfield code="a">Foreign language films</subfield>
    <subfield code="x">Spanish.</subfield>
    <subfield code="2">local</subfield>
  </datafield>
  <datafield tag="655" ind1=" " ind2="7">
    <subfield code="a">Feature films</subfield>
    <subfield code="z">United States.</subfield>
    <subfield code="2">local</subfield>
  </datafield>
  <datafield tag="655" ind1=" " ind2="7">
    <subfield code="a">Adventure</subfield>
    <subfield code="v">Feature.</subfield>
    <subfield code="2">migfg</subfield>
  </datafield>
  <datafield tag="655" ind1=" " ind2="7">
    <subfield code="a">Thriller</subfield>
    <subfield code="v">Feature.</subfield>
    <subfield code="2">migfg</subfield>
  </datafield>
  <datafield tag="655" ind1=" " ind2="7">
    <subfield code="a">Adventure films.</subfield>
    <subfield code="2">gsafd</subfield>
  </datafield>
  <datafield tag="655" ind1=" " ind2="7">
    <subfield code="a">Action and adventure films.</subfield>
    <subfield code="2">fast</subfield>
    <subfield code="0">(OCoLC)fst01710568</subfield>
  </datafield>
  <datafield tag="655" ind1=" " ind2="7">
    <subfield code="a">Drama.</subfield>
    <subfield code="2">fast</subfield>
    <subfield code="0">(OCoLC)fst01423879</subfield>
  </datafield>
  <datafield tag="655" ind1=" " ind2="7">
    <subfield code="a">Feature films.</subfield>
    <subfield code="2">fast</subfield>
    <subfield code="0">(OCoLC)fst01710384</subfield>
  </datafield>
  <datafield tag="655" ind1=" " ind2="7">
    <subfield code="a">Fiction films.</subfield>
    <subfield code="2">fast</subfield>
    <subfield code="0">(OCoLC)fst01710264</subfield>
  </datafield>
  <datafield tag="655" ind1=" " ind2="7">
    <subfield code="a">Thrillers (Motion pictures)</subfield>
    <subfield code="2">fast</subfield>
    <subfield code="0">(OCoLC)fst01726193</subfield>
  </datafield>
  <datafield tag="655" ind1=" " ind2="7">
    <subfield code="a">Video recordings for the hearing impaired.</subfield>
    <subfield code="2">fast</subfield>
    <subfield code="0">(OCoLC)fst01710450</subfield>
  </datafield>
  <datafield tag="700" ind1="1" ind2=" ">
    <subfield code="a">Thomas, Anna.</subfield>
    <subfield code="4">pro</subfield>
    <subfield code="4">aus</subfield>
    <subfield code="4">ive</subfield>
  </datafield>
  <datafield tag="700" ind1="1" ind2=" ">
    <subfield code="a">Nava, Gregory.</subfield>
    <subfield code="4">drt</subfield>
    <subfield code="4">aus</subfield>
    <subfield code="4">cmm</subfield>
    <subfield code="4">ive</subfield>
  </datafield>
  <datafield tag="700" ind1="1" ind2=" ">
    <subfield code="a">Lustgarten, Abbey</subfield>
    <subfield code="4">pro</subfield>
  </datafield>
  <datafield tag="700" ind1="1" ind2=" ">
    <subfield code="a">Gutiérrez, Zaide Silvia.</subfield>
    <subfield code="4">act</subfield>
    <subfield code="4">ive</subfield>
  </datafield>
  <datafield tag="700" ind1="1" ind2=" ">
    <subfield code="a">Villalpando, David.</subfield>
    <subfield code="4">act</subfield>
    <subfield code="4">ive</subfield>
  </datafield>
  <datafield tag="700" ind1="1" ind2=" ">
    <subfield code="a">Gómez Cruz, Ernesto.</subfield>
    <subfield code="4">act</subfield>
    <subfield code="4">act</subfield>
  </datafield>
  <datafield tag="700" ind1="1" ind2=" ">
    <subfield code="a">Lago, Alicia del.</subfield>
    <subfield code="4">act</subfield>
  </datafield>
  <datafield tag="700" ind1="1" ind2=" ">
    <subfield code="a">Tobar, Héctor,</subfield>
    <subfield code="d">1963-</subfield>
  </datafield>
  <datafield tag="700" ind1="1" ind2=" ">
    <subfield code="a">Ebert, Roger.</subfield>
  </datafield>
  <datafield tag="700" ind1="1" ind2=" ">
    <subfield code="a">Glennon, James,</subfield>
    <subfield code="d">1942-</subfield>
    <subfield code="4">cng</subfield>
  </datafield>
  <datafield tag="700" ind1="1" ind2=" ">
    <subfield code="a">Blankett, Betsy</subfield>
    <subfield code="4">flm</subfield>
  </datafield>
  <datafield tag="700" ind1="1" ind2=" ">
    <subfield code="a">Martinez, Melecio.</subfield>
    <subfield code="4">cmp</subfield>
  </datafield>
  <datafield tag="700" ind1="1" ind2=" ">
    <subfield code="a">Wasco, David.</subfield>
  </datafield>
  <datafield tag="710" ind1="2" ind2=" ">
    <subfield code="a">Independent Productions, Ltd.</subfield>
  </datafield>
  <datafield tag="710" ind1="2" ind2=" ">
    <subfield code="a">American Playhouse Theatrical Films.</subfield>
  </datafield>
  <datafield tag="710" ind1="2" ind2=" ">
    <subfield code="a">Criterion Collection (Firm)</subfield>
  </datafield>
  <datafield tag="710" ind1="2" ind2=" ">
    <subfield code="a">Janus Films.</subfield>
  </datafield>
  <datafield tag="710" ind1="2" ind2=" ">
    <subfield code="a">Folkloristas.</subfield>
    <subfield code="4">cmp</subfield>
    <subfield code="4">prf</subfield>
  </datafield>
  <datafield tag="730" ind1="0" ind2=" ">
    <subfield code="a">Norte (Motion picture)</subfield>
  </datafield>
  <datafield tag="740" ind1="0" ind2="2">
    <subfield code="a">Journal of Diego Rodriguez Silva.</subfield>
  </datafield>
  <datafield tag="830" ind1=" " ind2="0">
    <subfield code="a">Criterion collection (DVD videodiscs) ;</subfield>
    <subfield code="v">458.</subfield>
  </datafield>
  
  
  
  
  
  
  
  
  
  
  
  
  
  
  
  
  
  
  
</record>