<record xmlns="http://www.loc.gov/MARC21/slim" xmlns:zs="http://docs.oasis-open.org/ns/search-ws/sruResponse">
  <leader>03520cam a2200601Ka 4500</leader>
  <controlfield tag="001">ocn682099989</controlfield>
  <controlfield tag="003">OCoLC</controlfield>
  <controlfield tag="005">20160312213841.0</controlfield>
  <controlfield tag="008">101117s1988    dcua    ob   f000 0 eng d</controlfield>
  <controlfield tag="006">m     o  d        </controlfield>
  <controlfield tag="007">cr bn||||abp||</controlfield>
  <controlfield tag="007">cr bn||||ada||</controlfield>
  <datafield tag="040" ind1=" " ind2=" ">
    <subfield code="a">OCLCE</subfield>
    <subfield code="b">eng</subfield>
    <subfield code="e">pn</subfield>
    <subfield code="c">OCLCE</subfield>
    <subfield code="d">OCLCQ</subfield>
    <subfield code="d">OCLCF</subfield>
    <subfield code="d">OCLCQ</subfield>
    <subfield code="d">OCLCO</subfield>
  </datafield>
  <datafield tag="019" ind1=" " ind2=" ">
    <subfield code="a">657298725</subfield>
  </datafield>
  <datafield tag="035" ind1=" " ind2=" ">
    <subfield code="a">(OCoLC)682099989</subfield>
    <subfield code="z">(OCoLC)657298725</subfield>
  </datafield>
  <datafield tag="042" ind1=" " ind2=" ">
    <subfield code="a">dlr</subfield>
  </datafield>
  <datafield tag="043" ind1=" " ind2=" ">
    <subfield code="a">n-us---</subfield>
    <subfield code="a">n-us-ut</subfield>
  </datafield>
  <datafield tag="050" ind1=" " ind2="4">
    <subfield code="a">KF26</subfield>
    <subfield code="b">.L2735 1987i</subfield>
  </datafield>
  <datafield tag="074" ind1=" " ind2=" ">
    <subfield code="a">1043-A, 1043-B (microfiche)</subfield>
  </datafield>
  <datafield tag="082" ind1="0" ind2="4">
    <subfield code="a">344.73/0769/0262</subfield>
    <subfield code="a">347.3047690262</subfield>
    <subfield code="2">20</subfield>
  </datafield>
  <datafield tag="086" ind1="0" ind2=" ">
    <subfield code="a">Y 4.L 11/4:S.hrg.100-377</subfield>
  </datafield>
  <datafield tag="110" ind1="1" ind2=" ">
    <subfield code="a">United States.</subfield>
    <subfield code="b">Congress.</subfield>
    <subfield code="b">Senate.</subfield>
    <subfield code="b">Committee on Labor and Human Resources.</subfield>
    <subfield code="b">Subcommittee on Education, Arts, and Humanities.</subfield>
  </datafield>
  <datafield tag="245" ind1="1" ind2="0">
    <subfield code="a">Magnet school assistance/impact aid programs</subfield>
    <subfield code="h">[electronic resource] :</subfield>
    <subfield code="b">hearings before the Subcommittee on Education, Arts, and Humanities of the Committee on Labor and Human Resources, United States Senate, One Hundredth Congress, first session on ... July 30, 1987, Washington, DC, August 26, 1987, Farmington, UT.</subfield>
  </datafield>
  <datafield tag="260" ind1=" " ind2=" ">
    <subfield code="a">Washington :</subfield>
    <subfield code="b">U.S. G.P.O. :</subfield>
    <subfield code="b">For sale by the Supt. of Docs., Congressional Sales Office, U.S. G.P.O.,</subfield>
    <subfield code="c">1988.</subfield>
  </datafield>
  <datafield tag="300" ind1=" " ind2=" ">
    <subfield code="a">1 online resource (iv, 254 pages) :</subfield>
    <subfield code="b">illustrations.</subfield>
  </datafield>
  <datafield tag="336" ind1=" " ind2=" ">
    <subfield code="a">text</subfield>
    <subfield code="b">txt</subfield>
    <subfield code="2">rdacontent</subfield>
  </datafield>
  <datafield tag="337" ind1=" " ind2=" ">
    <subfield code="a">computer</subfield>
    <subfield code="b">c</subfield>
    <subfield code="2">rdamedia</subfield>
  </datafield>
  <datafield tag="338" ind1=" " ind2=" ">
    <subfield code="a">online resource</subfield>
    <subfield code="b">cr</subfield>
    <subfield code="2">rdacarrier</subfield>
  </datafield>
  <datafield tag="490" ind1="1" ind2=" ">
    <subfield code="a">S. hrg. ;</subfield>
    <subfield code="v">100-377</subfield>
  </datafield>
  <datafield tag="500" ind1=" " ind2=" ">
    <subfield code="a">Distributed to some depository libraries in microfiche.</subfield>
  </datafield>
  <datafield tag="500" ind1=" " ind2=" ">
    <subfield code="a">Shipping list no.: 88-78-P.</subfield>
  </datafield>
  <datafield tag="504" ind1=" " ind2=" ">
    <subfield code="a">Includes bibliographical references (p. 68).</subfield>
  </datafield>
  <datafield tag="500" ind1=" " ind2=" ">
    <subfield code="a">Item 1043-A, 1043-B (microfiche).</subfield>
  </datafield>
  <datafield tag="506" ind1=" " ind2=" ">
    <subfield code="3">Use copy</subfield>
    <subfield code="f">Restrictions unspecified</subfield>
    <subfield code="2">star</subfield>
    <subfield code="5">MiAaHDL</subfield>
  </datafield>
  <datafield tag="533" ind1=" " ind2=" ">
    <subfield code="a">Electronic reproduction.</subfield>
    <subfield code="b">[S.l.] :</subfield>
    <subfield code="c">HathiTrust Digital Library,</subfield>
    <subfield code="d">2010.</subfield>
    <subfield code="5">MiAaHDL</subfield>
  </datafield>
  <datafield tag="538" ind1=" " ind2=" ">
    <subfield code="a">Master and use copy. Digital master created according to Benchmark for Faithful Digital Reproductions of Monographs and Serials, Version 1. Digital Library Federation, December 2002.</subfield>
    <subfield code="u">http://purl.oclc.org/DLF/benchrepro0212</subfield>
    <subfield code="5">MiAaHDL</subfield>
  </datafield>
  <datafield tag="583" ind1="1" ind2=" ">
    <subfield code="a">digitized</subfield>
    <subfield code="c">2010</subfield>
    <subfield code="h">HathiTrust Digital Library</subfield>
    <subfield code="l">committed to preserve</subfield>
    <subfield code="2">pda</subfield>
    <subfield code="5">MiAaHDL</subfield>
  </datafield>
  <datafield tag="588" ind1=" " ind2=" ">
    <subfield code="a">Description based on print version record.</subfield>
  </datafield>
  <datafield tag="650" ind1=" " ind2="0">
    <subfield code="a">Federal aid to education</subfield>
    <subfield code="z">United States.</subfield>
  </datafield>
  <datafield tag="650" ind1=" " ind2="0">
    <subfield code="a">Magnet schools</subfield>
    <subfield code="z">United States.</subfield>
  </datafield>
  <datafield tag="650" ind1=" " ind2="0">
    <subfield code="a">Magnet schools</subfield>
    <subfield code="z">Utah.</subfield>
  </datafield>
  <datafield tag="650" ind1=" " ind2="7">
    <subfield code="a">Federal aid to education.</subfield>
    <subfield code="2">fast</subfield>
    <subfield code="0">(OCoLC)fst00922186</subfield>
  </datafield>
  <datafield tag="650" ind1=" " ind2="7">
    <subfield code="a">Magnet schools.</subfield>
    <subfield code="2">fast</subfield>
    <subfield code="0">(OCoLC)fst01005644</subfield>
  </datafield>
  <datafield tag="651" ind1=" " ind2="7">
    <subfield code="a">United States.</subfield>
    <subfield code="2">fast</subfield>
    <subfield code="0">(OCoLC)fst01204155</subfield>
  </datafield>
  <datafield tag="651" ind1=" " ind2="7">
    <subfield code="a">Utah.</subfield>
    <subfield code="2">fast</subfield>
    <subfield code="0">(OCoLC)fst01204563</subfield>
  </datafield>
  <datafield tag="776" ind1="0" ind2="8">
    <subfield code="i">Print version:</subfield>
    <subfield code="a">United States. Congress. Senate. Committee on Labor and Human Resources. Subcommittee on Education, Arts, and Humanities.</subfield>
    <subfield code="t">Magnet school assistance/impact aid programs.</subfield>
    <subfield code="d">Washington : U.S.G.P.O. : For sale by the Supt. of Docs., Congressional Sales Office, U.S.G.P.O., 1988</subfield>
    <subfield code="w">(DLC)   88601105</subfield>
    <subfield code="w">(OCoLC)17490623</subfield>
  </datafield>
  <datafield tag="810" ind1="1" ind2=" ">
    <subfield code="a">United States.</subfield>
    <subfield code="b">Congress.</subfield>
    <subfield code="b">Senate.</subfield>
    <subfield code="t">S. hrg. ;</subfield>
    <subfield code="v">100-377.</subfield>
  </datafield>
  <datafield tag="856" ind1="4" ind2="0">
    <subfield code="3">HathiTrust Digital Library, Limited view (search only)</subfield>
    <subfield code="u">http://catalog.hathitrust.org/api/volumes/oclc/17490623.html</subfield>
  </datafield>
  
  
  
  
  
</record>