<record xmlns="http://www.loc.gov/MARC21/slim" xmlns:zs="http://docs.oasis-open.org/ns/search-ws/sruResponse">
  <leader>03389cam a22006254a 4500</leader>
  <controlfield tag="001">ocm74888769 </controlfield>
  <controlfield tag="003">OCoLC</controlfield>
  <controlfield tag="005">20160312213652.0</controlfield>
  <controlfield tag="008">061113s2006    dcua     b   f000 0 eng c</controlfield>
  <datafield tag="010" ind1=" " ind2=" ">
    <subfield code="a">  2006470116</subfield>
  </datafield>
  <datafield tag="040" ind1=" " ind2=" ">
    <subfield code="a">GPO</subfield>
    <subfield code="b">eng</subfield>
    <subfield code="c">GPO</subfield>
    <subfield code="d">DLC</subfield>
    <subfield code="d">OHO</subfield>
    <subfield code="d">BTCTA</subfield>
    <subfield code="d">SOS</subfield>
    <subfield code="d">OCLCQ</subfield>
  </datafield>
  <datafield tag="020" ind1=" " ind2=" ">
    <subfield code="a">0160773539</subfield>
  </datafield>
  <datafield tag="020" ind1=" " ind2=" ">
    <subfield code="a">9780160773532</subfield>
  </datafield>
  <datafield tag="035" ind1=" " ind2=" ">
    <subfield code="a">(OCoLC)74888769</subfield>
  </datafield>
  <datafield tag="037" ind1=" " ind2=" ">
    <subfield code="a">552-070-34907-3</subfield>
    <subfield code="b">GPO</subfield>
  </datafield>
  <datafield tag="042" ind1=" " ind2=" ">
    <subfield code="a">pcc</subfield>
  </datafield>
  <datafield tag="043" ind1=" " ind2=" ">
    <subfield code="a">n-us---</subfield>
    <subfield code="a">n-mx---</subfield>
  </datafield>
  <datafield tag="050" ind1="0" ind2="0">
    <subfield code="a">KF27</subfield>
    <subfield code="b">.J8 2006a</subfield>
  </datafield>
  <datafield tag="074" ind1=" " ind2=" ">
    <subfield code="a">1020-A</subfield>
  </datafield>
  <datafield tag="074" ind1=" " ind2=" ">
    <subfield code="a">1020-A (online)</subfield>
  </datafield>
  <datafield tag="074" ind1=" " ind2=" ">
    <subfield code="a">1020-B (MF)</subfield>
  </datafield>
  <datafield tag="074" ind1=" " ind2=" ">
    <subfield code="a">1020-B (online)</subfield>
  </datafield>
  <datafield tag="086" ind1="0" ind2=" ">
    <subfield code="a">Y 4.J 89/1:109-135</subfield>
  </datafield>
  <datafield tag="088" ind1=" " ind2=" ">
    <subfield code="a">Serial no. 109-135 (United States. Congress. House. Committee on the Judiciary)</subfield>
  </datafield>
  <datafield tag="110" ind1="1" ind2=" ">
    <subfield code="a">United States.</subfield>
    <subfield code="b">Congress.</subfield>
    <subfield code="b">House.</subfield>
    <subfield code="b">Committee on the Judiciary.</subfield>
  </datafield>
  <datafield tag="245" ind1="1" ind2="0">
    <subfield code="a">How does illegal immigration impact American taxpayers and will the Reid-Kennedy amnesty worsen the blow? :</subfield>
    <subfield code="b">hearing before the Committee on the Judiciary, House of Representatives, One Hundred Ninth Congress, second session, August 2, 2006.</subfield>
  </datafield>
  <datafield tag="260" ind1=" " ind2=" ">
    <subfield code="a">Washington :</subfield>
    <subfield code="b">U.S. G.P.O. :</subfield>
    <subfield code="b">For sale by the Supt. of Docs., U.S. G.P.O.,</subfield>
    <subfield code="c">2006.</subfield>
  </datafield>
  <datafield tag="300" ind1=" " ind2=" ">
    <subfield code="a">iii, 104 pages :</subfield>
    <subfield code="b">illustrations ;</subfield>
    <subfield code="c">24 cm</subfield>
  </datafield>
  <datafield tag="336" ind1=" " ind2=" ">
    <subfield code="a">text</subfield>
    <subfield code="b">txt</subfield>
    <subfield code="2">rdacontent</subfield>
  </datafield>
  <datafield tag="337" ind1=" " ind2=" ">
    <subfield code="a">unmediated</subfield>
    <subfield code="b">n</subfield>
    <subfield code="2">rdamedia</subfield>
  </datafield>
  <datafield tag="338" ind1=" " ind2=" ">
    <subfield code="a">volume</subfield>
    <subfield code="b">nc</subfield>
    <subfield code="2">rdacarrier</subfield>
  </datafield>
  <datafield tag="500" ind1=" " ind2=" ">
    <subfield code="a">Distributed to some depository libraries in microfiche.</subfield>
  </datafield>
  <datafield tag="500" ind1=" " ind2=" ">
    <subfield code="a">Shipping list no.: 2007-0032-P.</subfield>
  </datafield>
  <datafield tag="500" ind1=" " ind2=" ">
    <subfield code="a">"Serial no. 109-135."</subfield>
  </datafield>
  <datafield tag="505" ind1="2" ind2=" ">
    <subfield code="a">Amnesty and continued low skill immigration will substantially raise welfare costs and poverty -- Impacts of border enforcement on Mexican migration.</subfield>
  </datafield>
  <datafield tag="504" ind1=" " ind2=" ">
    <subfield code="a">Includes bibliographical references.</subfield>
  </datafield>
  <datafield tag="530" ind1=" " ind2=" ">
    <subfield code="a">Also available via Internet from the GPO Access web site. Address as of 11/3/06: http://frwebgate.access.gpo.gov/cgi-bin/getdoc.cgi?dbname=109%5Fhouse%5Fhearings&amp;docid=f:29329.pdf; current access is available via PURL.</subfield>
  </datafield>
  <datafield tag="650" ind1=" " ind2="0">
    <subfield code="a">Illegal aliens</subfield>
    <subfield code="x">Services for</subfield>
    <subfield code="z">United States</subfield>
    <subfield code="x">Costs.</subfield>
  </datafield>
  <datafield tag="650" ind1=" " ind2="0">
    <subfield code="a">Amnesty</subfield>
    <subfield code="x">Government policy</subfield>
    <subfield code="z">United States.</subfield>
  </datafield>
  <datafield tag="650" ind1=" " ind2="0">
    <subfield code="a">Aliens</subfield>
    <subfield code="x">Taxation</subfield>
    <subfield code="z">United States.</subfield>
  </datafield>
  <datafield tag="650" ind1=" " ind2="0">
    <subfield code="a">Illegal aliens</subfield>
    <subfield code="z">Mexican-American Border Region.</subfield>
  </datafield>
  <datafield tag="651" ind1=" " ind2="0">
    <subfield code="a">United States</subfield>
    <subfield code="x">Emigration and immigration</subfield>
    <subfield code="x">Costs.</subfield>
  </datafield>
  <datafield tag="651" ind1=" " ind2="0">
    <subfield code="a">United States</subfield>
    <subfield code="x">Emigration and immigration</subfield>
    <subfield code="x">Government policy.</subfield>
  </datafield>
  <datafield tag="776" ind1="0" ind2="8">
    <subfield code="i">Online version:</subfield>
    <subfield code="a">United States. Congress. House. Committee on the Judiciary.</subfield>
    <subfield code="t">How does illegal immigration impact American taxpayers and will the Reid-Kennedy amnesty worsen the blow?</subfield>
    <subfield code="d">Washington : U.S.G.P.O. : For sale by the Supt. of Docs., U.S.G.P.O., 2006</subfield>
    <subfield code="w">(OCoLC)651689706</subfield>
  </datafield>
  <datafield tag="856" ind1="4" ind2="1">
    <subfield code="u">http://purl.access.gpo.gov/GPO/LPS75599</subfield>
  </datafield>
  
  
  
  
  
  
  
  
  
  
</record>