<record xmlns="http://www.loc.gov/MARC21/slim" xmlns:zs="http://docs.oasis-open.org/ns/search-ws/sruResponse">
  <leader>05108cam a2200577Mc 4500</leader>
  <controlfield tag="001">ocn464890807</controlfield>
  <controlfield tag="003">OCoLC</controlfield>
  <controlfield tag="005">20160312213956.0</controlfield>
  <controlfield tag="008">030311s2002    xxu           000 0 eng d</controlfield>
  <datafield tag="040" ind1=" " ind2=" ">
    <subfield code="a">DKDLA</subfield>
    <subfield code="b">dan</subfield>
    <subfield code="c">DKDLA</subfield>
    <subfield code="d">OCLCF</subfield>
    <subfield code="d">OCLCO</subfield>
  </datafield>
  <datafield tag="019" ind1=" " ind2=" ">
    <subfield code="a">768405152</subfield>
  </datafield>
  <datafield tag="020" ind1=" " ind2=" ">
    <subfield code="a">0521814081</subfield>
  </datafield>
  <datafield tag="020" ind1=" " ind2=" ">
    <subfield code="a">9780521814089</subfield>
  </datafield>
  <datafield tag="035" ind1=" " ind2=" ">
    <subfield code="a">(OCoLC)464890807</subfield>
    <subfield code="z">(OCoLC)768405152</subfield>
  </datafield>
  <datafield tag="050" ind1="1" ind2="4">
    <subfield code="a">HD2341</subfield>
    <subfield code="b">.S363 2002</subfield>
  </datafield>
  <datafield tag="082" ind1="0" ind2="4">
    <subfield code="a">330</subfield>
    <subfield code="2">21</subfield>
  </datafield>
  <datafield tag="084" ind1=" " ind2=" ">
    <subfield code="a">330</subfield>
    <subfield code="2">z</subfield>
  </datafield>
  <datafield tag="245" ind1="0" ind2="4">
    <subfield code="a">The shadow economy :</subfield>
    <subfield code="b">theoretical approaches, empirical studies, and political implications /</subfield>
    <subfield code="c">Friedrich Schneider, Dominik H. Enste</subfield>
  </datafield>
  <datafield tag="260" ind1=" " ind2=" ">
    <subfield code="a">New York :</subfield>
    <subfield code="b">Cambridge University Press,</subfield>
    <subfield code="c">2002</subfield>
  </datafield>
  <datafield tag="300" ind1=" " ind2=" ">
    <subfield code="a">222 s. :</subfield>
    <subfield code="b">ill.</subfield>
  </datafield>
  <datafield tag="504" ind1=" " ind2=" ">
    <subfield code="a">Includes bibliographical references and index</subfield>
  </datafield>
  <datafield tag="505" ind1="0" ind2=" ">
    <subfield code="a">1. The shadow economy -- a challenge for economic and social policy; 2. Defining the shadow economy; 3. Methods to estimate the size of the shadow economy; 3.1. Direct approaches; 3.2. Indirect approaches; 3.3. The model approach; 3.4. Summary of the methods to estimate the size of the shadow economy; 4. Size of shadow economies around the world; 4.1. The results for 76 countries; 4.2. The development of the shadow economy in the OECD countries from 1970-1999; 4.3. Comparing the results for different estimation methods; 5. The size of the shadow economy labour force; 5.1. Illicit work and the shadow economy labour force; 5.2. Developing countries; 5.3. Transition countries; 5.4. OECD-countries; 6. An integrated approach to explain deviant behaviour; 6.1. Structure of the model; 6.2. Criticising the neo-classic and welfare-theoretic considerations; 6.3. Micro-economic foundation; 6.4. Institutional and sociological aspects; 6.5. Explanatory approaches in socio- and finance psychology; 6.6. An integrative approach; 6.7. An evolutionary theory of the shadow economy; 7. Analysing the causes and measures of economic policy; 7.1. Government failure -- the main cause for illicit work; 7.2. Growing tax burden in the official sector; 7.3. Density of regulation; 7.4. Working hours agreements; 7.5. Empirical examination of the influence of main causes; 7.6. Control frequency and the level of punishment; 7.7. (Tax-) moral and the supply of public goods; 8. Effects of the increasing shadow economy; 8.1. Allocation effects; 8.2. Distribution effects; 8.3. Stabilisation effects; 8.4. Fiscal effects; 9. 'The two-pillar-strategy'; 9.1. On the necessity for a rational economic policy; 9.2. 'Exit' and 'voice' as behavioural options; 9.3. Decreasing the attractiveness of the 'exit'-option; 9.4. Strengthening the voice-option; 9.5. Legalising illicit work?; 9.6. Combating illicit work -- the perspective of the public choice theory; 10. Conclusion and outlook.</subfield>
  </datafield>
  <datafield tag="520" ind1="8" ind2=" ">
    <subfield code="a">Illicit work, social security fraud, economic crime and other shadow economy activities are fast becoming an international problem. Friedrich Schneider and Dominik H. Enste use currency demand, physical input (electricity) method, and the model approach, to estimate the size of the shadow economy in 76 developing, transition and OECD-countries. They argue that during the 1990s the average size of a shadow economy varied from 12% of GDP for OECD, to 23% for transition and to 39% for developing countries. They examine the causes and consequences of this development using an integrated approach explaining deviant behaviour, which combines the findings of economic, sociological and psychological research. The authors suggest that increasing taxation, social security contributions, rising state regulatory activities and the decline of the tax morale, are all driving forces behind this growth, especially in OECD-countries. They propose a reform of state institutions to improve the dynamics of the official economy.</subfield>
  </datafield>
  <datafield tag="650" ind1=" " ind2="0">
    <subfield code="a">Informal sector (Economics)</subfield>
  </datafield>
  <datafield tag="650" ind1=" " ind2="0">
    <subfield code="a">Business enterprises</subfield>
    <subfield code="x">Corrupt practices.</subfield>
  </datafield>
  <datafield tag="650" ind1=" " ind2="0">
    <subfield code="a">Commercial crimes.</subfield>
  </datafield>
  <datafield tag="650" ind1=" " ind2="0">
    <subfield code="a">Tax evasion.</subfield>
  </datafield>
  <datafield tag="650" ind1=" " ind2="0">
    <subfield code="a">Illegal aliens.</subfield>
  </datafield>
  <datafield tag="650" ind1=" " ind2="0">
    <subfield code="a">Welfare fraud.</subfield>
  </datafield>
  <datafield tag="650" ind1=" " ind2="0">
    <subfield code="a">Fraud.</subfield>
  </datafield>
  <datafield tag="650" ind1=" " ind2="4">
    <subfield code="a">sort arbejde</subfield>
  </datafield>
  <datafield tag="650" ind1=" " ind2="4">
    <subfield code="a">økonomisk kriminalitet</subfield>
  </datafield>
  <datafield tag="650" ind1=" " ind2="4">
    <subfield code="a">informal sector</subfield>
  </datafield>
  <datafield tag="650" ind1=" " ind2="7">
    <subfield code="a">Business enterprises</subfield>
    <subfield code="x">Corrupt practices.</subfield>
    <subfield code="2">fast</subfield>
    <subfield code="0">(OCoLC)fst00842538</subfield>
  </datafield>
  <datafield tag="650" ind1=" " ind2="7">
    <subfield code="a">Commercial crimes.</subfield>
    <subfield code="2">fast</subfield>
    <subfield code="0">(OCoLC)fst00869469</subfield>
  </datafield>
  <datafield tag="650" ind1=" " ind2="7">
    <subfield code="a">Fraud.</subfield>
    <subfield code="2">fast</subfield>
    <subfield code="0">(OCoLC)fst00933786</subfield>
  </datafield>
  <datafield tag="650" ind1=" " ind2="7">
    <subfield code="a">Illegal aliens.</subfield>
    <subfield code="2">fast</subfield>
    <subfield code="0">(OCoLC)fst00967153</subfield>
  </datafield>
  <datafield tag="650" ind1=" " ind2="7">
    <subfield code="a">Informal sector (Economics)</subfield>
    <subfield code="2">fast</subfield>
    <subfield code="0">(OCoLC)fst00972518</subfield>
  </datafield>
  <datafield tag="650" ind1=" " ind2="7">
    <subfield code="a">Tax evasion.</subfield>
    <subfield code="2">fast</subfield>
    <subfield code="0">(OCoLC)fst01143749</subfield>
  </datafield>
  <datafield tag="650" ind1=" " ind2="7">
    <subfield code="a">Welfare fraud.</subfield>
    <subfield code="2">fast</subfield>
    <subfield code="0">(OCoLC)fst01173626</subfield>
  </datafield>
  <datafield tag="700" ind1="1" ind2=" ">
    <subfield code="a">Schneider, Friedrich</subfield>
  </datafield>
  <datafield tag="700" ind1="1" ind2=" ">
    <subfield code="a">Enste, Dominik</subfield>
  </datafield>
  <datafield tag="856" ind1=" " ind2=" ">
    <subfield code="3">Publisher description</subfield>
    <subfield code="u">http://catdir.loc.gov/catdir/description/cam022/2002067089.html</subfield>
  </datafield>
  <datafield tag="856" ind1=" " ind2=" ">
    <subfield code="3">Table of contents</subfield>
    <subfield code="u">http://catdir.loc.gov/catdir/toc/cam021/2002067089.html</subfield>
  </datafield>
  
  
  
  
  
  
  
</record>