<record xmlns="http://www.loc.gov/MARC21/slim" xmlns:zs="http://docs.oasis-open.org/ns/search-ws/sruResponse">
  <leader>05090cam a2200865La 4500</leader>
  <controlfield tag="001">ocn732958118</controlfield>
  <controlfield tag="003">OCoLC</controlfield>
  <controlfield tag="005">20160312213638.0</controlfield>
  <controlfield tag="008">101004s2011    nyu     ob    001 0 eng d</controlfield>
  <controlfield tag="006">m     o  d        </controlfield>
  <controlfield tag="007">cr mn|||||||||</controlfield>
  <datafield tag="040" ind1=" " ind2=" ">
    <subfield code="a">E7B</subfield>
    <subfield code="b">eng</subfield>
    <subfield code="e">pn</subfield>
    <subfield code="c">E7B</subfield>
    <subfield code="d">OCLCQ</subfield>
    <subfield code="d">CDX</subfield>
    <subfield code="d">YDXCP</subfield>
    <subfield code="d">OSU</subfield>
    <subfield code="d">OCLCQ</subfield>
    <subfield code="d">N$T</subfield>
    <subfield code="d">TEFOD</subfield>
    <subfield code="d">GPM</subfield>
    <subfield code="d">OCLCQ</subfield>
    <subfield code="d">JSTOR</subfield>
    <subfield code="d">OCLCF</subfield>
    <subfield code="d">COO</subfield>
    <subfield code="d">EBLCP</subfield>
    <subfield code="d">DEBSZ</subfield>
    <subfield code="d">TEFOD</subfield>
    <subfield code="d">OCLCQ</subfield>
    <subfield code="d">DEBBG</subfield>
  </datafield>
  <datafield tag="019" ind1=" " ind2=" ">
    <subfield code="a">727021267</subfield>
    <subfield code="a">811414339</subfield>
    <subfield code="a">818856401</subfield>
  </datafield>
  <datafield tag="020" ind1=" " ind2=" ">
    <subfield code="a">9780231522243</subfield>
    <subfield code="q">(electronic bk.)</subfield>
  </datafield>
  <datafield tag="020" ind1=" " ind2=" ">
    <subfield code="a">023152224X</subfield>
    <subfield code="q">(electronic bk.)</subfield>
  </datafield>
  <datafield tag="020" ind1=" " ind2=" ">
    <subfield code="z">9780231151283</subfield>
    <subfield code="q">(cloth ;</subfield>
    <subfield code="q">alk. paper)</subfield>
  </datafield>
  <datafield tag="020" ind1=" " ind2=" ">
    <subfield code="z">0231151284</subfield>
    <subfield code="q">(cloth ;</subfield>
    <subfield code="q">alk. paper)</subfield>
  </datafield>
  <datafield tag="035" ind1=" " ind2=" ">
    <subfield code="a">(OCoLC)732958118</subfield>
    <subfield code="z">(OCoLC)727021267</subfield>
    <subfield code="z">(OCoLC)811414339</subfield>
    <subfield code="z">(OCoLC)818856401</subfield>
  </datafield>
  <datafield tag="037" ind1=" " ind2=" ">
    <subfield code="a">22573/cttgs36d</subfield>
    <subfield code="b">JSTOR</subfield>
  </datafield>
  <datafield tag="037" ind1=" " ind2=" ">
    <subfield code="a">782A285E-CE2B-4FB0-B5DB-97B14B079E72</subfield>
    <subfield code="b">OverDrive, Inc.</subfield>
    <subfield code="n">http://www.overdrive.com</subfield>
  </datafield>
  <datafield tag="050" ind1=" " ind2="4">
    <subfield code="a">JV6271</subfield>
    <subfield code="b">.M36 2011eb</subfield>
  </datafield>
  <datafield tag="072" ind1=" " ind2="7">
    <subfield code="a">SOC</subfield>
    <subfield code="x">007000</subfield>
    <subfield code="2">bisacsh</subfield>
  </datafield>
  <datafield tag="072" ind1=" " ind2="7">
    <subfield code="a">POL000000</subfield>
    <subfield code="2">bisacsh</subfield>
  </datafield>
  <datafield tag="072" ind1=" " ind2="7">
    <subfield code="a">LAW026000</subfield>
    <subfield code="2">bisacsh</subfield>
  </datafield>
  <datafield tag="082" ind1="0" ind2="4">
    <subfield code="a">325</subfield>
    <subfield code="2">22</subfield>
  </datafield>
  <datafield tag="100" ind1="1" ind2=" ">
    <subfield code="a">McNevin, Anne.</subfield>
  </datafield>
  <datafield tag="245" ind1="1" ind2="0">
    <subfield code="a">Contesting citizenship</subfield>
    <subfield code="h">[electronic resource] :</subfield>
    <subfield code="b">irregular migrants and new frontiers of the political /</subfield>
    <subfield code="c">Anne McNevin.</subfield>
  </datafield>
  <datafield tag="260" ind1=" " ind2=" ">
    <subfield code="a">New York :</subfield>
    <subfield code="b">Columbia University Press,</subfield>
    <subfield code="c">©2011.</subfield>
  </datafield>
  <datafield tag="300" ind1=" " ind2=" ">
    <subfield code="a">1 online resource (x, 223 pages)</subfield>
  </datafield>
  <datafield tag="336" ind1=" " ind2=" ">
    <subfield code="a">text</subfield>
    <subfield code="b">txt</subfield>
    <subfield code="2">rdacontent</subfield>
  </datafield>
  <datafield tag="337" ind1=" " ind2=" ">
    <subfield code="a">computer</subfield>
    <subfield code="b">c</subfield>
    <subfield code="2">rdamedia</subfield>
  </datafield>
  <datafield tag="338" ind1=" " ind2=" ">
    <subfield code="a">online resource</subfield>
    <subfield code="b">cr</subfield>
    <subfield code="2">rdacarrier</subfield>
  </datafield>
  <datafield tag="504" ind1=" " ind2=" ">
    <subfield code="a">Includes bibliographical references (pages 193-218) and index.</subfield>
  </datafield>
  <datafield tag="505" ind1="0" ind2=" ">
    <subfield code="a">Irregular migrants and new frontiers of the political -- The globalizing state : remaking sovereignty and citizenship -- Policing Australia's borders : new terrains of sovereign practice -- Acts of contestation : the sans-papiers of France -- From city to citizen : modes of belonging in the United States -- Conclusion : contentious spaces of political belonging.</subfield>
  </datafield>
  <datafield tag="588" ind1="0" ind2=" ">
    <subfield code="a">Print version record.</subfield>
  </datafield>
  <datafield tag="520" ind1=" " ind2=" ">
    <subfield code="a">Irregular migrants complicate the boundaries of citizenship and stretch the parameters of political belonging. Comprised of refugees, asylum seekers, ""illegal"" labor migrants, and stateless persons, this group of migrants occupies new sovereign spaces that generate new subjectivities. Investigating the role of irregular migrants in the transformation of citizenship, Anne McNevin argues that irregular status is an immanent (rather than aberrant) condition of global capitalism, formed by the fast-tracked processes of globalization. McNevin casts irregular migrants as more than mere.</subfield>
  </datafield>
  <datafield tag="650" ind1=" " ind2="0">
    <subfield code="a">Emigration and immigration</subfield>
    <subfield code="x">Government policy.</subfield>
  </datafield>
  <datafield tag="650" ind1=" " ind2="0">
    <subfield code="a">Citizenship.</subfield>
  </datafield>
  <datafield tag="650" ind1=" " ind2="0">
    <subfield code="a">Illegal aliens.</subfield>
  </datafield>
  <datafield tag="650" ind1=" " ind2="4">
    <subfield code="a">Citizenship.</subfield>
  </datafield>
  <datafield tag="650" ind1=" " ind2="4">
    <subfield code="a">Emigration and immigration</subfield>
    <subfield code="x">Government policy.</subfield>
  </datafield>
  <datafield tag="650" ind1=" " ind2="4">
    <subfield code="a">Emigration and immigration.</subfield>
  </datafield>
  <datafield tag="650" ind1=" " ind2="4">
    <subfield code="a">Illegal aliens.</subfield>
  </datafield>
  <datafield tag="650" ind1=" " ind2="7">
    <subfield code="a">SOCIAL SCIENCE</subfield>
    <subfield code="x">Emigration &amp; Immigration.</subfield>
    <subfield code="2">bisacsh</subfield>
  </datafield>
  <datafield tag="650" ind1=" " ind2="7">
    <subfield code="a">POLITICAL SCIENCE</subfield>
    <subfield code="x">General.</subfield>
    <subfield code="2">bisacsh</subfield>
  </datafield>
  <datafield tag="650" ind1=" " ind2="7">
    <subfield code="a">Citizenship.</subfield>
    <subfield code="2">fast</subfield>
    <subfield code="0">(OCoLC)fst00861909</subfield>
  </datafield>
  <datafield tag="650" ind1=" " ind2="7">
    <subfield code="a">Emigration and immigration</subfield>
    <subfield code="x">Government policy.</subfield>
    <subfield code="2">fast</subfield>
    <subfield code="0">(OCoLC)fst00908700</subfield>
  </datafield>
  <datafield tag="650" ind1=" " ind2="7">
    <subfield code="a">Illegal aliens.</subfield>
    <subfield code="2">fast</subfield>
    <subfield code="0">(OCoLC)fst00967153</subfield>
  </datafield>
  <datafield tag="655" ind1=" " ind2="4">
    <subfield code="a">Electronic books.</subfield>
  </datafield>
  <datafield tag="776" ind1="0" ind2="8">
    <subfield code="i">Print version:</subfield>
    <subfield code="a">McNevin, Anne.</subfield>
    <subfield code="t">Contesting citizenship.</subfield>
    <subfield code="d">New York : Columbia University Press, ©2011</subfield>
    <subfield code="z">9780231151283</subfield>
    <subfield code="w">(DLC)  2010042545</subfield>
    <subfield code="w">(OCoLC)668404454</subfield>
  </datafield>
  <datafield tag="856" ind1="4" ind2="0">
    <subfield code="3">Ebook Library</subfield>
    <subfield code="u">http://public.eblib.com/choice/publicfullrecord.aspx?p=908824</subfield>
  </datafield>
  <datafield tag="856" ind1="4" ind2="0">
    <subfield code="3">ebrary</subfield>
    <subfield code="u">http://site.ebrary.com/id/10469153</subfield>
  </datafield>
  <datafield tag="856" ind1="4" ind2="0">
    <subfield code="3">EBSCOhost</subfield>
    <subfield code="u">http://search.ebscohost.com/login.aspx?direct=true&amp;scope=site&amp;db=nlebk&amp;db=nlabk&amp;AN=461116</subfield>
  </datafield>
  <datafield tag="856" ind1="4" ind2="0">
    <subfield code="3">JSTOR</subfield>
    <subfield code="u">http://www.jstor.org/stable/10.7312/mcne15128</subfield>
  </datafield>
  <datafield tag="856" ind1="4" ind2="0">
    <subfield code="3">OverDrive</subfield>
    <subfield code="u">https://www.overdrive.com/search?q=782A285E-CE2B-4FB0-B5DB-97B14B079E72</subfield>
  </datafield>
  <datafield tag="856" ind1="4" ind2=" ">
    <subfield code="3">Excerpt</subfield>
    <subfield code="u">http://excerpts.cdn.overdrive.com/FormatType-410/1486-1/782/A28/5E/ContestingCitizenship9780231522243.epub</subfield>
  </datafield>
  <datafield tag="856" ind1="4" ind2=" ">
    <subfield code="3">Excerpt</subfield>
    <subfield code="u">https://samples.overdrive.com/?crid=782A285E-CE2B-4FB0-B5DB-97B14B079E72&amp;.epub-sample.overdrive.com</subfield>
  </datafield>
  <datafield tag="856" ind1="4" ind2=" ">
    <subfield code="3">Image</subfield>
    <subfield code="u">http://images.contentreserve.com/ImageType-100/1486-1/{782A285E-CE2B-4FB0-B5DB-97B14B079E72}Img100.jpg</subfield>
  </datafield>
  <datafield tag="856" ind1="4" ind2=" ">
    <subfield code="u">http://www.degruyter.com/doi/book/10.7312/mcne15128</subfield>
    <subfield code="x">Verlag</subfield>
    <subfield code="3">Volltext</subfield>
  </datafield>
  
  
  
  
  
  
  
  
  
  
  
  
  
  
  
  
</record>