<record xmlns="http://www.loc.gov/MARC21/slim" xmlns:zs="http://docs.oasis-open.org/ns/search-ws/sruResponse">
  <leader>04605cgm a2200925Ia 4500</leader>
  <controlfield tag="001">ocn707367724</controlfield>
  <controlfield tag="003">OCoLC</controlfield>
  <controlfield tag="005">20160312213802.0</controlfield>
  <controlfield tag="008">110315s2011    nyu095        q   vleng d</controlfield>
  <controlfield tag="007">vd cvaizq</controlfield>
  <datafield tag="040" ind1=" " ind2=" ">
    <subfield code="a">CPX</subfield>
    <subfield code="b">eng</subfield>
    <subfield code="c">CPX</subfield>
    <subfield code="d">OCLCQ</subfield>
    <subfield code="d">IBI</subfield>
    <subfield code="d">WAU</subfield>
    <subfield code="d">WCM</subfield>
  </datafield>
  <datafield tag="035" ind1=" " ind2=" ">
    <subfield code="a">(OCoLC)707367724</subfield>
  </datafield>
  <datafield tag="041" ind1="1" ind2=" ">
    <subfield code="a">fre</subfield>
    <subfield code="a">rus</subfield>
    <subfield code="a">ita</subfield>
    <subfield code="j">eng</subfield>
    <subfield code="h">fre</subfield>
    <subfield code="h">rus</subfield>
    <subfield code="h">ita</subfield>
    <subfield code="g">eng</subfield>
  </datafield>
  <datafield tag="043" ind1=" " ind2=" ">
    <subfield code="a">e-be---</subfield>
  </datafield>
  <datafield tag="046" ind1=" " ind2=" ">
    <subfield code="k">2009</subfield>
  </datafield>
  <datafield tag="046" ind1=" " ind2=" ">
    <subfield code="k">2010</subfield>
  </datafield>
  <datafield tag="050" ind1=" " ind2="4">
    <subfield code="a">PN1997.2</subfield>
    <subfield code="b">.I4544 2011</subfield>
  </datafield>
  <datafield tag="245" ind1="0" ind2="0">
    <subfield code="a">Illégal</subfield>
    <subfield code="h">[videorecording] /</subfield>
    <subfield code="c">Versus production ; un film écrit et réalisé par Olivier Masset-Depasse ; produit par Jacques Henri &amp; Olivier Bronckart ; un production Versus Production en coproduction avec Iris Productions, Dharamsala, Prime Time, RTBF (Télévision Belge).</subfield>
  </datafield>
  <datafield tag="257" ind1=" " ind2=" ">
    <subfield code="a">Belgium</subfield>
    <subfield code="a">Luxembourg</subfield>
    <subfield code="a">France</subfield>
    <subfield code="a">Italy</subfield>
    <subfield code="2">naf</subfield>
  </datafield>
  <datafield tag="260" ind1=" " ind2=" ">
    <subfield code="a">New York :</subfield>
    <subfield code="b">Film Movement,</subfield>
    <subfield code="c">[2011]</subfield>
  </datafield>
  <datafield tag="300" ind1=" " ind2=" ">
    <subfield code="a">1 videodisc (95 min.) :</subfield>
    <subfield code="b">sd., col. ;</subfield>
    <subfield code="c">4 3/4 in.</subfield>
  </datafield>
  <datafield tag="490" ind1="1" ind2=" ">
    <subfield code="a">Film Movement series ;</subfield>
    <subfield code="v">year 9, film 1</subfield>
  </datafield>
  <datafield tag="538" ind1=" " ind2=" ">
    <subfield code="a">DVD, NTSC, Region 1. 5.1 Surround sound. Presentation 16:9.</subfield>
  </datafield>
  <datafield tag="546" ind1=" " ind2=" ">
    <subfield code="a">In French and Russian with optional English subtitles; closed-captioned in English. Short movie language, Italian with English subtitles.</subfield>
  </datafield>
  <datafield tag="511" ind1="1" ind2=" ">
    <subfield code="a">Anne Coesens, Alexandre Gontcharov, Essé Lawson, Gabriela Perez.</subfield>
  </datafield>
  <datafield tag="508" ind1=" " ind2=" ">
    <subfield code="a">Music, Lingo, André Dziezuk, Marc Mergen ; editor, Damien Keyeux ; cinematography, Tommaso Fiorilli.</subfield>
  </datafield>
  <datafield tag="500" ind1=" " ind2=" ">
    <subfield code="a">Illegal originally released as a motion picture in 2010.  Rita originally released as a motion picture in 2009.</subfield>
  </datafield>
  <datafield tag="520" ind1=" " ind2=" ">
    <subfield code="a">Tania is a former teacher from Russia, living illegally in Belgium with her 14-year-old son, Ivan. One day, they are stopped on the street for a routine check by the police; Tania is arrested and placed in an immigration detention center for women, while Ivan manages to escape. Threatened with imminent deportation and fearful for Ivan's fate, Tania embarks on a harrowing journey, determined to preserve her dignity and find her son.</subfield>
  </datafield>
  <datafield tag="586" ind1=" " ind2=" ">
    <subfield code="a">Winner: Scad Prize Director's Fortnight, Cannes Film Festival 2010; Best Director, Warsaw Film Festival.</subfield>
  </datafield>
  <datafield tag="520" ind1=" " ind2=" ">
    <subfield code="a">Rita: Rita, who is blind, shelters a boy after he suddenly breaks into her home. This enigmatic event allows Rita a brief moment of freedom.</subfield>
  </datafield>
  <datafield tag="501" ind1=" " ind2=" ">
    <subfield code="a">This month's short film : Rita (20 min. : 2009), directed by Fabio Grassadonia and Antonio Piazza. In Italian with English subtitles.</subfield>
  </datafield>
  <datafield tag="500" ind1=" " ind2=" ">
    <subfield code="a">Special features: Biographies, Illégal theatrical trailer.</subfield>
  </datafield>
  <datafield tag="521" ind1=" " ind2=" ">
    <subfield code="a">Not rated.</subfield>
  </datafield>
  <datafield tag="650" ind1=" " ind2="0">
    <subfield code="a">Illegal aliens</subfield>
    <subfield code="z">Belgium</subfield>
    <subfield code="v">Drama.</subfield>
  </datafield>
  <datafield tag="650" ind1=" " ind2="0">
    <subfield code="a">Deportation</subfield>
    <subfield code="z">Belgium</subfield>
    <subfield code="v">Drama.</subfield>
  </datafield>
  <datafield tag="650" ind1=" " ind2="0">
    <subfield code="a">Blind</subfield>
    <subfield code="v">Drama.</subfield>
  </datafield>
  <datafield tag="655" ind1=" " ind2="0">
    <subfield code="a">French language materials.</subfield>
  </datafield>
  <datafield tag="655" ind1=" " ind2="0">
    <subfield code="a">Russian language materials.</subfield>
  </datafield>
  <datafield tag="655" ind1=" " ind2="0">
    <subfield code="a">Italian language materials.</subfield>
  </datafield>
  <datafield tag="655" ind1=" " ind2="0">
    <subfield code="a">DVDs.</subfield>
  </datafield>
  <datafield tag="655" ind1=" " ind2="0">
    <subfield code="a">DVD-Video disc.</subfield>
  </datafield>
  <datafield tag="655" ind1=" " ind2="7">
    <subfield code="a">Feature films.</subfield>
    <subfield code="2">lcgft</subfield>
  </datafield>
  <datafield tag="655" ind1=" " ind2="7">
    <subfield code="a">Feature films</subfield>
    <subfield code="z">Belgium.</subfield>
    <subfield code="2">local</subfield>
  </datafield>
  <datafield tag="655" ind1=" " ind2="7">
    <subfield code="a">Feature films</subfield>
    <subfield code="z">Luxembourg.</subfield>
    <subfield code="2">local</subfield>
  </datafield>
  <datafield tag="655" ind1=" " ind2="7">
    <subfield code="a">Feature films</subfield>
    <subfield code="z">France.</subfield>
    <subfield code="2">local</subfield>
  </datafield>
  <datafield tag="655" ind1=" " ind2="7">
    <subfield code="a">Short films.</subfield>
    <subfield code="2">lcgft</subfield>
  </datafield>
  <datafield tag="655" ind1=" " ind2="7">
    <subfield code="a">Short films</subfield>
    <subfield code="z">Italy.</subfield>
    <subfield code="2">local</subfield>
  </datafield>
  <datafield tag="655" ind1=" " ind2="7">
    <subfield code="a">Foreign films.</subfield>
    <subfield code="2">local</subfield>
  </datafield>
  <datafield tag="655" ind1=" " ind2="7">
    <subfield code="a">Fiction films.</subfield>
    <subfield code="2">lcgft</subfield>
  </datafield>
  <datafield tag="655" ind1=" " ind2="7">
    <subfield code="a">Motion pictures</subfield>
    <subfield code="z">Belgium.</subfield>
    <subfield code="2">local</subfield>
  </datafield>
  <datafield tag="655" ind1=" " ind2="7">
    <subfield code="a">Motion pictures</subfield>
    <subfield code="z">Italy.</subfield>
    <subfield code="2">local</subfield>
  </datafield>
  <datafield tag="655" ind1=" " ind2="7">
    <subfield code="a">French language films.</subfield>
    <subfield code="2">local</subfield>
  </datafield>
  <datafield tag="655" ind1=" " ind2="7">
    <subfield code="a">Italian language films.</subfield>
    <subfield code="2">local</subfield>
  </datafield>
  <datafield tag="655" ind1=" " ind2="7">
    <subfield code="a">Foreign language films</subfield>
    <subfield code="x">French.</subfield>
    <subfield code="2">local</subfield>
  </datafield>
  <datafield tag="655" ind1=" " ind2="7">
    <subfield code="a">Video recordings for the hearing impaired.</subfield>
    <subfield code="2">lcgft</subfield>
  </datafield>
  <datafield tag="700" ind1="1" ind2=" ">
    <subfield code="a">Masset-Depasse, Olivier,</subfield>
    <subfield code="e">screenwriter,</subfield>
    <subfield code="e">director.</subfield>
  </datafield>
  <datafield tag="700" ind1="1" ind2=" ">
    <subfield code="a">Bronckart, Jacques-Henri,</subfield>
    <subfield code="e">producer.</subfield>
  </datafield>
  <datafield tag="700" ind1="1" ind2=" ">
    <subfield code="a">Bronckart, Olivier,</subfield>
    <subfield code="e">producer.</subfield>
  </datafield>
  <datafield tag="700" ind1="1" ind2=" ">
    <subfield code="a">Coesens, Anne,</subfield>
    <subfield code="e">actor.</subfield>
  </datafield>
  <datafield tag="700" ind1="1" ind2=" ">
    <subfield code="a">Gontcharov, Alexandre,</subfield>
    <subfield code="e">actor.</subfield>
  </datafield>
  <datafield tag="700" ind1="1" ind2=" ">
    <subfield code="a">Lawson, Esse,</subfield>
    <subfield code="e">actor.</subfield>
  </datafield>
  <datafield tag="700" ind1="1" ind2=" ">
    <subfield code="a">Perez, Gabriela,</subfield>
    <subfield code="e">actor.</subfield>
  </datafield>
  <datafield tag="700" ind1="1" ind2=" ">
    <subfield code="a">Grassadonia, Fabio,</subfield>
    <subfield code="e">director.</subfield>
  </datafield>
  <datafield tag="700" ind1="1" ind2=" ">
    <subfield code="a">Piazza, Antonio,</subfield>
    <subfield code="e">director.</subfield>
  </datafield>
  <datafield tag="700" ind1="1" ind2=" ">
    <subfield code="a">Dziezuk, André.</subfield>
  </datafield>
  <datafield tag="700" ind1="1" ind2=" ">
    <subfield code="a">Mergen, Marc.</subfield>
  </datafield>
  <datafield tag="710" ind1="2" ind2=" ">
    <subfield code="a">Lingo (Musical group)</subfield>
  </datafield>
  <datafield tag="710" ind1="2" ind2=" ">
    <subfield code="a">Versus Production.</subfield>
  </datafield>
  <datafield tag="710" ind1="2" ind2=" ">
    <subfield code="a">Iris Productions.</subfield>
  </datafield>
  <datafield tag="710" ind1="2" ind2=" ">
    <subfield code="a">Dharamsala (Firm)</subfield>
  </datafield>
  <datafield tag="710" ind1="2" ind2=" ">
    <subfield code="a">Prime Time (Firm)</subfield>
  </datafield>
  <datafield tag="710" ind1="2" ind2=" ">
    <subfield code="a">Radio-Télévision belge de la communauté culturelle française.</subfield>
  </datafield>
  <datafield tag="710" ind1="2" ind2=" ">
    <subfield code="a">Film Movement (Firm)</subfield>
  </datafield>
  <datafield tag="740" ind1="0" ind2="2">
    <subfield code="a">Rita.</subfield>
  </datafield>
  <datafield tag="830" ind1=" " ind2="0">
    <subfield code="a">Film Movement series ;</subfield>
    <subfield code="v">v. 9, film 1.</subfield>
  </datafield>
  
  
  
  
  
</record>