<record xmlns="http://www.loc.gov/MARC21/slim" xmlns:zs="http://docs.oasis-open.org/ns/search-ws/sruResponse">
  <leader>04176cam a2200769Ia 4500</leader>
  <controlfield tag="001">ocn871860550</controlfield>
  <controlfield tag="003">OCoLC</controlfield>
  <controlfield tag="005">20160312213726.0</controlfield>
  <controlfield tag="008">140308s2014    ilu     ob    001 0 eng d</controlfield>
  <controlfield tag="006">m     o  d        </controlfield>
  <controlfield tag="007">cr cnu---unuuu</controlfield>
  <datafield tag="040" ind1=" " ind2=" ">
    <subfield code="a">EBLCP</subfield>
    <subfield code="b">eng</subfield>
    <subfield code="e">pn</subfield>
    <subfield code="c">EBLCP</subfield>
    <subfield code="d">OCLCQ</subfield>
    <subfield code="d">IDEBK</subfield>
    <subfield code="d">N$T</subfield>
    <subfield code="d">CDX</subfield>
    <subfield code="d">YDXCP</subfield>
    <subfield code="d">OCLCO</subfield>
    <subfield code="d">OCLCF</subfield>
    <subfield code="d">OCLCQ</subfield>
    <subfield code="d">OCLCO</subfield>
    <subfield code="d">E7B</subfield>
    <subfield code="d">OCLCO</subfield>
    <subfield code="d">DEBSZ</subfield>
    <subfield code="d">OCLCQ</subfield>
    <subfield code="d">OCLCO</subfield>
  </datafield>
  <datafield tag="019" ind1=" " ind2=" ">
    <subfield code="a">878136103</subfield>
  </datafield>
  <datafield tag="020" ind1=" " ind2=" ">
    <subfield code="a">9780226122595</subfield>
    <subfield code="q">(electronic bk.)</subfield>
  </datafield>
  <datafield tag="020" ind1=" " ind2=" ">
    <subfield code="a">022612259X</subfield>
    <subfield code="q">(electronic bk.)</subfield>
  </datafield>
  <datafield tag="020" ind1=" " ind2=" ">
    <subfield code="z">9780226122458</subfield>
    <subfield code="q">(cloth ;</subfield>
    <subfield code="q">alkaline paper)</subfield>
  </datafield>
  <datafield tag="035" ind1=" " ind2=" ">
    <subfield code="a">(OCoLC)871860550</subfield>
    <subfield code="z">(OCoLC)878136103</subfield>
  </datafield>
  <datafield tag="043" ind1=" " ind2=" ">
    <subfield code="a">n-us---</subfield>
  </datafield>
  <datafield tag="050" ind1=" " ind2="4">
    <subfield code="a">E184.354</subfield>
    <subfield code="b">.G37 2014</subfield>
  </datafield>
  <datafield tag="072" ind1=" " ind2="7">
    <subfield code="a">SOC</subfield>
    <subfield code="x">007000</subfield>
    <subfield code="2">bisacsh</subfield>
  </datafield>
  <datafield tag="082" ind1="0" ind2="4">
    <subfield code="a">304.80973</subfield>
    <subfield code="2">22</subfield>
  </datafield>
  <datafield tag="100" ind1="1" ind2=" ">
    <subfield code="a">Garland, Libby.</subfield>
  </datafield>
  <datafield tag="245" ind1="1" ind2="0">
    <subfield code="a">After they closed the gates</subfield>
    <subfield code="h">[electronic resource] :</subfield>
    <subfield code="b">Jewish illegal immigration to the United States, 1921-1965 /</subfield>
    <subfield code="c">Libby Garland.</subfield>
  </datafield>
  <datafield tag="260" ind1=" " ind2=" ">
    <subfield code="a">Chicago :</subfield>
    <subfield code="b">University of Chicago Press,</subfield>
    <subfield code="c">©2014.</subfield>
  </datafield>
  <datafield tag="300" ind1=" " ind2=" ">
    <subfield code="a">1 online resource (x, 288 pages)</subfield>
  </datafield>
  <datafield tag="336" ind1=" " ind2=" ">
    <subfield code="a">text</subfield>
    <subfield code="b">txt</subfield>
    <subfield code="2">rdacontent</subfield>
  </datafield>
  <datafield tag="337" ind1=" " ind2=" ">
    <subfield code="a">computer</subfield>
    <subfield code="b">c</subfield>
    <subfield code="2">rdamedia</subfield>
  </datafield>
  <datafield tag="338" ind1=" " ind2=" ">
    <subfield code="a">online resource</subfield>
    <subfield code="b">cr</subfield>
    <subfield code="2">rdacarrier</subfield>
  </datafield>
  <datafield tag="504" ind1=" " ind2=" ">
    <subfield code="a">Includes bibliographical references and index.</subfield>
  </datafield>
  <datafield tag="520" ind1=" " ind2=" ">
    <subfield code="a">In 1921 and 1924, the United States passed laws to sharply reduce the influx of immigrants into the country. By allocating only small quotas to the nations of southern and eastern Europe, and banning almost all immigration from Asia, the new laws were supposed to stem the tide of foreigners considered especially inferior and dangerous. However, immigrants continued to come, sailing into the port of New York with fake passports, or from Cuba to Florida, hidden in the holds of boats loaded with contraband liquor. Jews, one of the main targets of the quota laws, figured prominently in the ne.</subfield>
  </datafield>
  <datafield tag="588" ind1="0" ind2=" ">
    <subfield code="a">Print version record.</subfield>
  </datafield>
  <datafield tag="505" ind1="0" ind2=" ">
    <subfield code="a">Building the apparatus of immigration control -- American law, Jewish solidarity -- Smuggling in Jews -- Illicit journeys -- Battling alien registration -- Abolishing the quotas.</subfield>
  </datafield>
  <datafield tag="650" ind1=" " ind2="0">
    <subfield code="a">Jews, European</subfield>
    <subfield code="z">United States</subfield>
    <subfield code="x">History</subfield>
    <subfield code="y">20th century.</subfield>
  </datafield>
  <datafield tag="650" ind1=" " ind2="0">
    <subfield code="a">Immigrants</subfield>
    <subfield code="z">United States</subfield>
    <subfield code="x">History</subfield>
    <subfield code="y">20th century.</subfield>
  </datafield>
  <datafield tag="650" ind1=" " ind2="0">
    <subfield code="a">Illegal aliens</subfield>
    <subfield code="z">United States</subfield>
    <subfield code="x">History</subfield>
    <subfield code="y">20th century.</subfield>
  </datafield>
  <datafield tag="651" ind1=" " ind2="0">
    <subfield code="a">United States</subfield>
    <subfield code="x">Emigration and immigration</subfield>
    <subfield code="x">History</subfield>
    <subfield code="y">20th century.</subfield>
  </datafield>
  <datafield tag="650" ind1=" " ind2="0">
    <subfield code="a">Emigration and immigration law</subfield>
    <subfield code="z">United States</subfield>
    <subfield code="x">History</subfield>
    <subfield code="y">20th century.</subfield>
  </datafield>
  <datafield tag="650" ind1=" " ind2="7">
    <subfield code="a">SOCIAL SCIENCE</subfield>
    <subfield code="x">Emigration &amp; Immigration.</subfield>
    <subfield code="2">bisacsh</subfield>
  </datafield>
  <datafield tag="650" ind1=" " ind2="7">
    <subfield code="a">Emigration and immigration.</subfield>
    <subfield code="2">fast</subfield>
    <subfield code="0">(OCoLC)fst00908690</subfield>
  </datafield>
  <datafield tag="650" ind1=" " ind2="7">
    <subfield code="a">Emigration and immigration law.</subfield>
    <subfield code="2">fast</subfield>
    <subfield code="0">(OCoLC)fst00908736</subfield>
  </datafield>
  <datafield tag="650" ind1=" " ind2="7">
    <subfield code="a">Illegal aliens.</subfield>
    <subfield code="2">fast</subfield>
    <subfield code="0">(OCoLC)fst00967153</subfield>
  </datafield>
  <datafield tag="650" ind1=" " ind2="7">
    <subfield code="a">Immigrants.</subfield>
    <subfield code="2">fast</subfield>
    <subfield code="0">(OCoLC)fst00967712</subfield>
  </datafield>
  <datafield tag="650" ind1=" " ind2="7">
    <subfield code="a">Jews, European.</subfield>
    <subfield code="2">fast</subfield>
    <subfield code="0">(OCoLC)fst00983454</subfield>
  </datafield>
  <datafield tag="651" ind1=" " ind2="7">
    <subfield code="a">United States.</subfield>
    <subfield code="2">fast</subfield>
    <subfield code="0">(OCoLC)fst01204155</subfield>
  </datafield>
  <datafield tag="648" ind1=" " ind2="7">
    <subfield code="a">1900 - 1999</subfield>
    <subfield code="2">fast</subfield>
  </datafield>
  <datafield tag="655" ind1=" " ind2="4">
    <subfield code="a">Electronic books.</subfield>
  </datafield>
  <datafield tag="655" ind1=" " ind2="7">
    <subfield code="a">History.</subfield>
    <subfield code="2">fast</subfield>
    <subfield code="0">(OCoLC)fst01411628</subfield>
  </datafield>
  <datafield tag="776" ind1="0" ind2="8">
    <subfield code="i">Print version:</subfield>
    <subfield code="a">Garland, Libby.</subfield>
    <subfield code="t">After They Closed the Gates.</subfield>
    <subfield code="d">Chicago : University of Chicago Press, 2014</subfield>
    <subfield code="z">9780226122458</subfield>
  </datafield>
  <datafield tag="856" ind1="4" ind2="0">
    <subfield code="3">Ebook Library</subfield>
    <subfield code="u">http://public.eblib.com/choice/publicfullrecord.aspx?p=1645284</subfield>
  </datafield>
  <datafield tag="856" ind1="4" ind2="0">
    <subfield code="3">ebrary</subfield>
    <subfield code="u">http://site.ebrary.com/id/10845386</subfield>
  </datafield>
  <datafield tag="856" ind1="4" ind2="0">
    <subfield code="3">EBSCOhost</subfield>
    <subfield code="u">http://search.ebscohost.com/login.aspx?direct=true&amp;scope=site&amp;db=nlebk&amp;db=nlabk&amp;AN=665823</subfield>
  </datafield>
  <datafield tag="856" ind1="4" ind2="0">
    <subfield code="3">MyiLibrary</subfield>
    <subfield code="u">http://www.myilibrary.com?id=585315</subfield>
  </datafield>
  
  
  
  
  
  
  
  
  
  
  
  
  
  
  
</record>