<record xmlns="http://www.loc.gov/MARC21/slim" xmlns:zs="http://docs.oasis-open.org/ns/search-ws/sruResponse">
  <leader>02315cim a2200565Ia 4500</leader>
  <controlfield tag="001">ocm81148463 </controlfield>
  <controlfield tag="003">OCoLC</controlfield>
  <controlfield tag="005">20160312213857.0</controlfield>
  <controlfield tag="008">070201s1999    miunnnn        f  n eng d</controlfield>
  <controlfield tag="007">sd fungnn|||eu</controlfield>
  <datafield tag="040" ind1=" " ind2=" ">
    <subfield code="a">CBL</subfield>
    <subfield code="b">eng</subfield>
    <subfield code="c">CBL</subfield>
    <subfield code="d">VP@</subfield>
    <subfield code="d">OCLCQ</subfield>
    <subfield code="d">JTB</subfield>
    <subfield code="d">CN5O6</subfield>
    <subfield code="d">OCLCF</subfield>
    <subfield code="d">OCLCO</subfield>
  </datafield>
  <datafield tag="019" ind1=" " ind2=" ">
    <subfield code="a">688315185</subfield>
  </datafield>
  <datafield tag="020" ind1=" " ind2=" ">
    <subfield code="a">9781423314332</subfield>
  </datafield>
  <datafield tag="020" ind1=" " ind2=" ">
    <subfield code="a">1423314336</subfield>
  </datafield>
  <datafield tag="020" ind1=" " ind2=" ">
    <subfield code="a">9781423314325</subfield>
  </datafield>
  <datafield tag="020" ind1=" " ind2=" ">
    <subfield code="a">1423314328</subfield>
  </datafield>
  <datafield tag="035" ind1=" " ind2=" ">
    <subfield code="a">(OCoLC)81148463</subfield>
    <subfield code="z">(OCoLC)688315185</subfield>
  </datafield>
  <datafield tag="043" ind1=" " ind2=" ">
    <subfield code="a">n-us-wa</subfield>
  </datafield>
  <datafield tag="050" ind1="1" ind2="4">
    <subfield code="a">PS3566.E234</subfield>
    <subfield code="b">F57 1999</subfield>
  </datafield>
  <datafield tag="092" ind1="0" ind2=" ">
    <subfield code="a">MP3 FIC/PEARSON</subfield>
  </datafield>
  <datafield tag="100" ind1="1" ind2=" ">
    <subfield code="a">Pearson, Ridley.</subfield>
  </datafield>
  <datafield tag="245" ind1="1" ind2="4">
    <subfield code="a">The first victim</subfield>
    <subfield code="h">[sound recording] /</subfield>
    <subfield code="c">Ridley Pearson.</subfield>
  </datafield>
  <datafield tag="250" ind1=" " ind2=" ">
    <subfield code="a">Library ed.</subfield>
  </datafield>
  <datafield tag="260" ind1=" " ind2=" ">
    <subfield code="a">Grand Haven, MI :</subfield>
    <subfield code="b">Brilliance Audio,</subfield>
    <subfield code="c">p1999.</subfield>
  </datafield>
  <datafield tag="300" ind1=" " ind2=" ">
    <subfield code="a">1 sound disc (ca. 9 hr.) :</subfield>
    <subfield code="b">digital ;</subfield>
    <subfield code="c">4 3/4 in.</subfield>
  </datafield>
  <datafield tag="490" ind1="1" ind2=" ">
    <subfield code="a">Brilliance Audio on MP3-CD</subfield>
  </datafield>
  <datafield tag="500" ind1=" " ind2=" ">
    <subfield code="a">Compact disc, MP3 format.</subfield>
  </datafield>
  <datafield tag="500" ind1=" " ind2=" ">
    <subfield code="a">Unabridged.</subfield>
  </datafield>
  <datafield tag="511" ind1="1" ind2=" ">
    <subfield code="a">Read by Scott Rosema.</subfield>
  </datafield>
  <datafield tag="520" ind1=" " ind2=" ">
    <subfield code="a">After her assistant disappears, a Seattle television news anchor investigating a scam involving illegal aliens forms an uneasy allliance with police detectives Lou Boldt and Sergeant John LaMoia.</subfield>
  </datafield>
  <datafield tag="538" ind1=" " ind2=" ">
    <subfield code="a">System requirements: CD/MP3 player, or PC with MP3-capable software.</subfield>
  </datafield>
  <datafield tag="500" ind1=" " ind2=" ">
    <subfield code="a">"Formatted in audiobook format and Daisy."--Container.</subfield>
  </datafield>
  <datafield tag="650" ind1=" " ind2="0">
    <subfield code="a">Boldt, Lou (Fictitious character)</subfield>
    <subfield code="v">Fiction.</subfield>
  </datafield>
  <datafield tag="650" ind1=" " ind2="0">
    <subfield code="a">Matthews, Daphne (Fictitious character)</subfield>
    <subfield code="v">Fiction.</subfield>
  </datafield>
  <datafield tag="650" ind1=" " ind2="0">
    <subfield code="a">Women television journalists</subfield>
    <subfield code="z">Washington (State)</subfield>
    <subfield code="z">Seattle</subfield>
    <subfield code="v">Fiction.</subfield>
  </datafield>
  <datafield tag="650" ind1=" " ind2="0">
    <subfield code="a">Illegal aliens</subfield>
    <subfield code="z">Washington (State)</subfield>
    <subfield code="z">Seattle</subfield>
    <subfield code="v">Fiction.</subfield>
  </datafield>
  <datafield tag="651" ind1=" " ind2="0">
    <subfield code="a">Seattle (Wash.)</subfield>
    <subfield code="v">Fiction.</subfield>
  </datafield>
  <datafield tag="650" ind1=" " ind2="0">
    <subfield code="a">Audiobooks.</subfield>
  </datafield>
  <datafield tag="650" ind1=" " ind2="7">
    <subfield code="a">Audiobooks.</subfield>
    <subfield code="2">fast</subfield>
    <subfield code="0">(OCoLC)fst00821088</subfield>
  </datafield>
  <datafield tag="650" ind1=" " ind2="7">
    <subfield code="a">Boldt, Lou (Fictitious character)</subfield>
    <subfield code="2">fast</subfield>
    <subfield code="0">(OCoLC)fst00835672</subfield>
  </datafield>
  <datafield tag="650" ind1=" " ind2="7">
    <subfield code="a">Illegal aliens.</subfield>
    <subfield code="2">fast</subfield>
    <subfield code="0">(OCoLC)fst00967153</subfield>
  </datafield>
  <datafield tag="650" ind1=" " ind2="7">
    <subfield code="a">Matthews, Daphne (Fictitious character)</subfield>
    <subfield code="2">fast</subfield>
    <subfield code="0">(OCoLC)fst01012483</subfield>
  </datafield>
  <datafield tag="650" ind1=" " ind2="7">
    <subfield code="a">Women television journalists.</subfield>
    <subfield code="2">fast</subfield>
    <subfield code="0">(OCoLC)fst01178612</subfield>
  </datafield>
  <datafield tag="651" ind1=" " ind2="7">
    <subfield code="a">Washington (State)</subfield>
    <subfield code="z">Seattle.</subfield>
    <subfield code="2">fast</subfield>
    <subfield code="0">(OCoLC)fst01204940</subfield>
  </datafield>
  <datafield tag="655" ind1=" " ind2="7">
    <subfield code="a">Mystery fiction.</subfield>
    <subfield code="2">gsafd</subfield>
  </datafield>
  <datafield tag="655" ind1=" " ind2="7">
    <subfield code="a">Fiction.</subfield>
    <subfield code="2">fast</subfield>
    <subfield code="0">(OCoLC)fst01423787</subfield>
  </datafield>
  <datafield tag="700" ind1="1" ind2=" ">
    <subfield code="a">Rosema, Scott.</subfield>
  </datafield>
  <datafield tag="830" ind1=" " ind2="0">
    <subfield code="a">Brilliance audio on MP3-CD.</subfield>
  </datafield>
  
  
</record>