<record xmlns="http://www.loc.gov/MARC21/slim" xmlns:zs="http://docs.oasis-open.org/ns/search-ws/sruResponse">
  <leader>06116cam a2200901 a 4500</leader>
  <controlfield tag="001">ocm76416521 </controlfield>
  <controlfield tag="003">OCoLC</controlfield>
  <controlfield tag="005">20160312213652.0</controlfield>
  <controlfield tag="008">061109s2007    caua     b    000 0 eng  </controlfield>
  <datafield tag="010" ind1=" " ind2=" ">
    <subfield code="a">  2006037269</subfield>
  </datafield>
  <datafield tag="040" ind1=" " ind2=" ">
    <subfield code="a">DLC</subfield>
    <subfield code="b">eng</subfield>
    <subfield code="c">DLC</subfield>
    <subfield code="d">BAKER</subfield>
    <subfield code="d">C#P</subfield>
    <subfield code="d">BTCTA</subfield>
    <subfield code="d">DMZ</subfield>
    <subfield code="d">IAY</subfield>
    <subfield code="d">CS1</subfield>
    <subfield code="d">YDXCP</subfield>
    <subfield code="d">IXA</subfield>
    <subfield code="d">TSU</subfield>
    <subfield code="d">STF</subfield>
    <subfield code="d">MUQ</subfield>
    <subfield code="d">ALAUL</subfield>
    <subfield code="d">OCLCQ</subfield>
    <subfield code="d">OCLCF</subfield>
    <subfield code="d">OCLCO</subfield>
    <subfield code="d">OCLCQ</subfield>
    <subfield code="d">S3O</subfield>
    <subfield code="d">OCLCO</subfield>
  </datafield>
  <datafield tag="019" ind1=" " ind2=" ">
    <subfield code="a">72470728</subfield>
    <subfield code="a">72470731</subfield>
  </datafield>
  <datafield tag="020" ind1=" " ind2=" ">
    <subfield code="a">9780970283870</subfield>
    <subfield code="q">(pbk.)</subfield>
  </datafield>
  <datafield tag="020" ind1=" " ind2=" ">
    <subfield code="a">0970283873</subfield>
    <subfield code="q">(pbk.)</subfield>
  </datafield>
  <datafield tag="020" ind1=" " ind2=" ">
    <subfield code="a">9780970283863</subfield>
    <subfield code="q">(cloth)</subfield>
  </datafield>
  <datafield tag="020" ind1=" " ind2=" ">
    <subfield code="a">0970283865</subfield>
    <subfield code="q">(cloth)</subfield>
  </datafield>
  <datafield tag="035" ind1=" " ind2=" ">
    <subfield code="a">(OCoLC)76416521</subfield>
    <subfield code="z">(OCoLC)72470728</subfield>
    <subfield code="z">(OCoLC)72470731</subfield>
  </datafield>
  <datafield tag="043" ind1=" " ind2=" ">
    <subfield code="a">n-us---</subfield>
    <subfield code="a">n-mx---</subfield>
  </datafield>
  <datafield tag="050" ind1="0" ind2="0">
    <subfield code="a">HV6483</subfield>
    <subfield code="b">.I46 2007</subfield>
  </datafield>
  <datafield tag="082" ind1="0" ind2="0">
    <subfield code="a">325/.2720973</subfield>
    <subfield code="2">22</subfield>
  </datafield>
  <datafield tag="245" ind1="0" ind2="0">
    <subfield code="a">Impacts of border enforcement on Mexican migration :</subfield>
    <subfield code="b">the view from sending communities /</subfield>
    <subfield code="c">edited by Wayne A. Cornelius and Jessa M. Lewis.</subfield>
  </datafield>
  <datafield tag="260" ind1=" " ind2=" ">
    <subfield code="a">La Jolla, Calif. :</subfield>
    <subfield code="b">Center for Comparative Immigration Studies,</subfield>
    <subfield code="c">©2007.</subfield>
  </datafield>
  <datafield tag="300" ind1=" " ind2=" ">
    <subfield code="a">175 pages :</subfield>
    <subfield code="b">illustrations ;</subfield>
    <subfield code="c">23 cm.</subfield>
  </datafield>
  <datafield tag="336" ind1=" " ind2=" ">
    <subfield code="a">text</subfield>
    <subfield code="b">txt</subfield>
    <subfield code="2">rdacontent</subfield>
  </datafield>
  <datafield tag="337" ind1=" " ind2=" ">
    <subfield code="a">unmediated</subfield>
    <subfield code="b">n</subfield>
    <subfield code="2">rdamedia</subfield>
  </datafield>
  <datafield tag="338" ind1=" " ind2=" ">
    <subfield code="a">volume</subfield>
    <subfield code="b">nc</subfield>
    <subfield code="2">rdacarrier</subfield>
  </datafield>
  <datafield tag="490" ind1="1" ind2=" ">
    <subfield code="a">CCIS anthologies ;</subfield>
    <subfield code="v">no. 3</subfield>
  </datafield>
  <datafield tag="504" ind1=" " ind2=" ">
    <subfield code="a">Includes bibliographical references.</subfield>
  </datafield>
  <datafield tag="505" ind1="0" ind2=" ">
    <subfield code="a">Introduction: does border enforcement deter unauthorized immigration? / Wayne A. Cornelius -- Profiles of the research community / Yesenia Barajas, James Besada, Elisabeth Valdez-Suiter, and Caitlin White -- The contemporary migration process / Seidy Gaytán, Evelyn Lucio, Fawad Shaiq and Anjanette Urdanivia -- Impacts of U.S. immigration policies on migration behavior / Jezmin Fuentes, Henry L'Esperance, Raúl Pérez, and Caitlin White -- U.S. settlement behavior and labor market participation / Henry Lopez, Rob Oliphant, and Edith Tejeda -- Gender differences / Elisabeth Valdez-suiter, Nancy Rosas-Lopez and Nayeli Pagaza -- Migration and generational cohorts / Luz María Henriquez, Monica Cornejo and Sofia Aguilar -- Migration and local development / Brisella Cantú, Fawad Shaiq, and Anjanette Urdanivia -- Migration and political involvement / William Chiu and Marisol Raquel Gutierrez.</subfield>
  </datafield>
  <datafield tag="520" ind1=" " ind2=" ">
    <subfield code="a">"This important new book reveals how the stricter US border-control activities of the past decade have affected the behavior of migrants and potential migrants in rural Mexico. The authors establish direct links between changes in immigration-control policies and changes in the decision to migrate, choice of destination, mode of entry, and inclination to participate in a temporary worker program. They also point to the unintended consequences of new control measures, such as the increasing rate of settlement among illegal migrants, higher fees paid to professional people-smugglers, increased injury and fatality rates due to clandestine entry, and changing composition of migrant flows. Collectively, they present detailed and direct evidence of the failure of post-1993 US strategy to deter unauthorized entry across the US-Mexico border, and the reasons for this failure."--Book cover.</subfield>
  </datafield>
  <datafield tag="651" ind1=" " ind2="0">
    <subfield code="a">United States</subfield>
    <subfield code="x">Emigration and immigration.</subfield>
  </datafield>
  <datafield tag="650" ind1=" " ind2="0">
    <subfield code="a">Illegal aliens</subfield>
    <subfield code="x">Government policy</subfield>
    <subfield code="z">United States.</subfield>
  </datafield>
  <datafield tag="650" ind1=" " ind2="0">
    <subfield code="a">Immigration enforcement</subfield>
    <subfield code="z">United States.</subfield>
  </datafield>
  <datafield tag="650" ind1=" " ind2="0">
    <subfield code="a">Border patrols</subfield>
    <subfield code="z">Mexican-American Border Region.</subfield>
  </datafield>
  <datafield tag="651" ind1=" " ind2="0">
    <subfield code="a">Mexico</subfield>
    <subfield code="x">Emigration and immigration.</subfield>
  </datafield>
  <datafield tag="650" ind1=" " ind2="0">
    <subfield code="a">Mexicans</subfield>
    <subfield code="z">United States.</subfield>
  </datafield>
  <datafield tag="650" ind1=" " ind2="6">
    <subfield code="a">Immigrants clandestins</subfield>
    <subfield code="x">Politique gouvernementale</subfield>
    <subfield code="z">États-Unis.</subfield>
  </datafield>
  <datafield tag="650" ind1=" " ind2="6">
    <subfield code="a">Police de la frontière</subfield>
    <subfield code="z">Mexican-American Border Region.</subfield>
  </datafield>
  <datafield tag="650" ind1=" " ind2="6">
    <subfield code="a">Mexicains</subfield>
    <subfield code="z">États-Unis.</subfield>
  </datafield>
  <datafield tag="651" ind1=" " ind2="6">
    <subfield code="a">États-Unis</subfield>
    <subfield code="x">Émigration et immigration.</subfield>
  </datafield>
  <datafield tag="651" ind1=" " ind2="6">
    <subfield code="a">Mexique</subfield>
    <subfield code="x">Émigration et immigration.</subfield>
  </datafield>
  <datafield tag="650" ind1=" " ind2="7">
    <subfield code="a">Border patrols.</subfield>
    <subfield code="2">fast</subfield>
    <subfield code="0">(OCoLC)fst00836593</subfield>
  </datafield>
  <datafield tag="650" ind1=" " ind2="7">
    <subfield code="a">Emigration and immigration.</subfield>
    <subfield code="2">fast</subfield>
    <subfield code="0">(OCoLC)fst00908690</subfield>
  </datafield>
  <datafield tag="650" ind1=" " ind2="7">
    <subfield code="a">Illegal aliens</subfield>
    <subfield code="x">Government policy.</subfield>
    <subfield code="2">fast</subfield>
    <subfield code="0">(OCoLC)fst00967160</subfield>
  </datafield>
  <datafield tag="650" ind1=" " ind2="7">
    <subfield code="a">Immigration enforcement.</subfield>
    <subfield code="2">fast</subfield>
    <subfield code="0">(OCoLC)fst01748828</subfield>
  </datafield>
  <datafield tag="650" ind1=" " ind2="7">
    <subfield code="a">Mexicans.</subfield>
    <subfield code="2">fast</subfield>
    <subfield code="0">(OCoLC)fst01019244</subfield>
  </datafield>
  <datafield tag="651" ind1=" " ind2="7">
    <subfield code="a">Mexico.</subfield>
    <subfield code="2">fast</subfield>
    <subfield code="0">(OCoLC)fst01211700</subfield>
  </datafield>
  <datafield tag="651" ind1=" " ind2="7">
    <subfield code="a">North America</subfield>
    <subfield code="z">Mexican-American Border Region.</subfield>
    <subfield code="2">fast</subfield>
    <subfield code="0">(OCoLC)fst01239966</subfield>
  </datafield>
  <datafield tag="651" ind1=" " ind2="7">
    <subfield code="a">United States.</subfield>
    <subfield code="2">fast</subfield>
    <subfield code="0">(OCoLC)fst01204155</subfield>
  </datafield>
  <datafield tag="650" ind1=" " ind2="7">
    <subfield code="a">Invandringspolitik</subfield>
    <subfield code="z">Förenta staterna.</subfield>
    <subfield code="2">sao</subfield>
  </datafield>
  <datafield tag="651" ind1=" " ind2="7">
    <subfield code="a">Mexiko</subfield>
    <subfield code="x">emigration och immigration</subfield>
    <subfield code="z">Förenta staterna.</subfield>
    <subfield code="2">sao</subfield>
  </datafield>
  <datafield tag="651" ind1=" " ind2="7">
    <subfield code="a">Förenta staterna</subfield>
    <subfield code="x">emigration och immigration</subfield>
    <subfield code="z">Mexiko.</subfield>
    <subfield code="2">sao</subfield>
  </datafield>
  <datafield tag="700" ind1="1" ind2=" ">
    <subfield code="a">Cornelius, Wayne A.,</subfield>
    <subfield code="d">1945-</subfield>
  </datafield>
  <datafield tag="700" ind1="1" ind2=" ">
    <subfield code="a">Lewis, Jessa M.</subfield>
  </datafield>
  <datafield tag="776" ind1="0" ind2="8">
    <subfield code="i">Online version:</subfield>
    <subfield code="t">Impacts of border enforcement on Mexican migration.</subfield>
    <subfield code="d">La Jolla, Calif. : Center for Comparative Immigration Studies, ©2007</subfield>
    <subfield code="w">(OCoLC)663315036</subfield>
  </datafield>
  <datafield tag="830" ind1=" " ind2="0">
    <subfield code="a">CCIS anthologies ;</subfield>
    <subfield code="v">3.</subfield>
  </datafield>
  <datafield tag="856" ind1="4" ind2="1">
    <subfield code="3">Table of contents</subfield>
    <subfield code="u">http://catdir.loc.gov/catdir/toc/ecip075/2006037269.html</subfield>
  </datafield>
  
  
  
  
  
  
  
  
  
  
  
  
  
  
  
  
  
  
  
  
  
</record>