<record xmlns="http://www.loc.gov/MARC21/slim" xmlns:zs="http://docs.oasis-open.org/ns/search-ws/sruResponse">
  <leader>02312cam a2200409Ia 4500</leader>
  <controlfield tag="001">ocn302285663</controlfield>
  <controlfield tag="003">OCoLC</controlfield>
  <controlfield tag="005">20160312213953.0</controlfield>
  <controlfield tag="008">090209s2008    okua          000 0deng d</controlfield>
  <datafield tag="040" ind1=" " ind2=" ">
    <subfield code="a">CLU</subfield>
    <subfield code="b">eng</subfield>
    <subfield code="c">CLU</subfield>
    <subfield code="d">MUM</subfield>
    <subfield code="d">OCLCA</subfield>
    <subfield code="d">OUF</subfield>
    <subfield code="d">OCLCO</subfield>
    <subfield code="d">OCLCQ</subfield>
    <subfield code="d">OCLCO</subfield>
  </datafield>
  <datafield tag="020" ind1=" " ind2=" ">
    <subfield code="a">1581071477</subfield>
  </datafield>
  <datafield tag="020" ind1=" " ind2=" ">
    <subfield code="a">9781581071474</subfield>
  </datafield>
  <datafield tag="020" ind1=" " ind2=" ">
    <subfield code="a">0979245753</subfield>
  </datafield>
  <datafield tag="020" ind1=" " ind2=" ">
    <subfield code="a">9780979245756</subfield>
  </datafield>
  <datafield tag="035" ind1=" " ind2=" ">
    <subfield code="a">(OCoLC)302285663</subfield>
  </datafield>
  <datafield tag="043" ind1=" " ind2=" ">
    <subfield code="a">n-us---</subfield>
  </datafield>
  <datafield tag="050" ind1=" " ind2="4">
    <subfield code="a">KF4800</subfield>
    <subfield code="b">.C67 2008</subfield>
  </datafield>
  <datafield tag="082" ind1="0" ind2="4">
    <subfield code="a">363.285 C796u</subfield>
  </datafield>
  <datafield tag="100" ind1="1" ind2=" ">
    <subfield code="a">Coppock, Donald R.,</subfield>
    <subfield code="d">1910-</subfield>
  </datafield>
  <datafield tag="245" ind1="1" ind2="0">
    <subfield code="a">U.S. Border Patrol :</subfield>
    <subfield code="b">the journey &amp; the solution to the illegal alien problem /</subfield>
    <subfield code="c">by Donald R. Coppock.</subfield>
  </datafield>
  <datafield tag="246" ind1="3" ind2=" ">
    <subfield code="a">United States Border Patrol :</subfield>
    <subfield code="b">the journey and the solution to the illegal alien problem</subfield>
  </datafield>
  <datafield tag="246" ind1="3" ind2="0">
    <subfield code="a">Journey &amp; the solution to the illegal alien problem</subfield>
  </datafield>
  <datafield tag="246" ind1="3" ind2=" ">
    <subfield code="a">Journey and the solution to the illegal alien problem</subfield>
  </datafield>
  <datafield tag="260" ind1=" " ind2=" ">
    <subfield code="a">Stillwater, Oklahoma, USA :</subfield>
    <subfield code="b">New Forums,</subfield>
    <subfield code="c">©2008.</subfield>
  </datafield>
  <datafield tag="300" ind1=" " ind2=" ">
    <subfield code="a">viii, 172 pages :</subfield>
    <subfield code="b">illustrations ;</subfield>
    <subfield code="c">22 cm</subfield>
  </datafield>
  <datafield tag="336" ind1=" " ind2=" ">
    <subfield code="a">text</subfield>
    <subfield code="b">txt</subfield>
    <subfield code="2">rdacontent</subfield>
  </datafield>
  <datafield tag="337" ind1=" " ind2=" ">
    <subfield code="a">unmediated</subfield>
    <subfield code="b">n</subfield>
    <subfield code="2">rdamedia</subfield>
  </datafield>
  <datafield tag="338" ind1=" " ind2=" ">
    <subfield code="a">volume</subfield>
    <subfield code="b">nc</subfield>
    <subfield code="2">rdacarrier</subfield>
  </datafield>
  <datafield tag="505" ind1="0" ind2=" ">
    <subfield code="a">The early years -- Growing up and getting an education -- The beginning of my career in the Border Patrol -- My rise in the Border Patrol -- Ole Miss : James Meredith -- Bay of Pigs War and the return of prisoners to the United States -- Civil strife and bombings in Birmingham, Alabama -- Termination of the Bracero Program and increase of illegal entries -- Work in the 1960s -- The Selma to Montgomery, Alabama march -- Seize of the Pentagon -- Martin Luther King, Jr. &amp; his assassination -- Poor People's March on Washington -- Cesar Chavez and his Farm Workers Union -- Increase of illegal entries and answers to the problem -- Operation Intercept -- Retirement and work with the Impeachment Inquiry Committee relating to President Nixon -- Work with the Legal Services Corporation -- Life after retirement.</subfield>
  </datafield>
  <datafield tag="650" ind1=" " ind2="0">
    <subfield code="a">Illegal aliens</subfield>
    <subfield code="z">United States</subfield>
    <subfield code="x">History.</subfield>
  </datafield>
  <datafield tag="610" ind1="2" ind2="0">
    <subfield code="a">U.S. Border Patrol</subfield>
    <subfield code="x">History.</subfield>
  </datafield>
  <datafield tag="650" ind1=" " ind2="0">
    <subfield code="a">Civil rights</subfield>
    <subfield code="z">United States</subfield>
    <subfield code="x">History.</subfield>
  </datafield>
  <datafield tag="600" ind1="1" ind2="0">
    <subfield code="a">Coppock, Donald R.,</subfield>
    <subfield code="d">1910-</subfield>
  </datafield>
  <datafield tag="650" ind1=" " ind2="0">
    <subfield code="a">Border patrol agents</subfield>
    <subfield code="z">United States</subfield>
    <subfield code="v">Biography.</subfield>
  </datafield>
  <datafield tag="650" ind1=" " ind2="4">
    <subfield code="a">Immigration law and policy.</subfield>
  </datafield>
  
  
</record>