<record xmlns="http://www.loc.gov/MARC21/slim" xmlns:zs="http://docs.oasis-open.org/ns/search-ws/sruResponse">
  <leader>01761cam a2200433Ia 4500</leader>
  <controlfield tag="001">ocm53179348 </controlfield>
  <controlfield tag="003">OCoLC</controlfield>
  <controlfield tag="005">20160312213737.0</controlfield>
  <controlfield tag="008">031010s2003    mdu     db    001 0 eng  </controlfield>
  <datafield tag="040" ind1=" " ind2=" ">
    <subfield code="a">P@N</subfield>
    <subfield code="b">eng</subfield>
    <subfield code="c">P@N</subfield>
    <subfield code="d">EPL</subfield>
    <subfield code="d">OCLCQ</subfield>
    <subfield code="d">RECBX</subfield>
    <subfield code="d">OTP</subfield>
    <subfield code="d">CO3</subfield>
    <subfield code="d">TXBXL</subfield>
    <subfield code="d">OCLCQ</subfield>
    <subfield code="d">OCLCO</subfield>
  </datafield>
  <datafield tag="019" ind1=" " ind2=" ">
    <subfield code="a">427267474</subfield>
    <subfield code="a">731159301</subfield>
  </datafield>
  <datafield tag="020" ind1=" " ind2=" ">
    <subfield code="a">140256385X</subfield>
  </datafield>
  <datafield tag="020" ind1=" " ind2=" ">
    <subfield code="a">9781402563850</subfield>
  </datafield>
  <datafield tag="028" ind1="5" ind2="1">
    <subfield code="a">LP045</subfield>
    <subfield code="b">RB Large Print</subfield>
  </datafield>
  <datafield tag="035" ind1=" " ind2=" ">
    <subfield code="a">(OCoLC)53179348</subfield>
    <subfield code="z">(OCoLC)427267474</subfield>
    <subfield code="z">(OCoLC)731159301</subfield>
  </datafield>
  <datafield tag="043" ind1=" " ind2=" ">
    <subfield code="a">n-us---</subfield>
    <subfield code="a">n-us-ca</subfield>
  </datafield>
  <datafield tag="050" ind1=" " ind2="4">
    <subfield code="a">HD2346.U52</subfield>
    <subfield code="b">S34 2003b</subfield>
  </datafield>
  <datafield tag="082" ind1="0" ind2="4">
    <subfield code="a">330</subfield>
    <subfield code="2">21</subfield>
  </datafield>
  <datafield tag="100" ind1="1" ind2=" ">
    <subfield code="a">Schlosser, Eric.</subfield>
  </datafield>
  <datafield tag="245" ind1="1" ind2="0">
    <subfield code="a">Reefer madness :</subfield>
    <subfield code="b">sex, drugs, and cheap labor in the American black market</subfield>
    <subfield code="h">[text (large print)] /</subfield>
    <subfield code="c">Eric Schlosser.</subfield>
  </datafield>
  <datafield tag="260" ind1=" " ind2=" ">
    <subfield code="a">Prince Frederick, Md. :</subfield>
    <subfield code="b">RB Large Print,</subfield>
    <subfield code="c">©2003.</subfield>
  </datafield>
  <datafield tag="300" ind1=" " ind2=" ">
    <subfield code="a">499 pages ;</subfield>
    <subfield code="c">25 cm</subfield>
  </datafield>
  <datafield tag="336" ind1=" " ind2=" ">
    <subfield code="a">text</subfield>
    <subfield code="b">txt</subfield>
    <subfield code="2">rdacontent</subfield>
  </datafield>
  <datafield tag="337" ind1=" " ind2=" ">
    <subfield code="a">unmediated</subfield>
    <subfield code="b">n</subfield>
    <subfield code="2">rdamedia</subfield>
  </datafield>
  <datafield tag="338" ind1=" " ind2=" ">
    <subfield code="a">volume</subfield>
    <subfield code="b">nc</subfield>
    <subfield code="2">rdacarrier</subfield>
  </datafield>
  <datafield tag="504" ind1=" " ind2=" ">
    <subfield code="a">Includes bibliographical references (pages 353-495) and index.</subfield>
  </datafield>
  <datafield tag="520" ind1=" " ind2=" ">
    <subfield code="a">Reports on America's "shadow" economy of illegal drugs, pornography, and illegal migrant workers, arguing that these underground industries continue to grow with government intervention.</subfield>
  </datafield>
  <datafield tag="650" ind1=" " ind2="0">
    <subfield code="a">Informal sector (Economics)</subfield>
    <subfield code="z">United States</subfield>
    <subfield code="v">Case studies.</subfield>
  </datafield>
  <datafield tag="650" ind1=" " ind2="0">
    <subfield code="a">Black market</subfield>
    <subfield code="z">United States</subfield>
    <subfield code="v">Case studies.</subfield>
  </datafield>
  <datafield tag="650" ind1=" " ind2="0">
    <subfield code="a">Marijuana abuse</subfield>
    <subfield code="z">United States.</subfield>
  </datafield>
  <datafield tag="650" ind1=" " ind2="0">
    <subfield code="a">Migrant agricultural laborers</subfield>
    <subfield code="z">California.</subfield>
  </datafield>
  <datafield tag="650" ind1=" " ind2="0">
    <subfield code="a">Illegal aliens</subfield>
    <subfield code="z">California.</subfield>
  </datafield>
  <datafield tag="650" ind1=" " ind2="0">
    <subfield code="a">Sex-oriented businesses</subfield>
    <subfield code="z">United States.</subfield>
  </datafield>
  <datafield tag="650" ind1=" " ind2="0">
    <subfield code="a">Large type books.</subfield>
  </datafield>
  <datafield tag="655" ind1=" " ind2="0">
    <subfield code="a">Large type books.</subfield>
  </datafield>
  <datafield tag="655" ind1=" " ind2="4">
    <subfield code="a">Large type books.</subfield>
  </datafield>
  
  
  
</record>