<record xmlns="http://www.loc.gov/MARC21/slim" xmlns:zs="http://docs.oasis-open.org/ns/search-ws/sruResponse">
  <leader>01441cim a2200445Ia 4500</leader>
  <controlfield tag="001">ocm51110231 </controlfield>
  <controlfield tag="003">OCoLC</controlfield>
  <controlfield tag="005">20160312213730.0</controlfield>
  <controlfield tag="008">021203s2002    enknnnn        f  n eng d</controlfield>
  <controlfield tag="007">sd lungnn||||e</controlfield>
  <datafield tag="040" ind1=" " ind2=" ">
    <subfield code="a">VHB</subfield>
    <subfield code="b">eng</subfield>
    <subfield code="c">VHB</subfield>
    <subfield code="d">JED</subfield>
    <subfield code="d">HALAN</subfield>
    <subfield code="d">OCLCQ</subfield>
    <subfield code="d">RECBX</subfield>
    <subfield code="d">OCLCO</subfield>
  </datafield>
  <datafield tag="020" ind1=" " ind2=" ">
    <subfield code="a">1402532873</subfield>
  </datafield>
  <datafield tag="020" ind1=" " ind2=" ">
    <subfield code="a">9781402532870</subfield>
  </datafield>
  <datafield tag="028" ind1="0" ind2="2">
    <subfield code="a">CP004</subfield>
    <subfield code="b">Clipper Audio</subfield>
  </datafield>
  <datafield tag="035" ind1=" " ind2=" ">
    <subfield code="a">(OCoLC)51110231</subfield>
  </datafield>
  <datafield tag="043" ind1=" " ind2=" ">
    <subfield code="a">ma-----</subfield>
  </datafield>
  <datafield tag="050" ind1=" " ind2="4">
    <subfield code="a">PR9369.3.G6</subfield>
    <subfield code="b">P53 2002</subfield>
  </datafield>
  <datafield tag="082" ind1="0" ind2="4">
    <subfield code="a">823.914</subfield>
    <subfield code="2">21</subfield>
  </datafield>
  <datafield tag="100" ind1="1" ind2=" ">
    <subfield code="a">Gordimer, Nadine.</subfield>
  </datafield>
  <datafield tag="245" ind1="1" ind2="4">
    <subfield code="a">The pickup</subfield>
    <subfield code="h">[sound recording] /</subfield>
    <subfield code="c">by Nadine Gordimer.</subfield>
  </datafield>
  <datafield tag="260" ind1=" " ind2=" ">
    <subfield code="a">Leicester, UK :</subfield>
    <subfield code="b">Clipper Audio ;</subfield>
    <subfield code="a">Prince Frederick, MD :</subfield>
    <subfield code="b">Distributed by Recorded Books,</subfield>
    <subfield code="c">p2002.</subfield>
  </datafield>
  <datafield tag="300" ind1=" " ind2=" ">
    <subfield code="a">8 sound discs (8.75 hr.) :</subfield>
    <subfield code="b">digital ;</subfield>
    <subfield code="c">4 3/4 in.</subfield>
  </datafield>
  <datafield tag="306" ind1=" " ind2=" ">
    <subfield code="a">084500</subfield>
  </datafield>
  <datafield tag="500" ind1=" " ind2=" ">
    <subfield code="a">Unabridged.</subfield>
  </datafield>
  <datafield tag="500" ind1=" " ind2=" ">
    <subfield code="a">Compact disc.</subfield>
  </datafield>
  <datafield tag="511" ind1="0" ind2=" ">
    <subfield code="a">Narrated by Lisette Lecat.</subfield>
  </datafield>
  <datafield tag="520" ind1=" " ind2=" ">
    <subfield code="a">Unabridged ed.</subfield>
  </datafield>
  <datafield tag="650" ind1=" " ind2="0">
    <subfield code="a">Illegal aliens</subfield>
    <subfield code="v">Fiction.</subfield>
  </datafield>
  <datafield tag="650" ind1=" " ind2="0">
    <subfield code="a">Arabs</subfield>
    <subfield code="z">Foreign countries</subfield>
    <subfield code="v">Fiction.</subfield>
  </datafield>
  <datafield tag="650" ind1=" " ind2="0">
    <subfield code="a">Women</subfield>
    <subfield code="z">Arab countries</subfield>
    <subfield code="v">Fiction.</subfield>
  </datafield>
  <datafield tag="650" ind1=" " ind2="0">
    <subfield code="a">Children of the rich</subfield>
    <subfield code="v">Fiction.</subfield>
  </datafield>
  <datafield tag="650" ind1=" " ind2="0">
    <subfield code="a">Ethnic relations</subfield>
    <subfield code="v">Fiction.</subfield>
  </datafield>
  <datafield tag="650" ind1=" " ind2="0">
    <subfield code="a">Married people</subfield>
    <subfield code="v">Fiction.</subfield>
  </datafield>
  <datafield tag="651" ind1=" " ind2="0">
    <subfield code="a">Arab countries</subfield>
    <subfield code="v">Fiction.</subfield>
  </datafield>
  <datafield tag="655" ind1=" " ind2="0">
    <subfield code="a">Domestic fiction.</subfield>
  </datafield>
  <datafield tag="655" ind1=" " ind2="7">
    <subfield code="a">Audiobooks.</subfield>
    <subfield code="2">lcgft</subfield>
  </datafield>
  <datafield tag="700" ind1="1" ind2=" ">
    <subfield code="a">Lecat, Lisette.</subfield>
    <subfield code="4">nrt</subfield>
  </datafield>
  
  
  
</record>