<record xmlns="http://www.loc.gov/MARC21/slim" xmlns:zs="http://docs.oasis-open.org/ns/search-ws/sruResponse">
  <leader>05256cam a2200793Ka 4500</leader>
  <controlfield tag="001">ocn750173049</controlfield>
  <controlfield tag="003">OCoLC</controlfield>
  <controlfield tag="005">20160312213637.0</controlfield>
  <controlfield tag="008">110907s2009    mau     ob    000 0 eng d</controlfield>
  <controlfield tag="006">m     o  d        </controlfield>
  <controlfield tag="007">cr cnu---unuuu</controlfield>
  <datafield tag="040" ind1=" " ind2=" ">
    <subfield code="a">N$T</subfield>
    <subfield code="b">eng</subfield>
    <subfield code="e">pn</subfield>
    <subfield code="c">N$T</subfield>
    <subfield code="d">OCLCQ</subfield>
    <subfield code="d">OCLCF</subfield>
    <subfield code="d">YDXCP</subfield>
    <subfield code="d">NLGGC</subfield>
    <subfield code="d">OCLCO</subfield>
    <subfield code="d">IDEBK</subfield>
    <subfield code="d">OCLCQ</subfield>
    <subfield code="d">OCLCO</subfield>
  </datafield>
  <datafield tag="019" ind1=" " ind2=" ">
    <subfield code="a">816568600</subfield>
  </datafield>
  <datafield tag="020" ind1=" " ind2=" ">
    <subfield code="a">9781934848975</subfield>
    <subfield code="q">(electronic bk.)</subfield>
  </datafield>
  <datafield tag="020" ind1=" " ind2=" ">
    <subfield code="a">1934848972</subfield>
    <subfield code="q">(electronic bk.)</subfield>
  </datafield>
  <datafield tag="020" ind1=" " ind2=" ">
    <subfield code="a">1282692658</subfield>
  </datafield>
  <datafield tag="020" ind1=" " ind2=" ">
    <subfield code="a">9781282692657</subfield>
  </datafield>
  <datafield tag="020" ind1=" " ind2=" ">
    <subfield code="z">9781934848647</subfield>
  </datafield>
  <datafield tag="020" ind1=" " ind2=" ">
    <subfield code="z">1934848646</subfield>
  </datafield>
  <datafield tag="035" ind1=" " ind2=" ">
    <subfield code="a">(OCoLC)750173049</subfield>
    <subfield code="z">(OCoLC)816568600</subfield>
  </datafield>
  <datafield tag="043" ind1=" " ind2=" ">
    <subfield code="a">n-us-ia</subfield>
  </datafield>
  <datafield tag="050" ind1=" " ind2="4">
    <subfield code="a">F629.P67</subfield>
    <subfield code="b">G74 2009eb</subfield>
  </datafield>
  <datafield tag="072" ind1=" " ind2="7">
    <subfield code="a">HIS</subfield>
    <subfield code="x">036010</subfield>
    <subfield code="2">bisacsh</subfield>
  </datafield>
  <datafield tag="072" ind1=" " ind2="7">
    <subfield code="a">HIS</subfield>
    <subfield code="x">036090</subfield>
    <subfield code="2">bisacsh</subfield>
  </datafield>
  <datafield tag="072" ind1=" " ind2="7">
    <subfield code="a">JPQB, KNA</subfield>
    <subfield code="2">bicssc</subfield>
  </datafield>
  <datafield tag="082" ind1="0" ind2="4">
    <subfield code="a">977.733</subfield>
    <subfield code="2">22</subfield>
  </datafield>
  <datafield tag="100" ind1="1" ind2=" ">
    <subfield code="a">Grey, Mark A.</subfield>
  </datafield>
  <datafield tag="245" ind1="1" ind2="0">
    <subfield code="a">Postville, U.S.A.</subfield>
    <subfield code="h">[electronic resource] :</subfield>
    <subfield code="b">surviving diversity in small-town America /</subfield>
    <subfield code="c">Mark A. Grey, Michele Devlin, and Aaron Goldsmith.</subfield>
  </datafield>
  <datafield tag="246" ind1="3" ind2=" ">
    <subfield code="a">Postville, USA</subfield>
  </datafield>
  <datafield tag="260" ind1=" " ind2=" ">
    <subfield code="a">Boston :</subfield>
    <subfield code="b">Gemma,</subfield>
    <subfield code="c">2009.</subfield>
  </datafield>
  <datafield tag="300" ind1=" " ind2=" ">
    <subfield code="a">1 online resource (xxiii, 183 pages)</subfield>
  </datafield>
  <datafield tag="336" ind1=" " ind2=" ">
    <subfield code="a">text</subfield>
    <subfield code="b">txt</subfield>
    <subfield code="2">rdacontent</subfield>
  </datafield>
  <datafield tag="337" ind1=" " ind2=" ">
    <subfield code="a">computer</subfield>
    <subfield code="b">c</subfield>
    <subfield code="2">rdamedia</subfield>
  </datafield>
  <datafield tag="338" ind1=" " ind2=" ">
    <subfield code="a">online resource</subfield>
    <subfield code="b">cr</subfield>
    <subfield code="2">rdacarrier</subfield>
  </datafield>
  <datafield tag="504" ind1=" " ind2=" ">
    <subfield code="a">Includes bibliographical references (pages 177-180).</subfield>
  </datafield>
  <datafield tag="505" ind1="0" ind2=" ">
    <subfield code="a">Iowa and the new demographics -- Shtel on the Great Plains -- Small miracles -- The fall of the empire -- Sent reeling : Postville after the raid -- Diversity and its discontents -- Cain v. s Abel -- Meanwhile, back at the Shtel : one year after the raid.</subfield>
  </datafield>
  <datafield tag="588" ind1="0" ind2=" ">
    <subfield code="a">Print version record.</subfield>
  </datafield>
  <datafield tag="520" ind1=" " ind2=" ">
    <subfield code="a">An inside view of a rural Iowa town torn apart by greed, failed immigration policy and misguided view of diversity. Postville (population 2400) is an obscure meatpacking town in the northeast corner of Iowa. Here, in the most unlikely of places, in the middle of endless cornfields, unparalleled diversity drew the curiosity of international media and outside observers. In 2008, however, people who hoped Postville would succeed declared the town's experiment in multiculturalism dead. It was not native Iowans, or the newly-arrived Orthodox Jews, or the immigrant workers and refugees from around the world who made Postville fail. Postville's momentum towards a sustainable multicultural community was stopped in its tracks when the town was crushed by a massive raid by U.S. Immigration and Customs Enforcement (ICE) on May 12th 2008. 20% of the town's population was arrested, forcing the closure of the town's largest employer, a kosher meatpacking plant. The raid exposed the disastrous enforcement of immigration policy, the exploitation of Postville by activists, and disturbing questions about the packing house's operators. Today, with managers sitting in jail, workers in federal prison on their way to deportation, and a huge influx of new immigrants to fill their spots, the town is attempting to survive a near terminal blow. Grey and Devlin - with more than 10 years experience in Postville, 20 years experience in meat-packing plants and a life time work with immigrant populations - join with Goldsmith - the only Jew ever to serve on the city council - describe the real events in Postville, which have been subject to misrepresentation in the media and by diversity professionals and detractors alike.</subfield>
  </datafield>
  <datafield tag="650" ind1=" " ind2="0">
    <subfield code="a">Postville Immigration Raid, Postville, Iowa, 2008.</subfield>
  </datafield>
  <datafield tag="651" ind1=" " ind2="0">
    <subfield code="a">Postville (Iowa)</subfield>
    <subfield code="x">Ethnic relations.</subfield>
  </datafield>
  <datafield tag="650" ind1=" " ind2="0">
    <subfield code="a">Illegal aliens</subfield>
    <subfield code="x">Legal status, laws, etc.</subfield>
    <subfield code="z">Iowa</subfield>
    <subfield code="z">Postville.</subfield>
  </datafield>
  <datafield tag="650" ind1=" " ind2="0">
    <subfield code="a">Emigration and immigration law</subfield>
    <subfield code="z">United States.</subfield>
  </datafield>
  <datafield tag="651" ind1=" " ind2="0">
    <subfield code="a">United States</subfield>
    <subfield code="x">Emigration and immigration</subfield>
    <subfield code="x">Government policy.</subfield>
  </datafield>
  <datafield tag="650" ind1=" " ind2="7">
    <subfield code="a">HISTORY</subfield>
    <subfield code="z">United States</subfield>
    <subfield code="x">State &amp; Local</subfield>
    <subfield code="x">General.</subfield>
    <subfield code="2">bisacsh</subfield>
  </datafield>
  <datafield tag="650" ind1=" " ind2="7">
    <subfield code="a">HISTORY</subfield>
    <subfield code="z">United States</subfield>
    <subfield code="x">State &amp; Local</subfield>
    <subfield code="x">Midwest (IA, IL, IN, KS, MI, MN, MO, ND, NE, OH, SD, WI)</subfield>
    <subfield code="2">bisacsh</subfield>
  </datafield>
  <datafield tag="611" ind1="2" ind2="7">
    <subfield code="a">Postville Immigration Raid (Iowa : 2008)</subfield>
    <subfield code="2">fast</subfield>
    <subfield code="0">(OCoLC)fst01755680</subfield>
  </datafield>
  <datafield tag="650" ind1=" " ind2="7">
    <subfield code="a">Emigration and immigration</subfield>
    <subfield code="x">Government policy.</subfield>
    <subfield code="2">fast</subfield>
    <subfield code="0">(OCoLC)fst00908700</subfield>
  </datafield>
  <datafield tag="650" ind1=" " ind2="7">
    <subfield code="a">Emigration and immigration law.</subfield>
    <subfield code="2">fast</subfield>
    <subfield code="0">(OCoLC)fst00908736</subfield>
  </datafield>
  <datafield tag="650" ind1=" " ind2="7">
    <subfield code="a">Ethnic relations.</subfield>
    <subfield code="2">fast</subfield>
    <subfield code="0">(OCoLC)fst00916005</subfield>
  </datafield>
  <datafield tag="650" ind1=" " ind2="7">
    <subfield code="a">Illegal aliens</subfield>
    <subfield code="x">Legal status, laws, etc.</subfield>
    <subfield code="2">fast</subfield>
    <subfield code="0">(OCoLC)fst00967163</subfield>
  </datafield>
  <datafield tag="651" ind1=" " ind2="7">
    <subfield code="a">Iowa</subfield>
    <subfield code="z">Postville.</subfield>
    <subfield code="2">fast</subfield>
    <subfield code="0">(OCoLC)fst01290278</subfield>
  </datafield>
  <datafield tag="651" ind1=" " ind2="7">
    <subfield code="a">United States.</subfield>
    <subfield code="2">fast</subfield>
    <subfield code="0">(OCoLC)fst01204155</subfield>
  </datafield>
  <datafield tag="648" ind1=" " ind2="7">
    <subfield code="a">2008</subfield>
    <subfield code="2">fast</subfield>
  </datafield>
  <datafield tag="655" ind1=" " ind2="4">
    <subfield code="a">Electronic books.</subfield>
  </datafield>
  <datafield tag="700" ind1="1" ind2=" ">
    <subfield code="a">Devlin, Michèle.</subfield>
  </datafield>
  <datafield tag="700" ind1="1" ind2=" ">
    <subfield code="a">Goldsmith, Aaron.</subfield>
  </datafield>
  <datafield tag="776" ind1="0" ind2="8">
    <subfield code="i">Print version:</subfield>
    <subfield code="a">Grey, Mark A.</subfield>
    <subfield code="t">Postville, U.S.A.</subfield>
    <subfield code="d">Boston : Gemma, 2009</subfield>
    <subfield code="z">9781934848647</subfield>
    <subfield code="w">(OCoLC)316824506</subfield>
  </datafield>
  <datafield tag="856" ind1="4" ind2="0">
    <subfield code="3">EBSCOhost</subfield>
    <subfield code="u">http://search.ebscohost.com/login.aspx?direct=true&amp;scope=site&amp;db=nlebk&amp;db=nlabk&amp;AN=385804</subfield>
  </datafield>
  <datafield tag="856" ind1="4" ind2="0">
    <subfield code="3">MyiLibrary</subfield>
    <subfield code="u">http://www.myilibrary.com?id=269265</subfield>
  </datafield>
  <datafield tag="856" ind1="4" ind2="1">
    <subfield code="3">MyiLibrary, Table of contents</subfield>
    <subfield code="u">http://www.myilibrary.com?id=269265&amp;ref=toc</subfield>
  </datafield>
  
  
  
  
  
  
  
  
  
</record>