<record xmlns="http://www.loc.gov/MARC21/slim" xmlns:zs="http://docs.oasis-open.org/ns/search-ws/sruResponse">
  <leader>04248cgm a2200781Ia 4500</leader>
  <controlfield tag="001">ocn427653115</controlfield>
  <controlfield tag="003">OCoLC</controlfield>
  <controlfield tag="005">20160312213655.0</controlfield>
  <controlfield tag="008">090724p20092008nyu087            vleng d</controlfield>
  <controlfield tag="007">vd cvaiz|</controlfield>
  <datafield tag="040" ind1=" " ind2=" ">
    <subfield code="a">TEFMT</subfield>
    <subfield code="b">eng</subfield>
    <subfield code="c">TEFMT</subfield>
    <subfield code="d">TEFMT</subfield>
    <subfield code="d">TEF</subfield>
    <subfield code="d">MR0</subfield>
    <subfield code="d">NUI</subfield>
    <subfield code="d">EINCP</subfield>
    <subfield code="d">FTL</subfield>
    <subfield code="d">TEF</subfield>
    <subfield code="d">WAU</subfield>
    <subfield code="d">YDXCP</subfield>
    <subfield code="d">TTU</subfield>
    <subfield code="d">OCLCA</subfield>
    <subfield code="d">OCLCQ</subfield>
    <subfield code="d">BDX</subfield>
    <subfield code="d">VRC</subfield>
    <subfield code="d">OCLCF</subfield>
    <subfield code="d">P4I</subfield>
    <subfield code="d">OCLCO</subfield>
    <subfield code="d">RBN</subfield>
    <subfield code="d">OCLCO</subfield>
    <subfield code="d">OCL</subfield>
  </datafield>
  <datafield tag="019" ind1=" " ind2=" ">
    <subfield code="a">670814244</subfield>
    <subfield code="a">679937331</subfield>
  </datafield>
  <datafield tag="024" ind1="1" ind2=" ">
    <subfield code="a">738329066321</subfield>
  </datafield>
  <datafield tag="028" ind1="4" ind2="2">
    <subfield code="a">K663</subfield>
    <subfield code="b">Kino International</subfield>
  </datafield>
  <datafield tag="035" ind1=" " ind2=" ">
    <subfield code="a">(OCoLC)427653115</subfield>
    <subfield code="z">(OCoLC)670814244</subfield>
    <subfield code="z">(OCoLC)679937331</subfield>
  </datafield>
  <datafield tag="041" ind1="1" ind2=" ">
    <subfield code="a">eng</subfield>
    <subfield code="a">chi</subfield>
    <subfield code="j">chi</subfield>
    <subfield code="j">eng</subfield>
    <subfield code="h">eng</subfield>
  </datafield>
  <datafield tag="043" ind1=" " ind2=" ">
    <subfield code="a">n-us-ny</subfield>
  </datafield>
  <datafield tag="050" ind1="1" ind2="4">
    <subfield code="a">PN1997.2</subfield>
    <subfield code="b">.T35 2009</subfield>
  </datafield>
  <datafield tag="082" ind1="0" ind2="4">
    <subfield code="a">791.43/72</subfield>
    <subfield code="2">22</subfield>
  </datafield>
  <datafield tag="245" ind1="0" ind2="0">
    <subfield code="a">Take out</subfield>
    <subfield code="h">[videorecording] /</subfield>
    <subfield code="c">Cavu Pictures presents a Cre Film production ; produced by Isil Bagdadi and Michael Sergio ; written and directed by Sean Baker, Shih-Ching Tsou.</subfield>
  </datafield>
  <datafield tag="260" ind1=" " ind2=" ">
    <subfield code="a">New York, NY :</subfield>
    <subfield code="b">Kino International,</subfield>
    <subfield code="c">2009.</subfield>
  </datafield>
  <datafield tag="300" ind1=" " ind2=" ">
    <subfield code="a">1 videodisc (1 hr., 27 min.) :</subfield>
    <subfield code="b">sd., col. ;</subfield>
    <subfield code="c">4 3/4 in.</subfield>
  </datafield>
  <datafield tag="538" ind1=" " ind2=" ">
    <subfield code="a">DVD ; widescreen (1.85:1) presentation ; enhanced for 16x19 TVs; NTSC.</subfield>
  </datafield>
  <datafield tag="546" ind1=" " ind2=" ">
    <subfield code="a">In English and Chinese, with optional subtitles in English or traditional Chinese.</subfield>
  </datafield>
  <datafield tag="511" ind1="1" ind2=" ">
    <subfield code="a">Charles Jang, Jeng-Hua Yu, Wang-Thye Lee, Justin Wan.</subfield>
  </datafield>
  <datafield tag="508" ind1=" " ind2=" ">
    <subfield code="a">Cinematography &amp; editing, Sean Baker; makeup, Eva Huang.</subfield>
  </datafield>
  <datafield tag="500" ind1=" " ind2=" ">
    <subfield code="a">DVD release of the 2008 motion picture.</subfield>
  </datafield>
  <datafield tag="521" ind1="8" ind2=" ">
    <subfield code="a">MPAA rating: not rated.</subfield>
  </datafield>
  <datafield tag="520" ind1=" " ind2=" ">
    <subfield code="a">A day in the life of Ming Ding begins as a pair of hammer-wielding loan sharks come to the door of Ming's squalid apartment. Their ultimatum, delivered in Mandarin, is as simple as it is virtually impossible to fulfill, needing to give them $800 by the evening or the debt will be doubled. With the family he supports half a world away, Ming has a single rain-soaked shift at his job in which to pay off his thuggish creditors. Ming Ding anonymously and almost wordlessly delivers Chinese food on Manhattan's Upper West Side.</subfield>
  </datafield>
  <datafield tag="500" ind1=" " ind2=" ">
    <subfield code="a">Special features: Audio commentary with directors Sean Baker and Shih-Ching Tsou and actor Charles Jang ; cast and crew interviews ; two deleted scenes ; Charles Jang's audition for Ming Ding ; theatrical trailer ; stills gallery.</subfield>
  </datafield>
  <datafield tag="650" ind1=" " ind2="0">
    <subfield code="a">Illegal aliens</subfield>
    <subfield code="z">New York (State)</subfield>
    <subfield code="z">New York</subfield>
    <subfield code="v">Drama.</subfield>
  </datafield>
  <datafield tag="650" ind1=" " ind2="0">
    <subfield code="a">Chinese drama</subfield>
    <subfield code="z">New York (State)</subfield>
    <subfield code="z">New York.</subfield>
  </datafield>
  <datafield tag="650" ind1=" " ind2="0">
    <subfield code="a">Usury</subfield>
    <subfield code="z">New York (State)</subfield>
    <subfield code="z">New York</subfield>
    <subfield code="v">Drama.</subfield>
  </datafield>
  <datafield tag="650" ind1=" " ind2="0">
    <subfield code="a">Debt</subfield>
    <subfield code="z">New York (State)</subfield>
    <subfield code="z">New York</subfield>
    <subfield code="v">Drama.</subfield>
  </datafield>
  <datafield tag="650" ind1=" " ind2="0">
    <subfield code="a">Delivery of goods</subfield>
    <subfield code="z">New York (State)</subfield>
    <subfield code="z">New York</subfield>
    <subfield code="v">Drama.</subfield>
  </datafield>
  <datafield tag="650" ind1=" " ind2="7">
    <subfield code="a">Chinese drama.</subfield>
    <subfield code="2">fast</subfield>
    <subfield code="0">(OCoLC)fst00857335</subfield>
  </datafield>
  <datafield tag="650" ind1=" " ind2="7">
    <subfield code="a">Debt.</subfield>
    <subfield code="2">fast</subfield>
    <subfield code="0">(OCoLC)fst00888768</subfield>
  </datafield>
  <datafield tag="650" ind1=" " ind2="7">
    <subfield code="a">Delivery of goods.</subfield>
    <subfield code="2">fast</subfield>
    <subfield code="0">(OCoLC)fst00889965</subfield>
  </datafield>
  <datafield tag="650" ind1=" " ind2="7">
    <subfield code="a">Illegal aliens.</subfield>
    <subfield code="2">fast</subfield>
    <subfield code="0">(OCoLC)fst00967153</subfield>
  </datafield>
  <datafield tag="650" ind1=" " ind2="7">
    <subfield code="a">Usury.</subfield>
    <subfield code="2">fast</subfield>
    <subfield code="0">(OCoLC)fst01163232</subfield>
  </datafield>
  <datafield tag="651" ind1=" " ind2="7">
    <subfield code="a">New York (State)</subfield>
    <subfield code="z">New York.</subfield>
    <subfield code="2">fast</subfield>
    <subfield code="0">(OCoLC)fst01204333</subfield>
  </datafield>
  <datafield tag="655" ind1=" " ind2="4">
    <subfield code="a">Feature films</subfield>
    <subfield code="z">United States.</subfield>
  </datafield>
  <datafield tag="655" ind1=" " ind2="7">
    <subfield code="a">Thrillers (Motion pictures)</subfield>
    <subfield code="2">lcgft</subfield>
  </datafield>
  <datafield tag="655" ind1=" " ind2="7">
    <subfield code="a">Feature films.</subfield>
    <subfield code="2">lcgft</subfield>
  </datafield>
  <datafield tag="655" ind1=" " ind2="7">
    <subfield code="a">Suspense films.</subfield>
    <subfield code="2">gsafd</subfield>
  </datafield>
  <datafield tag="655" ind1=" " ind2="7">
    <subfield code="a">Drama.</subfield>
    <subfield code="2">fast</subfield>
    <subfield code="0">(OCoLC)fst01423879</subfield>
  </datafield>
  <datafield tag="655" ind1=" " ind2="7">
    <subfield code="a">Feature films.</subfield>
    <subfield code="2">fast</subfield>
    <subfield code="0">(OCoLC)fst01710384</subfield>
  </datafield>
  <datafield tag="655" ind1=" " ind2="7">
    <subfield code="a">Thrillers (Motion pictures)</subfield>
    <subfield code="2">fast</subfield>
    <subfield code="0">(OCoLC)fst01726193</subfield>
  </datafield>
  <datafield tag="700" ind1="1" ind2=" ">
    <subfield code="a">Baker, Sean,</subfield>
    <subfield code="d">1971-</subfield>
    <subfield code="4">aus</subfield>
    <subfield code="4">drt</subfield>
  </datafield>
  <datafield tag="700" ind1="1" ind2=" ">
    <subfield code="a">Tsou, Shih-Ching.</subfield>
    <subfield code="4">aus</subfield>
    <subfield code="4">drt</subfield>
  </datafield>
  <datafield tag="700" ind1="1" ind2=" ">
    <subfield code="a">Bagdadi, Isil.</subfield>
    <subfield code="4">pro</subfield>
  </datafield>
  <datafield tag="700" ind1="1" ind2=" ">
    <subfield code="a">Sergio, Michael.</subfield>
    <subfield code="4">pro</subfield>
  </datafield>
  <datafield tag="700" ind1="1" ind2=" ">
    <subfield code="a">Jang, Charles.</subfield>
    <subfield code="4">act</subfield>
  </datafield>
  <datafield tag="700" ind1="1" ind2=" ">
    <subfield code="a">Yu, Jeng-Hua.</subfield>
    <subfield code="4">act</subfield>
  </datafield>
  <datafield tag="700" ind1="1" ind2=" ">
    <subfield code="a">Lee, Wang-Thye.</subfield>
    <subfield code="4">act</subfield>
  </datafield>
  <datafield tag="700" ind1="1" ind2=" ">
    <subfield code="a">Wan, Justin.</subfield>
    <subfield code="4">act</subfield>
  </datafield>
  <datafield tag="710" ind1="2" ind2=" ">
    <subfield code="a">Cavu Pictures (Firm)</subfield>
  </datafield>
  <datafield tag="710" ind1="2" ind2=" ">
    <subfield code="a">Cre Film (Firm)</subfield>
  </datafield>
  <datafield tag="710" ind1="2" ind2=" ">
    <subfield code="a">Kino International Corporation.</subfield>
  </datafield>
  
  
  
  
  
  
  
  
  
</record>