<record xmlns="http://www.loc.gov/MARC21/slim" xmlns:zs="http://docs.oasis-open.org/ns/search-ws/sruResponse">
  <leader>02501cam a2200505 a 4500</leader>
  <controlfield tag="001">ocn811345938</controlfield>
  <controlfield tag="003">OCoLC</controlfield>
  <controlfield tag="005">20160312213737.0</controlfield>
  <controlfield tag="008">120928s2011    dcu     b    f000 0 eng c</controlfield>
  <controlfield tag="007">he bmb024bbca</controlfield>
  <datafield tag="040" ind1=" " ind2=" ">
    <subfield code="a">GPO</subfield>
    <subfield code="b">eng</subfield>
    <subfield code="c">GPO</subfield>
    <subfield code="d">OCLCF</subfield>
    <subfield code="d">OCLCO</subfield>
    <subfield code="d">OCLCQ</subfield>
  </datafield>
  <datafield tag="035" ind1=" " ind2=" ">
    <subfield code="a">(OCoLC)811345938</subfield>
  </datafield>
  <datafield tag="037" ind1=" " ind2=" ">
    <subfield code="a">552-070-43864-5</subfield>
    <subfield code="b">GPO</subfield>
    <subfield code="f">paper</subfield>
  </datafield>
  <datafield tag="042" ind1=" " ind2=" ">
    <subfield code="a">pcc</subfield>
  </datafield>
  <datafield tag="043" ind1=" " ind2=" ">
    <subfield code="a">n-us---</subfield>
  </datafield>
  <datafield tag="050" ind1="1" ind2="4">
    <subfield code="a">KF27</subfield>
    <subfield code="b">.H57 2010g</subfield>
  </datafield>
  <datafield tag="074" ind1=" " ind2=" ">
    <subfield code="a">1018-D (MF)</subfield>
  </datafield>
  <datafield tag="086" ind1="0" ind2=" ">
    <subfield code="a">Y 4.H 75:111-60</subfield>
  </datafield>
  <datafield tag="088" ind1=" " ind2=" ">
    <subfield code="a">Serial no. 111-60 (United States. Congress. House. Committee on Homeland Security)</subfield>
  </datafield>
  <datafield tag="110" ind1="1" ind2=" ">
    <subfield code="a">United States.</subfield>
    <subfield code="b">Congress.</subfield>
    <subfield code="b">House.</subfield>
    <subfield code="b">Committee on Homeland Security.</subfield>
  </datafield>
  <datafield tag="245" ind1="1" ind2="0">
    <subfield code="a">Visa overstays</subfield>
    <subfield code="h">[microform] :</subfield>
    <subfield code="b">can they be eliminated? : hearing before the Committee on Homeland Security, House of Representatives, One Hundred Eleventh Congress, second session, March 25, 2010.</subfield>
  </datafield>
  <datafield tag="260" ind1=" " ind2=" ">
    <subfield code="a">Washington :</subfield>
    <subfield code="b">U.S. G.P.O. :</subfield>
    <subfield code="b">For sale by the Supt. of Docs., U.S. G.P.O.,</subfield>
    <subfield code="c">2011.</subfield>
  </datafield>
  <datafield tag="300" ind1=" " ind2=" ">
    <subfield code="a">iii, 63 pages ;</subfield>
    <subfield code="c">24 cm</subfield>
  </datafield>
  <datafield tag="336" ind1=" " ind2=" ">
    <subfield code="a">text</subfield>
    <subfield code="b">txt</subfield>
    <subfield code="2">rdacontent</subfield>
  </datafield>
  <datafield tag="337" ind1=" " ind2=" ">
    <subfield code="a">microform</subfield>
    <subfield code="b">h</subfield>
    <subfield code="2">rdamedia</subfield>
  </datafield>
  <datafield tag="338" ind1=" " ind2=" ">
    <subfield code="a">microfiche</subfield>
    <subfield code="b">he</subfield>
    <subfield code="2">rdacarrier</subfield>
  </datafield>
  <datafield tag="500" ind1=" " ind2=" ">
    <subfield code="a">Shipping list no.: 2012-0130-M.</subfield>
  </datafield>
  <datafield tag="500" ind1=" " ind2=" ">
    <subfield code="a">"Serial no. 111-60."</subfield>
  </datafield>
  <datafield tag="533" ind1=" " ind2=" ">
    <subfield code="a">Microfiche.</subfield>
    <subfield code="b">[Washington, D.C.] :</subfield>
    <subfield code="c">Supt. of Docs., U.S. G.P.O.,</subfield>
    <subfield code="d">[2012].</subfield>
    <subfield code="e">1 microfiche : negative.</subfield>
  </datafield>
  <datafield tag="651" ind1=" " ind2="0">
    <subfield code="a">United States</subfield>
    <subfield code="x">Emigration and immigration</subfield>
    <subfield code="x">Government policy.</subfield>
  </datafield>
  <datafield tag="650" ind1=" " ind2="0">
    <subfield code="a">Visas</subfield>
    <subfield code="x">Government policy</subfield>
    <subfield code="z">United States.</subfield>
  </datafield>
  <datafield tag="650" ind1=" " ind2="0">
    <subfield code="a">Illegal aliens</subfield>
    <subfield code="z">United States.</subfield>
  </datafield>
  <datafield tag="610" ind1="1" ind2="0">
    <subfield code="a">United States.</subfield>
    <subfield code="b">Bureau of Immigration and Customs Enforcement</subfield>
    <subfield code="x">Rules and practice.</subfield>
  </datafield>
  <datafield tag="650" ind1=" " ind2="0">
    <subfield code="a">National security</subfield>
    <subfield code="z">United States.</subfield>
  </datafield>
  <datafield tag="610" ind1="1" ind2="7">
    <subfield code="a">United States.</subfield>
    <subfield code="b">Bureau of Immigration and Customs Enforcement.</subfield>
    <subfield code="2">fast</subfield>
    <subfield code="0">(OCoLC)fst00781327</subfield>
  </datafield>
  <datafield tag="650" ind1=" " ind2="7">
    <subfield code="a">Emigration and immigration</subfield>
    <subfield code="x">Government policy.</subfield>
    <subfield code="2">fast</subfield>
    <subfield code="0">(OCoLC)fst00908700</subfield>
  </datafield>
  <datafield tag="650" ind1=" " ind2="7">
    <subfield code="a">Illegal aliens.</subfield>
    <subfield code="2">fast</subfield>
    <subfield code="0">(OCoLC)fst00967153</subfield>
  </datafield>
  <datafield tag="650" ind1=" " ind2="7">
    <subfield code="a">National security.</subfield>
    <subfield code="2">fast</subfield>
    <subfield code="0">(OCoLC)fst01033711</subfield>
  </datafield>
  <datafield tag="650" ind1=" " ind2="7">
    <subfield code="a">Visas</subfield>
    <subfield code="x">Government policy.</subfield>
    <subfield code="2">fast</subfield>
    <subfield code="0">(OCoLC)fst01906648</subfield>
  </datafield>
  <datafield tag="651" ind1=" " ind2="7">
    <subfield code="a">United States.</subfield>
    <subfield code="2">fast</subfield>
    <subfield code="0">(OCoLC)fst01204155</subfield>
  </datafield>
  <datafield tag="655" ind1=" " ind2="7">
    <subfield code="a">Rules.</subfield>
    <subfield code="2">fast</subfield>
    <subfield code="0">(OCoLC)fst01423857</subfield>
  </datafield>
  <datafield tag="776" ind1="0" ind2="8">
    <subfield code="i">Online version:</subfield>
    <subfield code="a">United States. Congress. House. Committee on Homeland Security.</subfield>
    <subfield code="t">Visa overstays : can they be eliminated</subfield>
    <subfield code="w">(OCoLC)773209428</subfield>
  </datafield>
  <datafield tag="776" ind1="0" ind2="8">
    <subfield code="i">Print version:</subfield>
    <subfield code="a">United States. Congress. House. Committee on Homeland Security.</subfield>
    <subfield code="t">Visa overstays : can they be eliminated</subfield>
    <subfield code="w">(OCoLC)773209486</subfield>
  </datafield>
  
  
</record>