<record xmlns="http://www.loc.gov/MARC21/slim" xmlns:zs="http://docs.oasis-open.org/ns/search-ws/sruResponse">
  <leader>05726cam a2200937 a 4500</leader>
  <controlfield tag="001">ocm21902984 </controlfield>
  <controlfield tag="003">OCoLC</controlfield>
  <controlfield tag="005">20160312213709.0</controlfield>
  <controlfield tag="008">900606s1990    caua     b    100 0 eng  </controlfield>
  <datafield tag="010" ind1=" " ind2=" ">
    <subfield code="a">   90012730 </subfield>
  </datafield>
  <datafield tag="040" ind1=" " ind2=" ">
    <subfield code="a">DLC</subfield>
    <subfield code="b">eng</subfield>
    <subfield code="c">DLC</subfield>
    <subfield code="d">OCL</subfield>
    <subfield code="d">EL$</subfield>
    <subfield code="d">BAKER</subfield>
    <subfield code="d">BTCTA</subfield>
    <subfield code="d">YDXCP</subfield>
    <subfield code="d">ZWZ</subfield>
    <subfield code="d">NYDWH</subfield>
    <subfield code="d">NTE</subfield>
    <subfield code="d">BDX</subfield>
    <subfield code="d">OCLCA</subfield>
    <subfield code="d">AWC</subfield>
    <subfield code="d">OCLCF</subfield>
    <subfield code="d">OCLCQ</subfield>
    <subfield code="d">OCLCO</subfield>
    <subfield code="d">OCL</subfield>
  </datafield>
  <datafield tag="019" ind1=" " ind2=" ">
    <subfield code="a">80570486</subfield>
  </datafield>
  <datafield tag="020" ind1=" " ind2=" ">
    <subfield code="a">0877665265</subfield>
  </datafield>
  <datafield tag="020" ind1=" " ind2=" ">
    <subfield code="a">9780877665267</subfield>
  </datafield>
  <datafield tag="035" ind1=" " ind2=" ">
    <subfield code="a">(OCoLC)21902984</subfield>
    <subfield code="z">(OCoLC)80570486</subfield>
  </datafield>
  <datafield tag="041" ind1="0" ind2=" ">
    <subfield code="a">engspa</subfield>
  </datafield>
  <datafield tag="043" ind1=" " ind2=" ">
    <subfield code="a">n-us---</subfield>
    <subfield code="a">n-mx---</subfield>
  </datafield>
  <datafield tag="050" ind1="0" ind2="0">
    <subfield code="a">KF4819.A2</subfield>
    <subfield code="b">C66 1989</subfield>
  </datafield>
  <datafield tag="082" ind1="0" ind2="0">
    <subfield code="a">342.73/082</subfield>
    <subfield code="a">347.30282</subfield>
    <subfield code="2">20</subfield>
  </datafield>
  <datafield tag="084" ind1=" " ind2=" ">
    <subfield code="a">DHL 325.1(73)063 C748</subfield>
    <subfield code="2">z</subfield>
  </datafield>
  <datafield tag="111" ind1="2" ind2=" ">
    <subfield code="a">Conference on the International Effects of the 1986 Immigration Reform and Control Act (IRCA)</subfield>
    <subfield code="d">(1989 :</subfield>
    <subfield code="c">Guadalajara, Mexico)</subfield>
  </datafield>
  <datafield tag="245" ind1="1" ind2="0">
    <subfield code="a">Immigration and international relations :</subfield>
    <subfield code="b">proceedings of a Conference on the International Effects of the 1986 Immigration Reform and Control Act (IRCA) /</subfield>
    <subfield code="c">Georges Vernez, editor.</subfield>
  </datafield>
  <datafield tag="260" ind1=" " ind2=" ">
    <subfield code="a">Santa Monica, CA :</subfield>
    <subfield code="b">Rand Corp. ;</subfield>
    <subfield code="a">Washington, DC :</subfield>
    <subfield code="b">Urban Institute Press ;</subfield>
    <subfield code="a">Lanham, MD :</subfield>
    <subfield code="b">Distributed by University Press of America,</subfield>
    <subfield code="c">©1990.</subfield>
  </datafield>
  <datafield tag="300" ind1=" " ind2=" ">
    <subfield code="a">x, 193 pages :</subfield>
    <subfield code="b">illustrations ;</subfield>
    <subfield code="c">28 cm.</subfield>
  </datafield>
  <datafield tag="336" ind1=" " ind2=" ">
    <subfield code="a">text</subfield>
    <subfield code="b">txt</subfield>
    <subfield code="2">rdacontent</subfield>
  </datafield>
  <datafield tag="337" ind1=" " ind2=" ">
    <subfield code="a">unmediated</subfield>
    <subfield code="b">n</subfield>
    <subfield code="2">rdamedia</subfield>
  </datafield>
  <datafield tag="338" ind1=" " ind2=" ">
    <subfield code="a">volume</subfield>
    <subfield code="b">nc</subfield>
    <subfield code="2">rdacarrier</subfield>
  </datafield>
  <datafield tag="490" ind1="1" ind2=" ">
    <subfield code="a">UI report,</subfield>
    <subfield code="x">0897-7399 ;</subfield>
    <subfield code="v">90-7</subfield>
  </datafield>
  <datafield tag="490" ind1="0" ind2=" ">
    <subfield code="a">Rand Corporation. [Joint reports : immigration] ;</subfield>
    <subfield code="v">JRI-02</subfield>
  </datafield>
  <datafield tag="500" ind1=" " ind2=" ">
    <subfield code="a">English and Spanish.</subfield>
  </datafield>
  <datafield tag="500" ind1=" " ind2=" ">
    <subfield code="a">"Program for Research on Immigration Policy"--Cover.</subfield>
  </datafield>
  <datafield tag="504" ind1=" " ind2=" ">
    <subfield code="a">Includes bibliographical references.</subfield>
  </datafield>
  <datafield tag="520" ind1="0" ind2=" ">
    <subfield code="a">This report presents the proceedings of a conference on the International Effects of the Immigration Reform and Control Act of 1986 (IRCA) held in Guadalajara, Mexico, in May 1989. Sponsored by The RAND Corporation and The Urban Institute, the conference was attended by scholars and public officials from Mexico, the United States, and Canada who addressed the effects of IRCA in four areas: illegal immigration, U.S.-Mexico relations, Mexico, and the West Indies and inter-American relations. Each area was the basis of a working session whose presentations and discussions are summarized in the report. Also included are opening and closing speeches and 11 of the resource papers that were presented at the working sessions. The conference was part of the ongoing Program for Research on Immigration Policy, which was established by the two host organizations to provide analysis that will help inform policies on immigration and immigrants.</subfield>
  </datafield>
  <datafield tag="650" ind1=" " ind2="0">
    <subfield code="a">Emigration and immigration law</subfield>
    <subfield code="z">United States</subfield>
    <subfield code="v">Congresses.</subfield>
  </datafield>
  <datafield tag="650" ind1=" " ind2="0">
    <subfield code="a">Illegal aliens</subfield>
    <subfield code="z">United States</subfield>
    <subfield code="v">Congresses.</subfield>
  </datafield>
  <datafield tag="651" ind1=" " ind2="0">
    <subfield code="a">United States</subfield>
    <subfield code="x">Foreign relations</subfield>
    <subfield code="z">Mexico</subfield>
    <subfield code="v">Congresses.</subfield>
  </datafield>
  <datafield tag="651" ind1=" " ind2="0">
    <subfield code="a">Mexico</subfield>
    <subfield code="x">Foreign relations</subfield>
    <subfield code="z">United States</subfield>
    <subfield code="v">Congresses.</subfield>
  </datafield>
  <datafield tag="651" ind1=" " ind2="4">
    <subfield code="a">EE. UU.</subfield>
    <subfield code="x">Relaciones exteriores</subfield>
    <subfield code="z">México.</subfield>
  </datafield>
  <datafield tag="651" ind1=" " ind2="4">
    <subfield code="a">México</subfield>
    <subfield code="x">Relaciones exteriores</subfield>
    <subfield code="z">EE. UU.</subfield>
  </datafield>
  <datafield tag="650" ind1=" " ind2="7">
    <subfield code="a">Emigration and immigration law.</subfield>
    <subfield code="2">fast</subfield>
    <subfield code="0">(OCoLC)fst00908736</subfield>
  </datafield>
  <datafield tag="650" ind1=" " ind2="7">
    <subfield code="a">Illegal aliens.</subfield>
    <subfield code="2">fast</subfield>
    <subfield code="0">(OCoLC)fst00967153</subfield>
  </datafield>
  <datafield tag="650" ind1=" " ind2="7">
    <subfield code="a">Diplomatic relations.</subfield>
    <subfield code="2">fast</subfield>
    <subfield code="0">(OCoLC)fst01907412</subfield>
  </datafield>
  <datafield tag="651" ind1=" " ind2="7">
    <subfield code="a">Mexico.</subfield>
    <subfield code="2">fast</subfield>
    <subfield code="0">(OCoLC)fst01211700</subfield>
  </datafield>
  <datafield tag="651" ind1=" " ind2="7">
    <subfield code="a">United States.</subfield>
    <subfield code="2">fast</subfield>
    <subfield code="0">(OCoLC)fst01204155</subfield>
  </datafield>
  <datafield tag="650" ind1=" " ind2="7">
    <subfield code="a">Émigration et immigration</subfield>
    <subfield code="x">Droit</subfield>
    <subfield code="z">États-Unis</subfield>
    <subfield code="x">Congrès.</subfield>
    <subfield code="2">ram</subfield>
  </datafield>
  <datafield tag="650" ind1=" " ind2="7">
    <subfield code="a">Immigrés clandestins</subfield>
    <subfield code="z">États-Unis</subfield>
    <subfield code="x">Congrès.</subfield>
    <subfield code="2">ram</subfield>
  </datafield>
  <datafield tag="610" ind1="2" ind2="7">
    <subfield code="a">Program for Research on Immigration Policy (U.S.)</subfield>
    <subfield code="2">unbisn</subfield>
  </datafield>
  <datafield tag="650" ind1="0" ind2="7">
    <subfield code="a">FOREIGN RELATIONS.</subfield>
    <subfield code="2">unbist</subfield>
  </datafield>
  <datafield tag="650" ind1="0" ind2="7">
    <subfield code="a">UNITED STATES.</subfield>
    <subfield code="2">unbist</subfield>
  </datafield>
  <datafield tag="650" ind1="0" ind2="7">
    <subfield code="a">MEXICO.</subfield>
    <subfield code="2">unbist</subfield>
  </datafield>
  <datafield tag="650" ind1="0" ind2="7">
    <subfield code="a">IMMIGRATION POLICY.</subfield>
    <subfield code="2">unbist</subfield>
  </datafield>
  <datafield tag="650" ind1="0" ind2="7">
    <subfield code="a">IMMIGRATION LAW.</subfield>
    <subfield code="2">unbist</subfield>
  </datafield>
  <datafield tag="650" ind1="0" ind2="7">
    <subfield code="a">ILLEGAL IMMIGRATION.</subfield>
    <subfield code="2">unbist</subfield>
  </datafield>
  <datafield tag="655" ind1=" " ind2="7">
    <subfield code="a">Conference papers and proceedings.</subfield>
    <subfield code="2">fast</subfield>
    <subfield code="0">(OCoLC)fst01423772</subfield>
  </datafield>
  <datafield tag="700" ind1="1" ind2=" ">
    <subfield code="a">Vernez, Georges.</subfield>
  </datafield>
  <datafield tag="710" ind1="2" ind2=" ">
    <subfield code="a">Rand Corporation.</subfield>
  </datafield>
  <datafield tag="710" ind1="2" ind2=" ">
    <subfield code="a">Urban Institute.</subfield>
  </datafield>
  <datafield tag="710" ind1="2" ind2=" ">
    <subfield code="a">Program for Research on Immigration Policy (U.S.)</subfield>
  </datafield>
  <datafield tag="776" ind1="0" ind2="8">
    <subfield code="i">Online version:</subfield>
    <subfield code="a">Conference on the International Effects of the 1986 Immigration Reform and Control Act (IRCA) (1989 : Guadalajara, Mexico).</subfield>
    <subfield code="t">Immigration and international relations.</subfield>
    <subfield code="d">Santa Monica, CA : Rand Corp. ; Washington, DC : Urban Institute Press ; Lanham, MD : Distributed by University Press of America, ©1990</subfield>
    <subfield code="w">(OCoLC)551261938</subfield>
  </datafield>
  <datafield tag="830" ind1=" " ind2="0">
    <subfield code="a">Urban Institute report ;</subfield>
    <subfield code="v">90-7.</subfield>
  </datafield>
  
  
  
  
  
  
  
  
  
  
  
  
  
  
  
  
  
  
  
  
  
</record>