<record xmlns="http://www.loc.gov/MARC21/slim" xmlns:zs="http://docs.oasis-open.org/ns/search-ws/sruResponse">
  <leader>02430cgm a2200553Ma 4500</leader>
  <controlfield tag="001">ocm60760028 </controlfield>
  <controlfield tag="003">OCoLC</controlfield>
  <controlfield tag="005">20160312213907.0</controlfield>
  <controlfield tag="008">050526p20052002xx 097            vlger d</controlfield>
  <controlfield tag="007">vd cvaizq</controlfield>
  <datafield tag="040" ind1=" " ind2=" ">
    <subfield code="a">COO</subfield>
    <subfield code="b">eng</subfield>
    <subfield code="c">COO</subfield>
    <subfield code="d">SNU</subfield>
    <subfield code="d">OCLCQ</subfield>
    <subfield code="d">OCLCF</subfield>
    <subfield code="d">OCLCO</subfield>
    <subfield code="d">EMU</subfield>
    <subfield code="d">OCL</subfield>
  </datafield>
  <datafield tag="020" ind1=" " ind2=" ">
    <subfield code="a">3898480437</subfield>
  </datafield>
  <datafield tag="020" ind1=" " ind2=" ">
    <subfield code="a">9783898480437</subfield>
  </datafield>
  <datafield tag="035" ind1=" " ind2=" ">
    <subfield code="a">(OCoLC)60760028</subfield>
  </datafield>
  <datafield tag="041" ind1="0" ind2=" ">
    <subfield code="a">ger</subfield>
    <subfield code="a">tur</subfield>
    <subfield code="j">ger</subfield>
  </datafield>
  <datafield tag="046" ind1=" " ind2=" ">
    <subfield code="k">2002</subfield>
  </datafield>
  <datafield tag="050" ind1="1" ind2="4">
    <subfield code="a">PN1997.2</subfield>
    <subfield code="b">K54 2005</subfield>
  </datafield>
  <datafield tag="245" ind1="0" ind2="0">
    <subfield code="a">Kleine Freiheit</subfield>
    <subfield code="h">[videorecording] =</subfield>
    <subfield code="b">Küçük özgürlük /</subfield>
    <subfield code="c">ein Cotta Media Entertainment und Peter Stockhaus Filmproduktion in co-Produktion mit ZDF, das kleine Fernsehspiel ; ein Film von Yüksel Yavuz.</subfield>
  </datafield>
  <datafield tag="246" ind1="3" ind2="1">
    <subfield code="a">Küçük özgürlük</subfield>
  </datafield>
  <datafield tag="260" ind1=" " ind2=" ">
    <subfield code="a">[S.l.] :</subfield>
    <subfield code="b">Absolut Medien,</subfield>
    <subfield code="c">[2005]</subfield>
  </datafield>
  <datafield tag="300" ind1=" " ind2=" ">
    <subfield code="a">1 videodisc (97 min.) :</subfield>
    <subfield code="b">sd., col. ;</subfield>
    <subfield code="c">4 3/4 in.</subfield>
  </datafield>
  <datafield tag="538" ind1=" " ind2=" ">
    <subfield code="a">DVD 5, PAL, codefree, Bildformat: 16:9, Dolby stereo.</subfield>
  </datafield>
  <datafield tag="538" ind1=" " ind2=" ">
    <subfield code="a">System requirement: PAL DVD player.</subfield>
  </datafield>
  <datafield tag="546" ind1=" " ind2=" ">
    <subfield code="a">German and Turkish with German subtitles.</subfield>
  </datafield>
  <datafield tag="511" ind1="1" ind2=" ">
    <subfield code="a">Çağdaş Bozkurt, Leroy Delmar.</subfield>
  </datafield>
  <datafield tag="508" ind1=" " ind2=" ">
    <subfield code="a">Kamera, Patrick Orth.</subfield>
  </datafield>
  <datafield tag="500" ind1=" " ind2=" ">
    <subfield code="a">"Best. Nr.: 043"--Disc label.</subfield>
  </datafield>
  <datafield tag="500" ind1=" " ind2=" ">
    <subfield code="a">Originally produced as a motion picture in 2002.</subfield>
  </datafield>
  <datafield tag="520" ind1=" " ind2=" ">
    <subfield code="a">Baran is a young Kurd living illegally in Hamburg after his asylum application is rejected. He meets seventeen-year old Chernor, also an illegal and stateless immigrant. The two become friends, struggling to survive in Altona, the immigrant neighborhood which is also home to the Reeperbahn red light district.</subfield>
  </datafield>
  <datafield tag="650" ind1=" " ind2="0">
    <subfield code="a">Feature films.</subfield>
  </datafield>
  <datafield tag="650" ind1=" " ind2="0">
    <subfield code="a">Kurds</subfield>
    <subfield code="z">Germany</subfield>
    <subfield code="v">Drama.</subfield>
  </datafield>
  <datafield tag="650" ind1=" " ind2="0">
    <subfield code="a">Illegal aliens</subfield>
    <subfield code="z">Germany</subfield>
    <subfield code="v">Drama.</subfield>
  </datafield>
  <datafield tag="650" ind1=" " ind2="7">
    <subfield code="a">Feature films.</subfield>
    <subfield code="2">fast</subfield>
    <subfield code="0">(OCoLC)fst00922105</subfield>
  </datafield>
  <datafield tag="650" ind1=" " ind2="7">
    <subfield code="a">Illegal aliens.</subfield>
    <subfield code="2">fast</subfield>
    <subfield code="0">(OCoLC)fst00967153</subfield>
  </datafield>
  <datafield tag="650" ind1=" " ind2="7">
    <subfield code="a">Kurds.</subfield>
    <subfield code="2">fast</subfield>
    <subfield code="0">(OCoLC)fst00989403</subfield>
  </datafield>
  <datafield tag="651" ind1=" " ind2="7">
    <subfield code="a">Germany.</subfield>
    <subfield code="2">fast</subfield>
    <subfield code="0">(OCoLC)fst01210272</subfield>
  </datafield>
  <datafield tag="655" ind1=" " ind2="7">
    <subfield code="a">Drama.</subfield>
    <subfield code="2">fast</subfield>
    <subfield code="0">(OCoLC)fst01423879</subfield>
  </datafield>
  <datafield tag="700" ind1="1" ind2=" ">
    <subfield code="a">Yavuz, Yüksel.</subfield>
  </datafield>
  <datafield tag="700" ind1="1" ind2=" ">
    <subfield code="a">Bozkurt, Çağdaş.</subfield>
  </datafield>
  <datafield tag="700" ind1="1" ind2=" ">
    <subfield code="a">Delmar, Leroy.</subfield>
  </datafield>
  <datafield tag="700" ind1="1" ind2=" ">
    <subfield code="a">Kamera, Patrick Orth.</subfield>
  </datafield>
  <datafield tag="710" ind1="2" ind2=" ">
    <subfield code="a">Absolut Medien GmbH.</subfield>
  </datafield>
  <datafield tag="710" ind1="2" ind2=" ">
    <subfield code="a">Cotta Media Entertainment.</subfield>
  </datafield>
  <datafield tag="710" ind1="2" ind2=" ">
    <subfield code="a">Peter Stockhaus Filmproduktion (Firm)</subfield>
  </datafield>
  <datafield tag="710" ind1="2" ind2=" ">
    <subfield code="a">Redaktion "Das Kleine Fernsehspiel."</subfield>
  </datafield>
  
  
  
  
</record>