<record xmlns="http://www.loc.gov/MARC21/slim" xmlns:zs="http://docs.oasis-open.org/ns/search-ws/sruResponse">
  <leader>03632cam a2200445Ki 4500</leader>
  <controlfield tag="001">ocn910894510</controlfield>
  <controlfield tag="003">OCoLC</controlfield>
  <controlfield tag="005">20160312213829.0</controlfield>
  <controlfield tag="008">150609s2015    nyu      b    001 0 eng  </controlfield>
  <datafield tag="040" ind1=" " ind2=" ">
    <subfield code="a">IAL</subfield>
    <subfield code="b">eng</subfield>
    <subfield code="e">rda</subfield>
    <subfield code="c">IAL</subfield>
    <subfield code="d">OCLCO</subfield>
    <subfield code="d">YDXCP</subfield>
    <subfield code="d">BTCTA</subfield>
    <subfield code="d">BDX</subfield>
    <subfield code="d">OCLCF</subfield>
    <subfield code="d">EQO</subfield>
    <subfield code="d">OCLCO</subfield>
    <subfield code="d">OCLCQ</subfield>
    <subfield code="d">NZAUC</subfield>
  </datafield>
  <datafield tag="019" ind1=" " ind2=" ">
    <subfield code="a">906120440</subfield>
  </datafield>
  <datafield tag="020" ind1=" " ind2=" ">
    <subfield code="a">9780190246792</subfield>
  </datafield>
  <datafield tag="020" ind1=" " ind2=" ">
    <subfield code="a">0190246790</subfield>
  </datafield>
  <datafield tag="035" ind1=" " ind2=" ">
    <subfield code="a">(OCoLC)910894510</subfield>
    <subfield code="z">(OCoLC)906120440</subfield>
  </datafield>
  <datafield tag="043" ind1=" " ind2=" ">
    <subfield code="a">n-us---</subfield>
  </datafield>
  <datafield tag="050" ind1=" " ind2="4">
    <subfield code="a">JV6477</subfield>
    <subfield code="b">.C37 2015</subfield>
  </datafield>
  <datafield tag="082" ind1="0" ind2="4">
    <subfield code="a">172.2</subfield>
    <subfield code="2">23</subfield>
  </datafield>
  <datafield tag="100" ind1="1" ind2=" ">
    <subfield code="a">Carens, Joseph H.</subfield>
  </datafield>
  <datafield tag="245" ind1="1" ind2="4">
    <subfield code="a">The ethics of immigration /</subfield>
    <subfield code="c">Joseph H. Carens.</subfield>
  </datafield>
  <datafield tag="264" ind1=" " ind2="1">
    <subfield code="a">New York :</subfield>
    <subfield code="b">Oxford University Press,</subfield>
    <subfield code="c">[2015]</subfield>
  </datafield>
  <datafield tag="300" ind1=" " ind2=" ">
    <subfield code="a">xvii, 364 pages ;</subfield>
    <subfield code="c">25 cm</subfield>
  </datafield>
  <datafield tag="336" ind1=" " ind2=" ">
    <subfield code="a">text</subfield>
    <subfield code="b">txt</subfield>
    <subfield code="2">rdacontent</subfield>
  </datafield>
  <datafield tag="337" ind1=" " ind2=" ">
    <subfield code="a">unmediated</subfield>
    <subfield code="b">n</subfield>
    <subfield code="2">rdamedia</subfield>
  </datafield>
  <datafield tag="338" ind1=" " ind2=" ">
    <subfield code="a">volume</subfield>
    <subfield code="b">nc</subfield>
    <subfield code="2">rdacarrier</subfield>
  </datafield>
  <datafield tag="504" ind1=" " ind2=" ">
    <subfield code="a">Includes bibliographical references (pages 315-352) and index.</subfield>
  </datafield>
  <datafield tag="520" ind1=" " ind2=" ">
    <subfield code="a">In The Ethics of Immigration, Joseph Carens synthesizes a lifetime of work to explore and illuminate one of the most pressing issues of our time. Immigration poses practical problems for western democracies and also challenges the ways in which people in democracies think about citizenship and belonging, about rights and responsibilities, and about freedom and equality. Carens begins by focusing on current immigration controversies in North America and Europe about access to citizenship, the integration of immigrants, temporary workers, irregular migrants and the admission of family members and refugees. Working within the moral framework provided by liberal democratic values, he argues that some of the practices of democratic states in these areas are morally defensible, while others need to be reformed. In the last part of the book he moves beyond the currently feasible to ask questions about immigration from a more fundamental perspective. He argues that democratic values of freedom and equality ultimately entail a commitment to open borders. Only in a world of open borders, he contends, will we live up to our most basic principles. Many will not agree with some of Carens' claims, especially his controversial conclusion, but none will be able to dismiss his views lightly. Powerfully argued by one of the world's leading political philosophers on the issue, The Ethics of Immigration is a landmark work on one of the most important global social trends of our era.</subfield>
  </datafield>
  <datafield tag="505" ind1="0" ind2=" ">
    <subfield code="g">Introduction:</subfield>
    <subfield code="t">Mapping the ethics of immigration --</subfield>
    <subfield code="g">Part 1:</subfield>
    <subfield code="t">Who belongs? --</subfield>
    <subfield code="t">Birthright citizenship --</subfield>
    <subfield code="t">Naturalization --</subfield>
    <subfield code="t">Beyond legal citizenship to inclusion --</subfield>
    <subfield code="t">Permanent residents --</subfield>
    <subfield code="t">Temporary workers --</subfield>
    <subfield code="t">Irregular migrants --</subfield>
    <subfield code="t">The theory of social membership --</subfield>
    <subfield code="g">Part 2:</subfield>
    <subfield code="t">Who should get in? --</subfield>
    <subfield code="t">Ordinary admissions --</subfield>
    <subfield code="t">Refugees --</subfield>
    <subfield code="t">The case for open borders --</subfield>
    <subfield code="t">The claims of community --</subfield>
    <subfield code="g">Conclusion --</subfield>
    <subfield code="g">Appendix:</subfield>
    <subfield code="t">Presuppositions and political theory.</subfield>
  </datafield>
  <datafield tag="651" ind1=" " ind2="0">
    <subfield code="a">United States</subfield>
    <subfield code="x">Emigration and immigration</subfield>
    <subfield code="x">Government policy.</subfield>
  </datafield>
  <datafield tag="650" ind1=" " ind2="0">
    <subfield code="a">Illegal aliens</subfield>
    <subfield code="x">Government policy</subfield>
    <subfield code="z">United States.</subfield>
  </datafield>
  <datafield tag="650" ind1=" " ind2="0">
    <subfield code="a">Emigration and immigration</subfield>
    <subfield code="x">Moral and ethical aspects.</subfield>
  </datafield>
  <datafield tag="650" ind1=" " ind2="7">
    <subfield code="a">Emigration and immigration</subfield>
    <subfield code="x">Government policy.</subfield>
    <subfield code="2">fast</subfield>
    <subfield code="0">(OCoLC)fst00908700</subfield>
  </datafield>
  <datafield tag="650" ind1=" " ind2="7">
    <subfield code="a">Emigration and immigration</subfield>
    <subfield code="x">Moral and ethical aspects.</subfield>
    <subfield code="2">fast</subfield>
    <subfield code="0">(OCoLC)fst01352898</subfield>
  </datafield>
  <datafield tag="650" ind1=" " ind2="7">
    <subfield code="a">Illegal aliens</subfield>
    <subfield code="x">Government policy.</subfield>
    <subfield code="2">fast</subfield>
    <subfield code="0">(OCoLC)fst00967160</subfield>
  </datafield>
  <datafield tag="651" ind1=" " ind2="7">
    <subfield code="a">United States.</subfield>
    <subfield code="2">fast</subfield>
    <subfield code="0">(OCoLC)fst01204155</subfield>
  </datafield>
  
  
  
  
  
  
</record>