<record xmlns="http://www.loc.gov/MARC21/slim" xmlns:zs="http://docs.oasis-open.org/ns/search-ws/sruResponse">
  <leader>02851cam a2200685Ia 4500</leader>
  <controlfield tag="001">ocm43636529 </controlfield>
  <controlfield tag="003">OCoLC</controlfield>
  <controlfield tag="005">20160312213810.0</controlfield>
  <controlfield tag="008">000315s1999    cc a          000 0 chi d</controlfield>
  <datafield tag="040" ind1=" " ind2=" ">
    <subfield code="a">SXP</subfield>
    <subfield code="b">eng</subfield>
    <subfield code="c">SXP</subfield>
    <subfield code="d">UMC</subfield>
    <subfield code="d">OCLCF</subfield>
    <subfield code="d">OCLCQ</subfield>
    <subfield code="d">OCLCO</subfield>
  </datafield>
  <datafield tag="066" ind1=" " ind2=" ">
    <subfield code="c">$1</subfield>
  </datafield>
  <datafield tag="020" ind1=" " ind2=" ">
    <subfield code="a">962856353X</subfield>
  </datafield>
  <datafield tag="020" ind1=" " ind2=" ">
    <subfield code="a">9789628563531</subfield>
  </datafield>
  <datafield tag="035" ind1=" " ind2=" ">
    <subfield code="a">(OCoLC)43636529</subfield>
  </datafield>
  <datafield tag="041" ind1="1" ind2=" ">
    <subfield code="a">chi</subfield>
    <subfield code="h">eng</subfield>
  </datafield>
  <datafield tag="043" ind1=" " ind2=" ">
    <subfield code="a">n-us---</subfield>
    <subfield code="a">a-cc---</subfield>
  </datafield>
  <datafield tag="050" ind1=" " ind2="4">
    <subfield code="a">E184.C5</subfield>
    <subfield code="b">C47413 1999</subfield>
  </datafield>
  <datafield tag="082" ind1="0" ind2="4">
    <subfield code="a">304.873051</subfield>
  </datafield>
  <datafield tag="100" ind1="1" ind2=" ">
    <subfield code="6">880-01</subfield>
    <subfield code="a">Chin, Ko-lin.</subfield>
  </datafield>
  <datafield tag="240" ind1="1" ind2="0">
    <subfield code="a">Smuggled Chinese.</subfield>
    <subfield code="l">Chinese</subfield>
  </datafield>
  <datafield tag="245" ind1="1" ind2="0">
    <subfield code="6">880-02</subfield>
    <subfield code="a">Tou du Meiguo /</subfield>
    <subfield code="c">Chen Guolin zhu ; Li Yanbo yi.</subfield>
  </datafield>
  <datafield tag="246" ind1="1" ind2="4">
    <subfield code="a">Human snakes : illegal Chinese immigrants in America</subfield>
  </datafield>
  <datafield tag="250" ind1=" " ind2=" ">
    <subfield code="6">880-03</subfield>
    <subfield code="a">Di 1 ban.</subfield>
  </datafield>
  <datafield tag="260" ind1=" " ind2=" ">
    <subfield code="6">880-04</subfield>
    <subfield code="a">Xianggang :</subfield>
    <subfield code="b">Ming jing chu ban she,</subfield>
    <subfield code="c">1999.</subfield>
  </datafield>
  <datafield tag="300" ind1=" " ind2=" ">
    <subfield code="a">308 pages :</subfield>
    <subfield code="b">illustrations ;</subfield>
    <subfield code="c">21 cm.</subfield>
  </datafield>
  <datafield tag="336" ind1=" " ind2=" ">
    <subfield code="a">text</subfield>
    <subfield code="b">txt</subfield>
    <subfield code="2">rdacontent</subfield>
  </datafield>
  <datafield tag="337" ind1=" " ind2=" ">
    <subfield code="a">unmediated</subfield>
    <subfield code="b">n</subfield>
    <subfield code="2">rdamedia</subfield>
  </datafield>
  <datafield tag="338" ind1=" " ind2=" ">
    <subfield code="a">volume</subfield>
    <subfield code="b">nc</subfield>
    <subfield code="2">rdacarrier</subfield>
  </datafield>
  <datafield tag="490" ind1="1" ind2=" ">
    <subfield code="6">880-05</subfield>
    <subfield code="a">"Fu hua shi jie" xi lie ;</subfield>
    <subfield code="v">18</subfield>
  </datafield>
  <datafield tag="650" ind1=" " ind2="0">
    <subfield code="a">Chinese</subfield>
    <subfield code="z">United States</subfield>
    <subfield code="x">Social conditions.</subfield>
  </datafield>
  <datafield tag="650" ind1=" " ind2="0">
    <subfield code="a">Illegal aliens</subfield>
    <subfield code="z">United States</subfield>
    <subfield code="x">Social conditions.</subfield>
  </datafield>
  <datafield tag="650" ind1=" " ind2="0">
    <subfield code="a">Immigrants</subfield>
    <subfield code="z">United States</subfield>
    <subfield code="x">Social conditions.</subfield>
  </datafield>
  <datafield tag="650" ind1=" " ind2="0">
    <subfield code="a">Smuggling</subfield>
    <subfield code="z">United States.</subfield>
  </datafield>
  <datafield tag="651" ind1=" " ind2="0">
    <subfield code="a">United States</subfield>
    <subfield code="x">Emigration and immigration.</subfield>
  </datafield>
  <datafield tag="651" ind1=" " ind2="0">
    <subfield code="a">China</subfield>
    <subfield code="x">Emigration and immigration.</subfield>
  </datafield>
  <datafield tag="650" ind1=" " ind2="7">
    <subfield code="a">Chinese</subfield>
    <subfield code="x">Social conditions.</subfield>
    <subfield code="2">fast</subfield>
    <subfield code="0">(OCoLC)fst00857214</subfield>
  </datafield>
  <datafield tag="650" ind1=" " ind2="7">
    <subfield code="a">Emigration and immigration.</subfield>
    <subfield code="2">fast</subfield>
    <subfield code="0">(OCoLC)fst00908690</subfield>
  </datafield>
  <datafield tag="650" ind1=" " ind2="7">
    <subfield code="a">Illegal aliens</subfield>
    <subfield code="x">Social conditions.</subfield>
    <subfield code="2">fast</subfield>
    <subfield code="0">(OCoLC)fst00967171</subfield>
  </datafield>
  <datafield tag="650" ind1=" " ind2="7">
    <subfield code="a">Immigrants</subfield>
    <subfield code="x">Social conditions.</subfield>
    <subfield code="2">fast</subfield>
    <subfield code="0">(OCoLC)fst00967782</subfield>
  </datafield>
  <datafield tag="650" ind1=" " ind2="7">
    <subfield code="a">Smuggling.</subfield>
    <subfield code="2">fast</subfield>
    <subfield code="0">(OCoLC)fst01121775</subfield>
  </datafield>
  <datafield tag="651" ind1=" " ind2="7">
    <subfield code="a">China.</subfield>
    <subfield code="2">fast</subfield>
    <subfield code="0">(OCoLC)fst01206073</subfield>
  </datafield>
  <datafield tag="651" ind1=" " ind2="7">
    <subfield code="a">United States.</subfield>
    <subfield code="2">fast</subfield>
    <subfield code="0">(OCoLC)fst01204155</subfield>
  </datafield>
  <datafield tag="700" ind1="1" ind2=" ">
    <subfield code="6">880-06</subfield>
    <subfield code="a">Li, Yanbo.</subfield>
  </datafield>
  <datafield tag="830" ind1=" " ind2="0">
    <subfield code="6">880-07</subfield>
    <subfield code="a">"Fu hua shi jie" xi lie ;</subfield>
    <subfield code="v">18.</subfield>
  </datafield>
  <datafield tag="880" ind1="1" ind2=" ">
    <subfield code="6">100-01/$1</subfield>
    <subfield code="a">陳國霖.</subfield>
  </datafield>
  <datafield tag="880" ind1="1" ind2="0">
    <subfield code="6">245-02/$1</subfield>
    <subfield code="a">偷渡美國 /</subfield>
    <subfield code="c">陳國霖著 ; 李灔波譯.</subfield>
  </datafield>
  <datafield tag="880" ind1=" " ind2=" ">
    <subfield code="6">250-03/$1</subfield>
    <subfield code="a">第1版.</subfield>
  </datafield>
  <datafield tag="880" ind1=" " ind2=" ">
    <subfield code="6">260-04/$1</subfield>
    <subfield code="a">香港 :</subfield>
    <subfield code="b">明鏡出版社,</subfield>
    <subfield code="c">1999.</subfield>
  </datafield>
  <datafield tag="880" ind1="1" ind2=" ">
    <subfield code="6">490-05/$1</subfield>
    <subfield code="a">《浮華世界》系列 ;</subfield>
    <subfield code="v">18</subfield>
  </datafield>
  <datafield tag="880" ind1="1" ind2=" ">
    <subfield code="6">700-06/$1</subfield>
    <subfield code="a">李灔波.</subfield>
  </datafield>
  <datafield tag="880" ind1=" " ind2="0">
    <subfield code="6">830-07/$1</subfield>
    <subfield code="a">《浮華世界》系列 ;</subfield>
    <subfield code="v">18.</subfield>
  </datafield>
  
  
  
  
  
  
  
  
  
</record>