<record xmlns="http://www.loc.gov/MARC21/slim" xmlns:zs="http://docs.oasis-open.org/ns/search-ws/sruResponse">
  <leader>04185cam a2200565 a 4500</leader>
  <controlfield tag="001">ocn656451604</controlfield>
  <controlfield tag="003">OCoLC</controlfield>
  <controlfield tag="005">20160312213641.0</controlfield>
  <controlfield tag="008">110222s2011    nyu      b    001 0 eng  </controlfield>
  <datafield tag="010" ind1=" " ind2=" ">
    <subfield code="a">  2011007499</subfield>
  </datafield>
  <datafield tag="040" ind1=" " ind2=" ">
    <subfield code="a">DLC</subfield>
    <subfield code="b">eng</subfield>
    <subfield code="c">DLC</subfield>
    <subfield code="d">YDX</subfield>
    <subfield code="d">BTCTA</subfield>
    <subfield code="d">YDXCP</subfield>
    <subfield code="d">ABG</subfield>
    <subfield code="d">BWX</subfield>
    <subfield code="d">CDX</subfield>
    <subfield code="d">UKMGB</subfield>
    <subfield code="d">LMR</subfield>
    <subfield code="d">BDX</subfield>
    <subfield code="d">IGP</subfield>
    <subfield code="d">JYJ</subfield>
    <subfield code="d">OCLCA</subfield>
    <subfield code="d">NSB</subfield>
    <subfield code="d">KEC</subfield>
    <subfield code="d">VP@</subfield>
    <subfield code="d">OCLCF</subfield>
    <subfield code="d">OCLCQ</subfield>
    <subfield code="d">OCLCO</subfield>
    <subfield code="d">OVY</subfield>
    <subfield code="d">OCLCQ</subfield>
  </datafield>
  <datafield tag="016" ind1="7" ind2=" ">
    <subfield code="a">015968847</subfield>
    <subfield code="2">Uk</subfield>
  </datafield>
  <datafield tag="019" ind1=" " ind2=" ">
    <subfield code="a">811625123</subfield>
  </datafield>
  <datafield tag="020" ind1=" " ind2=" ">
    <subfield code="a">9781595586513</subfield>
    <subfield code="q">(hardcover)</subfield>
  </datafield>
  <datafield tag="020" ind1=" " ind2=" ">
    <subfield code="a">1595586512</subfield>
    <subfield code="q">(hardcover)</subfield>
  </datafield>
  <datafield tag="035" ind1=" " ind2=" ">
    <subfield code="a">(OCoLC)656451604</subfield>
    <subfield code="z">(OCoLC)811625123</subfield>
  </datafield>
  <datafield tag="043" ind1=" " ind2=" ">
    <subfield code="a">n-us---</subfield>
  </datafield>
  <datafield tag="050" ind1="0" ind2="0">
    <subfield code="a">JV6475</subfield>
    <subfield code="b">.L58 2011</subfield>
  </datafield>
  <datafield tag="082" ind1="0" ind2="0">
    <subfield code="a">305.9/0691</subfield>
    <subfield code="2">22</subfield>
  </datafield>
  <datafield tag="245" ind1="0" ind2="0">
    <subfield code="a">Living "illegal" :</subfield>
    <subfield code="b">the human face of unauthorized immigration /</subfield>
    <subfield code="c">Marie Friedmann Marquardt [and others].</subfield>
  </datafield>
  <datafield tag="260" ind1=" " ind2=" ">
    <subfield code="a">New York, NY :</subfield>
    <subfield code="b">New Press :</subfield>
    <subfield code="b">Distributed by Perseus Distribution,</subfield>
    <subfield code="c">©2011.</subfield>
  </datafield>
  <datafield tag="300" ind1=" " ind2=" ">
    <subfield code="a">328 pages ;</subfield>
    <subfield code="c">22 cm</subfield>
  </datafield>
  <datafield tag="336" ind1=" " ind2=" ">
    <subfield code="a">text</subfield>
    <subfield code="b">txt</subfield>
    <subfield code="2">rdacontent</subfield>
  </datafield>
  <datafield tag="337" ind1=" " ind2=" ">
    <subfield code="a">unmediated</subfield>
    <subfield code="b">n</subfield>
    <subfield code="2">rdamedia</subfield>
  </datafield>
  <datafield tag="338" ind1=" " ind2=" ">
    <subfield code="a">volume</subfield>
    <subfield code="b">nc</subfield>
    <subfield code="2">rdacarrier</subfield>
  </datafield>
  <datafield tag="504" ind1=" " ind2=" ">
    <subfield code="a">Includes bibliographical references (pages 295-313) and index.</subfield>
  </datafield>
  <datafield tag="505" ind1="0" ind2=" ">
    <subfield code="a">Why migrate?: making sense of unauthorized migration -- People in motion: life crossing and across borders -- Living together, living apart: interethnic relations in new immigrant destinations -- "Picking up the Cross": churches on the front lines -- Migrants mobilize: finding a voice in local and national debates -- Appendix: Time line of important immigration policy.</subfield>
  </datafield>
  <datafield tag="520" ind1=" " ind2=" ">
    <subfield code="a">Today's polarized debates over immigration revolve around a set of one dimensional characters and unchallenged stereotypes. Yet the resulting policy prescriptions, not least of them Arizona's draconian new law SB 1070, are dangerously real and profoundly counterproductive. This book is an account of the least understood and most relevant aspects of the American immigrant experience today. Based on years of research into the lives of ordinary migrants, it offers stories of real people, working, building families, and enriching their communities even as the political climate grows more hostile. Moving far beyond stock images and conventional explanations, it challenges our assumptions about why immigrants come to the United States, where they settle, and how they have adapted to the often confusing patchwork of local immigration ordinances. This revealing narrative takes us into Southern churches (which have quietly emerged as the only organizations open to migrants), into the fields of Florida, onto the streets of major American cities during the historic immigrant rights marches of 2006, and back and forth across different national boundaries, from Brazil to Mexico and Guatemala, and inside the national movement to pass the DREAM Act in 2010.</subfield>
  </datafield>
  <datafield tag="650" ind1=" " ind2="0">
    <subfield code="a">Illegal aliens</subfield>
    <subfield code="z">United States.</subfield>
  </datafield>
  <datafield tag="651" ind1=" " ind2="0">
    <subfield code="a">United States</subfield>
    <subfield code="x">Emigration and immigration</subfield>
    <subfield code="x">Social aspects.</subfield>
  </datafield>
  <datafield tag="650" ind1=" " ind2="7">
    <subfield code="a">Emigration and immigration</subfield>
    <subfield code="x">Social aspects.</subfield>
    <subfield code="2">fast</subfield>
    <subfield code="0">(OCoLC)fst00908722</subfield>
  </datafield>
  <datafield tag="650" ind1=" " ind2="7">
    <subfield code="a">Illegal aliens.</subfield>
    <subfield code="2">fast</subfield>
    <subfield code="0">(OCoLC)fst00967153</subfield>
  </datafield>
  <datafield tag="651" ind1=" " ind2="7">
    <subfield code="a">United States.</subfield>
    <subfield code="2">fast</subfield>
    <subfield code="0">(OCoLC)fst01204155</subfield>
  </datafield>
  <datafield tag="700" ind1="1" ind2=" ">
    <subfield code="a">Marquardt, Marie F.,</subfield>
    <subfield code="d">1972-</subfield>
  </datafield>
  
  
  
  
  
  
  
  
  
  
  
  
  
  
  
  
</record>