<record xmlns="http://www.loc.gov/MARC21/slim" xmlns:zs="http://docs.oasis-open.org/ns/search-ws/sruResponse">
  <leader>03749cam a2200757Ka 4500</leader>
  <controlfield tag="001">ocn462134749</controlfield>
  <controlfield tag="003">OCoLC</controlfield>
  <controlfield tag="005">20160312213857.0</controlfield>
  <controlfield tag="008">091102s2009    nyu     o     000 f eng d</controlfield>
  <controlfield tag="006">m     o  d        </controlfield>
  <controlfield tag="007">cr cn|||||||||</controlfield>
  <datafield tag="040" ind1=" " ind2=" ">
    <subfield code="a">TEFOD</subfield>
    <subfield code="b">eng</subfield>
    <subfield code="e">pn</subfield>
    <subfield code="c">TEFOD</subfield>
    <subfield code="d">OCLCF</subfield>
    <subfield code="d">OCLCO</subfield>
    <subfield code="d">N$T</subfield>
    <subfield code="d">TEF</subfield>
    <subfield code="d">YDXCP</subfield>
    <subfield code="d">OCLCQ</subfield>
    <subfield code="d">OCLCO</subfield>
    <subfield code="d">TEFOD</subfield>
  </datafield>
  <datafield tag="019" ind1=" " ind2=" ">
    <subfield code="a">894510528</subfield>
  </datafield>
  <datafield tag="020" ind1=" " ind2=" ">
    <subfield code="a">9780446551472</subfield>
    <subfield code="q">(electronic bk. ;</subfield>
    <subfield code="q">Adobe Digital Editions)</subfield>
  </datafield>
  <datafield tag="020" ind1=" " ind2=" ">
    <subfield code="a">0446551473</subfield>
    <subfield code="q">(electronic bk. ;</subfield>
    <subfield code="q">Adobe Digital Editions)</subfield>
  </datafield>
  <datafield tag="020" ind1=" " ind2=" ">
    <subfield code="a">9780446799904</subfield>
  </datafield>
  <datafield tag="020" ind1=" " ind2=" ">
    <subfield code="a">0446799904</subfield>
  </datafield>
  <datafield tag="020" ind1=" " ind2=" ">
    <subfield code="z">9780446507752</subfield>
  </datafield>
  <datafield tag="035" ind1=" " ind2=" ">
    <subfield code="a">(OCoLC)462134749</subfield>
    <subfield code="z">(OCoLC)894510528</subfield>
  </datafield>
  <datafield tag="037" ind1=" " ind2=" ">
    <subfield code="b">OverDrive, Inc.</subfield>
    <subfield code="n">http://www.overdrive.com</subfield>
  </datafield>
  <datafield tag="037" ind1=" " ind2=" ">
    <subfield code="a">CA98F715-BB5D-42E1-87EA-20FD20EBF7E2</subfield>
    <subfield code="b">OverDrive, Inc.</subfield>
    <subfield code="n">http://www.overdrive.com</subfield>
  </datafield>
  <datafield tag="043" ind1=" " ind2=" ">
    <subfield code="a">n-us---</subfield>
  </datafield>
  <datafield tag="050" ind1=" " ind2="4">
    <subfield code="a">PS3618.A4765</subfield>
    <subfield code="b">A44 2009eb</subfield>
  </datafield>
  <datafield tag="072" ind1=" " ind2="7">
    <subfield code="a">FIC</subfield>
    <subfield code="x">030000</subfield>
    <subfield code="2">bisacsh</subfield>
  </datafield>
  <datafield tag="082" ind1="0" ind2="4">
    <subfield code="a">813/.6</subfield>
    <subfield code="a">[Fic]</subfield>
    <subfield code="2">22</subfield>
  </datafield>
  <datafield tag="100" ind1="1" ind2=" ">
    <subfield code="a">Ramos y Sánchez, Raúl.</subfield>
  </datafield>
  <datafield tag="245" ind1="1" ind2="0">
    <subfield code="a">America libre</subfield>
    <subfield code="h">[electronic resource] /</subfield>
    <subfield code="c">Raul Ramos y Sanchez.</subfield>
  </datafield>
  <datafield tag="260" ind1=" " ind2=" ">
    <subfield code="a">New York :</subfield>
    <subfield code="b">Grand Central Pub.,</subfield>
    <subfield code="c">2009.</subfield>
  </datafield>
  <datafield tag="300" ind1=" " ind2=" ">
    <subfield code="a">1 online resource (294 pages)</subfield>
  </datafield>
  <datafield tag="336" ind1=" " ind2=" ">
    <subfield code="a">text</subfield>
    <subfield code="b">txt</subfield>
    <subfield code="2">rdacontent</subfield>
  </datafield>
  <datafield tag="337" ind1=" " ind2=" ">
    <subfield code="a">computer</subfield>
    <subfield code="b">c</subfield>
    <subfield code="2">rdamedia</subfield>
  </datafield>
  <datafield tag="338" ind1=" " ind2=" ">
    <subfield code="a">online resource</subfield>
    <subfield code="b">cr</subfield>
    <subfield code="2">rdacarrier</subfield>
  </datafield>
  <datafield tag="500" ind1=" " ind2=" ">
    <subfield code="a">"A novel of Family, Country, and Revolution."</subfield>
  </datafield>
  <datafield tag="520" ind1=" " ind2=" ">
    <subfield code="a">After years of anti-immigrant backlash, anger seethes in the nation's Latino communities; the crowded streets bristle with restless youth, idled by a deep recession. When undercover detectives in San Antonio accidentally kill a young Latina bystander during a botched drug bust, riots erupt across the Southwest.</subfield>
  </datafield>
  <datafield tag="588" ind1=" " ind2=" ">
    <subfield code="a">Description based on print version record.</subfield>
  </datafield>
  <datafield tag="651" ind1=" " ind2="0">
    <subfield code="a">United States</subfield>
    <subfield code="x">Emigration and immigration</subfield>
    <subfield code="v">Fiction.</subfield>
  </datafield>
  <datafield tag="651" ind1=" " ind2="0">
    <subfield code="a">United States</subfield>
    <subfield code="x">Ethnic relations</subfield>
    <subfield code="v">Fiction.</subfield>
  </datafield>
  <datafield tag="650" ind1=" " ind2="0">
    <subfield code="a">Illegal aliens</subfield>
    <subfield code="z">United States</subfield>
    <subfield code="x">Social conditions</subfield>
    <subfield code="v">Fiction.</subfield>
  </datafield>
  <datafield tag="650" ind1=" " ind2="0">
    <subfield code="a">Hispanic Americans</subfield>
    <subfield code="x">Crimes against</subfield>
    <subfield code="v">Fiction.</subfield>
  </datafield>
  <datafield tag="650" ind1=" " ind2="0">
    <subfield code="a">Insurgency</subfield>
    <subfield code="z">United States</subfield>
    <subfield code="v">Fiction.</subfield>
  </datafield>
  <datafield tag="650" ind1=" " ind2="0">
    <subfield code="a">Political violence</subfield>
    <subfield code="z">United States</subfield>
    <subfield code="v">Fiction.</subfield>
  </datafield>
  <datafield tag="650" ind1=" " ind2="0">
    <subfield code="a">Social change</subfield>
    <subfield code="z">Mexican-American Border Region</subfield>
    <subfield code="v">Fiction.</subfield>
  </datafield>
  <datafield tag="650" ind1=" " ind2="7">
    <subfield code="a">FICTION</subfield>
    <subfield code="x">Suspense.</subfield>
    <subfield code="2">bisacsh</subfield>
  </datafield>
  <datafield tag="650" ind1=" " ind2="7">
    <subfield code="a">Emigration and immigration.</subfield>
    <subfield code="2">fast</subfield>
    <subfield code="0">(OCoLC)fst00908690</subfield>
  </datafield>
  <datafield tag="650" ind1=" " ind2="7">
    <subfield code="a">Ethnic relations.</subfield>
    <subfield code="2">fast</subfield>
    <subfield code="0">(OCoLC)fst00916005</subfield>
  </datafield>
  <datafield tag="650" ind1=" " ind2="7">
    <subfield code="a">Hispanic Americans</subfield>
    <subfield code="x">Crimes against.</subfield>
    <subfield code="2">fast</subfield>
    <subfield code="0">(OCoLC)fst00957540</subfield>
  </datafield>
  <datafield tag="650" ind1=" " ind2="7">
    <subfield code="a">Illegal aliens</subfield>
    <subfield code="x">Social conditions.</subfield>
    <subfield code="2">fast</subfield>
    <subfield code="0">(OCoLC)fst00967171</subfield>
  </datafield>
  <datafield tag="650" ind1=" " ind2="7">
    <subfield code="a">Insurgency.</subfield>
    <subfield code="2">fast</subfield>
    <subfield code="0">(OCoLC)fst00975461</subfield>
  </datafield>
  <datafield tag="650" ind1=" " ind2="7">
    <subfield code="a">Political violence.</subfield>
    <subfield code="2">fast</subfield>
    <subfield code="0">(OCoLC)fst01069902</subfield>
  </datafield>
  <datafield tag="650" ind1=" " ind2="7">
    <subfield code="a">Social change.</subfield>
    <subfield code="2">fast</subfield>
    <subfield code="0">(OCoLC)fst01122310</subfield>
  </datafield>
  <datafield tag="651" ind1=" " ind2="7">
    <subfield code="a">North America</subfield>
    <subfield code="z">Mexican-American Border Region.</subfield>
    <subfield code="2">fast</subfield>
    <subfield code="0">(OCoLC)fst01239966</subfield>
  </datafield>
  <datafield tag="651" ind1=" " ind2="7">
    <subfield code="a">United States.</subfield>
    <subfield code="2">fast</subfield>
    <subfield code="0">(OCoLC)fst01204155</subfield>
  </datafield>
  <datafield tag="655" ind1=" " ind2="0">
    <subfield code="a">Suspense fiction.</subfield>
  </datafield>
  <datafield tag="655" ind1=" " ind2="4">
    <subfield code="a">Electronic books.</subfield>
  </datafield>
  <datafield tag="655" ind1=" " ind2="7">
    <subfield code="a">Fiction.</subfield>
    <subfield code="2">fast</subfield>
    <subfield code="0">(OCoLC)fst01423787</subfield>
  </datafield>
  <datafield tag="655" ind1=" " ind2="7">
    <subfield code="a">Domestic fiction.</subfield>
    <subfield code="2">gsafd</subfield>
  </datafield>
  <datafield tag="655" ind1=" " ind2="7">
    <subfield code="a">Suspense fiction.</subfield>
    <subfield code="2">gsafd</subfield>
  </datafield>
  <datafield tag="856" ind1="4" ind2="0">
    <subfield code="3">EBSCOhost</subfield>
    <subfield code="u">http://search.ebscohost.com/login.aspx?direct=true&amp;scope=site&amp;db=nlebk&amp;db=nlabk&amp;AN=767800</subfield>
  </datafield>
  <datafield tag="856" ind1="4" ind2="0">
    <subfield code="3">OverDrive</subfield>
    <subfield code="u">https://www.overdrive.com/search?q=CA98F715-BB5D-42E1-87EA-20FD20EBF7E2</subfield>
  </datafield>
  <datafield tag="856" ind1="4" ind2=" ">
    <subfield code="3">Excerpt</subfield>
    <subfield code="u">http://excerpts.cdn.overdrive.com/FormatType-410/0017-1/CA9/8F7/15/AmericaLibre9780446551472.epub</subfield>
  </datafield>
  <datafield tag="856" ind1="4" ind2=" ">
    <subfield code="3">Excerpt</subfield>
    <subfield code="u">https://samples.overdrive.com/?crid=CA98F715-BB5D-42E1-87EA-20FD20EBF7E2&amp;.epub-sample.overdrive.com</subfield>
  </datafield>
  <datafield tag="856" ind1="4" ind2=" ">
    <subfield code="3">Image</subfield>
    <subfield code="u">http://images.contentreserve.com/ImageType-100/0017-1/{CA98F715-BB5D-42E1-87EA-20FD20EBF7E2}Img100.jpg</subfield>
  </datafield>
  
  
  
  
</record>