<record xmlns="http://www.loc.gov/MARC21/slim" xmlns:zs="http://docs.oasis-open.org/ns/search-ws/sruResponse">
  <leader>04094cam a2200553 a 4500</leader>
  <controlfield tag="001">ocm26131000 </controlfield>
  <controlfield tag="003">OCoLC</controlfield>
  <controlfield tag="005">20160312213701.0</controlfield>
  <controlfield tag="008">920602s1993    nyu           000 1 eng  </controlfield>
  <datafield tag="010" ind1=" " ind2=" ">
    <subfield code="a">   92050387 </subfield>
  </datafield>
  <datafield tag="040" ind1=" " ind2=" ">
    <subfield code="a">DLC</subfield>
    <subfield code="b">eng</subfield>
    <subfield code="c">DLC</subfield>
    <subfield code="d">BTCTA</subfield>
    <subfield code="d">YDXCP</subfield>
    <subfield code="d">ZCU</subfield>
    <subfield code="d">OCLCF</subfield>
    <subfield code="d">OCLCO</subfield>
  </datafield>
  <datafield tag="020" ind1=" " ind2=" ">
    <subfield code="a">0670847798</subfield>
  </datafield>
  <datafield tag="020" ind1=" " ind2=" ">
    <subfield code="a">9780670847792</subfield>
  </datafield>
  <datafield tag="035" ind1=" " ind2=" ">
    <subfield code="a">(OCoLC)26131000</subfield>
  </datafield>
  <datafield tag="043" ind1=" " ind2=" ">
    <subfield code="a">n-mx---</subfield>
    <subfield code="a">n-us---</subfield>
  </datafield>
  <datafield tag="050" ind1="0" ind2="0">
    <subfield code="a">PS3569.H3923</subfield>
    <subfield code="b">I5 1993</subfield>
  </datafield>
  <datafield tag="082" ind1="0" ind2="0">
    <subfield code="a">813/.54</subfield>
    <subfield code="2">20</subfield>
  </datafield>
  <datafield tag="100" ind1="1" ind2=" ">
    <subfield code="a">Sheehan, Edward R. F.</subfield>
  </datafield>
  <datafield tag="245" ind1="1" ind2="0">
    <subfield code="a">Innocent darkness /</subfield>
    <subfield code="c">Edward R.F. Sheehan.</subfield>
  </datafield>
  <datafield tag="260" ind1=" " ind2=" ">
    <subfield code="a">New York :</subfield>
    <subfield code="b">Viking,</subfield>
    <subfield code="c">1993.</subfield>
  </datafield>
  <datafield tag="300" ind1=" " ind2=" ">
    <subfield code="a">339 p. ;</subfield>
    <subfield code="c">23 cm.</subfield>
  </datafield>
  <datafield tag="336" ind1=" " ind2=" ">
    <subfield code="a">text</subfield>
    <subfield code="b">txt</subfield>
    <subfield code="2">rdacontent</subfield>
  </datafield>
  <datafield tag="337" ind1=" " ind2=" ">
    <subfield code="a">unmediated</subfield>
    <subfield code="b">n</subfield>
    <subfield code="2">rdamedia</subfield>
  </datafield>
  <datafield tag="338" ind1=" " ind2=" ">
    <subfield code="a">volume</subfield>
    <subfield code="b">nc</subfield>
    <subfield code="2">rdacarrier</subfield>
  </datafield>
  <datafield tag="520" ind1=" " ind2=" ">
    <subfield code="a">A spell-binding novel of a modern-day Saint Francis, who is transformed by the drama, tragedy, and redemptive promise of one of the great migrations of history - along the river called the Rio Grande. Adrian Northwood is a painter and a very rich young man - his family contributes millions to the Vatican - whose wife and son have just died horribly. Suddenly rootless, the dazed and remorseful Northwood drives aimlessly through the United States, stopping finally at the U.S.-Mexican border. There he watches with fascination the endless stream of Mexicans and Central Americans struggling to cross the river - men, women, and glue-sniffing children in search of safety and salvation in a new world. In this squalor and misery of border-town survival, Adrian Northwood sees his future.</subfield>
  </datafield>
  <datafield tag="520" ind1="8" ind2=" ">
    <subfield code="a">Northwood buys abandoned barracks on the border and builds a shelter for the refugees. He brings in food, medicine. He finds a damaged boy. Can this be the son he has lost? He delivers a prostitute's child and takes the baby as his daughter. He becomes the savior of the dispossessed but the scourge of rednecks and rich Americans in the region, and of the Mexican police. One day he is arrested, thrown into a vast Mexican penitentiary, hell itself, and is tortured continuously. He survives only by his own inner strength; in his soul he hears the music of Mozart, the poetry of Goethe, remembers that he is needed. Out of prison his ordeal continues. His precious paintings - one a head of Saint Francis - have been stolen. He knows the thief, the Mexican vagabond and Judas, Lazaro. Adrian pursues Lazaro ever deeper into the interior and jungles of Mexico. But Adrian is also in pursuit of himself.</subfield>
  </datafield>
  <datafield tag="520" ind1="8" ind2=" ">
    <subfield code="a">With a vivid narrative drive and dazzling language, Edward Sheehan spans the vast distance between North and South, the corridors of St. Peter's and the hellhole of a Mexican prison. He reshapes the stuff of headlines into a novel that is timeless, almost mythic, in its resonances - and immensely moving.</subfield>
  </datafield>
  <datafield tag="650" ind1=" " ind2="0">
    <subfield code="a">Illegal aliens</subfield>
    <subfield code="x">Fiction.</subfield>
  </datafield>
  <datafield tag="651" ind1=" " ind2="0">
    <subfield code="a">Mexican-American Border Region</subfield>
    <subfield code="x">Fiction.</subfield>
  </datafield>
  <datafield tag="650" ind1=" " ind2="7">
    <subfield code="a">Illegal aliens.</subfield>
    <subfield code="2">fast</subfield>
    <subfield code="0">(OCoLC)fst00967153</subfield>
  </datafield>
  <datafield tag="651" ind1=" " ind2="7">
    <subfield code="a">North America</subfield>
    <subfield code="z">Mexican-American Border Region.</subfield>
    <subfield code="2">fast</subfield>
    <subfield code="0">(OCoLC)fst01239966</subfield>
  </datafield>
  <datafield tag="655" ind1=" " ind2="7">
    <subfield code="a">Adventure stories.</subfield>
    <subfield code="2">gsafd</subfield>
  </datafield>
  <datafield tag="655" ind1=" " ind2="7">
    <subfield code="a">Fiction.</subfield>
    <subfield code="2">fast</subfield>
    <subfield code="0">(OCoLC)fst01423787</subfield>
  </datafield>
  <datafield tag="776" ind1="0" ind2="8">
    <subfield code="i">Online version:</subfield>
    <subfield code="a">Sheehan, Edward R.F.</subfield>
    <subfield code="t">Innocent darkness.</subfield>
    <subfield code="d">New York : Viking, 1993</subfield>
    <subfield code="w">(OCoLC)624070640</subfield>
  </datafield>
  
  
  
  
  
  
  
  
  
  
  
  
  
  
  
</record>