<record xmlns="http://www.loc.gov/MARC21/slim" xmlns:zs="http://docs.oasis-open.org/ns/search-ws/sruResponse">
  <leader>01569cam a2200397Ia 4500</leader>
  <controlfield tag="001">ocm52385186 </controlfield>
  <controlfield tag="003">OCoLC</controlfield>
  <controlfield tag="005">20160312213754.0</controlfield>
  <controlfield tag="008">030606s2003    sz b     b   i000 0 eng d</controlfield>
  <datafield tag="040" ind1=" " ind2=" ">
    <subfield code="a">UIU</subfield>
    <subfield code="b">eng</subfield>
    <subfield code="c">UIU</subfield>
    <subfield code="d">ORU</subfield>
    <subfield code="d">OCLCQ</subfield>
    <subfield code="d">CUY</subfield>
    <subfield code="d">OCLCF</subfield>
    <subfield code="d">OCLCO</subfield>
    <subfield code="d">UKMGB</subfield>
    <subfield code="d">OCLCQ</subfield>
    <subfield code="d">OCLCO</subfield>
  </datafield>
  <datafield tag="016" ind1="7" ind2=" ">
    <subfield code="a">013765233</subfield>
    <subfield code="2">Uk</subfield>
  </datafield>
  <datafield tag="035" ind1=" " ind2=" ">
    <subfield code="a">(OCoLC)52385186</subfield>
  </datafield>
  <datafield tag="043" ind1=" " ind2=" ">
    <subfield code="a">a-tu---</subfield>
  </datafield>
  <datafield tag="050" ind1=" " ind2="4">
    <subfield code="a">JV8745</subfield>
    <subfield code="b">.I34 2003</subfield>
  </datafield>
  <datafield tag="100" ind1="1" ind2=" ">
    <subfield code="a">İçduygu, Ahmet.</subfield>
  </datafield>
  <datafield tag="245" ind1="1" ind2="0">
    <subfield code="a">Irregular migration in Turkey /</subfield>
    <subfield code="c">prepared for IOM by Ahmet Içduygu.</subfield>
  </datafield>
  <datafield tag="260" ind1=" " ind2=" ">
    <subfield code="a">[Geneva, Switzerland] :</subfield>
    <subfield code="b">International Organization for Migration,</subfield>
    <subfield code="c">2003.</subfield>
  </datafield>
  <datafield tag="300" ind1=" " ind2=" ">
    <subfield code="a">99 pages :</subfield>
    <subfield code="b">maps ;</subfield>
    <subfield code="c">24 cm.</subfield>
  </datafield>
  <datafield tag="336" ind1=" " ind2=" ">
    <subfield code="a">text</subfield>
    <subfield code="b">txt</subfield>
    <subfield code="2">rdacontent</subfield>
  </datafield>
  <datafield tag="337" ind1=" " ind2=" ">
    <subfield code="a">unmediated</subfield>
    <subfield code="b">n</subfield>
    <subfield code="2">rdamedia</subfield>
  </datafield>
  <datafield tag="338" ind1=" " ind2=" ">
    <subfield code="a">volume</subfield>
    <subfield code="b">nc</subfield>
    <subfield code="2">rdacarrier</subfield>
  </datafield>
  <datafield tag="490" ind1="1" ind2=" ">
    <subfield code="a">IOM migration research series,</subfield>
    <subfield code="x">1607-338X ;</subfield>
    <subfield code="v">no. 12</subfield>
  </datafield>
  <datafield tag="504" ind1=" " ind2=" ">
    <subfield code="a">Includes bibliographical references (pages 98-99).</subfield>
  </datafield>
  <datafield tag="650" ind1=" " ind2="0">
    <subfield code="a">Illegal aliens</subfield>
    <subfield code="z">Turkey.</subfield>
  </datafield>
  <datafield tag="651" ind1=" " ind2="0">
    <subfield code="a">Turkey</subfield>
    <subfield code="x">Emigration and immigration.</subfield>
  </datafield>
  <datafield tag="650" ind1=" " ind2="7">
    <subfield code="a">Emigration and immigration.</subfield>
    <subfield code="2">fast</subfield>
    <subfield code="0">(OCoLC)fst00908690</subfield>
  </datafield>
  <datafield tag="650" ind1=" " ind2="7">
    <subfield code="a">Illegal aliens.</subfield>
    <subfield code="2">fast</subfield>
    <subfield code="0">(OCoLC)fst00967153</subfield>
  </datafield>
  <datafield tag="651" ind1=" " ind2="7">
    <subfield code="a">Turkey.</subfield>
    <subfield code="2">fast</subfield>
    <subfield code="0">(OCoLC)fst01208963</subfield>
  </datafield>
  <datafield tag="710" ind1="2" ind2=" ">
    <subfield code="a">International Organization for Migration.</subfield>
  </datafield>
  <datafield tag="830" ind1=" " ind2="0">
    <subfield code="a">IOM migration research series ;</subfield>
    <subfield code="v">no. 12.</subfield>
    <subfield code="x">1607-338X</subfield>
  </datafield>
  
  
  
  
  
  
</record>