<record xmlns="http://www.loc.gov/MARC21/slim" xmlns:zs="http://docs.oasis-open.org/ns/search-ws/sruResponse">
  <leader>02964cam a2200589 a 4500</leader>
  <controlfield tag="001">ocm11372255 </controlfield>
  <controlfield tag="003">OCoLC</controlfield>
  <controlfield tag="005">20160312213804.0</controlfield>
  <controlfield tag="008">840718s1983    mx       b   f000 0 spa  </controlfield>
  <datafield tag="010" ind1=" " ind2=" ">
    <subfield code="a">   84187750 </subfield>
  </datafield>
  <datafield tag="040" ind1=" " ind2=" ">
    <subfield code="a">DLC</subfield>
    <subfield code="b">eng</subfield>
    <subfield code="c">DLC</subfield>
    <subfield code="d">EL$</subfield>
    <subfield code="d">LVB</subfield>
    <subfield code="d">OCLCO</subfield>
    <subfield code="d">OCLCA</subfield>
    <subfield code="d">OCLCF</subfield>
    <subfield code="d">OCLCQ</subfield>
    <subfield code="d">OCLCO</subfield>
  </datafield>
  <datafield tag="020" ind1=" " ind2=" ">
    <subfield code="a">9688131628</subfield>
  </datafield>
  <datafield tag="020" ind1=" " ind2=" ">
    <subfield code="a">9789688131626</subfield>
  </datafield>
  <datafield tag="035" ind1=" " ind2=" ">
    <subfield code="a">(OCoLC)11372255</subfield>
  </datafield>
  <datafield tag="043" ind1=" " ind2=" ">
    <subfield code="a">n-us---</subfield>
    <subfield code="a">n-mx---</subfield>
  </datafield>
  <datafield tag="050" ind1="0" ind2="0">
    <subfield code="a">KF4848.M48</subfield>
    <subfield code="b">O53 1983</subfield>
  </datafield>
  <datafield tag="082" ind1="0" ind2="0">
    <subfield code="a">344.73/0162</subfield>
    <subfield code="a">347.304162</subfield>
    <subfield code="2">19</subfield>
  </datafield>
  <datafield tag="100" ind1="1" ind2=" ">
    <subfield code="a">Oñate, Santiago.</subfield>
  </datafield>
  <datafield tag="245" ind1="1" ind2="4">
    <subfield code="a">Los trabajadores migratorios frente a la justicia norteamericana /</subfield>
    <subfield code="c">Santiago Oñate.</subfield>
  </datafield>
  <datafield tag="250" ind1=" " ind2=" ">
    <subfield code="a">1a ed.</subfield>
  </datafield>
  <datafield tag="260" ind1=" " ind2=" ">
    <subfield code="a">México :</subfield>
    <subfield code="b">Secretaría del Trabajo y Previsión Social, Unidad Coordinadora de Políticas, Estudios y Estadísticas del Trabajo,</subfield>
    <subfield code="c">1983.</subfield>
  </datafield>
  <datafield tag="300" ind1=" " ind2=" ">
    <subfield code="a">146 pages ;</subfield>
    <subfield code="c">23 cm.</subfield>
  </datafield>
  <datafield tag="336" ind1=" " ind2=" ">
    <subfield code="a">text</subfield>
    <subfield code="b">txt</subfield>
    <subfield code="2">rdacontent</subfield>
  </datafield>
  <datafield tag="337" ind1=" " ind2=" ">
    <subfield code="a">unmediated</subfield>
    <subfield code="b">n</subfield>
    <subfield code="2">rdamedia</subfield>
  </datafield>
  <datafield tag="338" ind1=" " ind2=" ">
    <subfield code="a">volume</subfield>
    <subfield code="b">nc</subfield>
    <subfield code="2">rdacarrier</subfield>
  </datafield>
  <datafield tag="490" ind1="1" ind2=" ">
    <subfield code="a">Cuadernos laborales ;</subfield>
    <subfield code="v">27</subfield>
  </datafield>
  <datafield tag="500" ind1=" " ind2=" ">
    <subfield code="a">"FONEP, Fondo Nacional de Estudios y Proyectos, fideicomiso de fomento económico en Nacional Financiera, S.A."--Cover.</subfield>
  </datafield>
  <datafield tag="504" ind1=" " ind2=" ">
    <subfield code="a">Includes bibliographical references.</subfield>
  </datafield>
  <datafield tag="650" ind1=" " ind2="0">
    <subfield code="a">Foreign workers, Mexican</subfield>
    <subfield code="x">Legal status, laws, etc.</subfield>
    <subfield code="z">United States.</subfield>
  </datafield>
  <datafield tag="650" ind1=" " ind2="0">
    <subfield code="a">Migrant agricultural laborers</subfield>
    <subfield code="x">Legal status, laws, etc.</subfield>
    <subfield code="z">United States.</subfield>
  </datafield>
  <datafield tag="650" ind1=" " ind2="0">
    <subfield code="a">Illegal aliens</subfield>
    <subfield code="z">United States.</subfield>
  </datafield>
  <datafield tag="650" ind1=" " ind2="0">
    <subfield code="a">Justice, Administration of</subfield>
    <subfield code="z">United States.</subfield>
  </datafield>
  <datafield tag="650" ind1=" " ind2="4">
    <subfield code="a">Trabajadores agrícolas</subfield>
    <subfield code="z">EE. UU.</subfield>
  </datafield>
  <datafield tag="650" ind1=" " ind2="4">
    <subfield code="a">Trabajadores extranjeros</subfield>
    <subfield code="z">EE. UU.</subfield>
  </datafield>
  <datafield tag="650" ind1=" " ind2="6">
    <subfield code="a">Travailleurs étrangers mexicains</subfield>
    <subfield code="x">Droit</subfield>
    <subfield code="z">États-Unis.</subfield>
  </datafield>
  <datafield tag="650" ind1=" " ind2="6">
    <subfield code="a">Travailleurs agricoles migrants</subfield>
    <subfield code="x">Droit</subfield>
    <subfield code="z">États-Unis.</subfield>
  </datafield>
  <datafield tag="650" ind1=" " ind2="6">
    <subfield code="a">Immigrants clandestins</subfield>
    <subfield code="z">États-Unis.</subfield>
  </datafield>
  <datafield tag="650" ind1=" " ind2="6">
    <subfield code="a">Justice pénale</subfield>
    <subfield code="x">Administration</subfield>
    <subfield code="z">États-Unis.</subfield>
  </datafield>
  <datafield tag="650" ind1=" " ind2="7">
    <subfield code="a">Foreign workers, Mexican</subfield>
    <subfield code="x">Legal status, laws, etc.</subfield>
    <subfield code="2">fast</subfield>
    <subfield code="0">(OCoLC)fst01729169</subfield>
  </datafield>
  <datafield tag="650" ind1=" " ind2="7">
    <subfield code="a">Illegal aliens.</subfield>
    <subfield code="2">fast</subfield>
    <subfield code="0">(OCoLC)fst00967153</subfield>
  </datafield>
  <datafield tag="650" ind1=" " ind2="7">
    <subfield code="a">Justice, Administration of.</subfield>
    <subfield code="2">fast</subfield>
    <subfield code="0">(OCoLC)fst00985154</subfield>
  </datafield>
  <datafield tag="650" ind1=" " ind2="7">
    <subfield code="a">Migrant agricultural laborers</subfield>
    <subfield code="x">Legal status, laws, etc.</subfield>
    <subfield code="2">fast</subfield>
    <subfield code="0">(OCoLC)fst01020699</subfield>
  </datafield>
  <datafield tag="651" ind1=" " ind2="7">
    <subfield code="a">United States.</subfield>
    <subfield code="2">fast</subfield>
    <subfield code="0">(OCoLC)fst01204155</subfield>
  </datafield>
  <datafield tag="776" ind1="0" ind2="8">
    <subfield code="i">Online version:</subfield>
    <subfield code="a">Oñate, Santiago.</subfield>
    <subfield code="t">Trabajadores migratorios frente a la justicia norteamericana.</subfield>
    <subfield code="b">1a ed.</subfield>
    <subfield code="d">México : Secretaría del Trabajo y Previsión Social, Unidad Coordinadora de Políticas, Estudios y Estadísticas del Trabajo, 1983</subfield>
    <subfield code="w">(OCoLC)609658669</subfield>
  </datafield>
  <datafield tag="830" ind1=" " ind2="0">
    <subfield code="a">Cuadernos laborales (Mexico City, Mexico) ;</subfield>
    <subfield code="v">27.</subfield>
  </datafield>
  
  
  
  
  
  
  
</record>