<record xmlns="http://www.loc.gov/MARC21/slim" xmlns:zs="http://docs.oasis-open.org/ns/search-ws/sruResponse">
  <leader>05632cam a2200673Ii 4500</leader>
  <controlfield tag="001">ocn908103442</controlfield>
  <controlfield tag="003">OCoLC</controlfield>
  <controlfield tag="005">20160312213750.0</controlfield>
  <controlfield tag="008">150428t20152015enk     ob    001 0 eng d</controlfield>
  <controlfield tag="006">m     o  d        </controlfield>
  <controlfield tag="007">cr cnu|unuuu||</controlfield>
  <datafield tag="040" ind1=" " ind2=" ">
    <subfield code="a">N$T</subfield>
    <subfield code="b">eng</subfield>
    <subfield code="e">rda</subfield>
    <subfield code="e">pn</subfield>
    <subfield code="c">N$T</subfield>
    <subfield code="d">N$T</subfield>
    <subfield code="d">IDEBK</subfield>
    <subfield code="d">E7B</subfield>
    <subfield code="d">YDXCP</subfield>
    <subfield code="d">CDX</subfield>
    <subfield code="d">EBLCP</subfield>
    <subfield code="d">OCLCO</subfield>
    <subfield code="d">WAU</subfield>
    <subfield code="d">OCLCO</subfield>
  </datafield>
  <datafield tag="019" ind1=" " ind2=" ">
    <subfield code="a">908512250</subfield>
  </datafield>
  <datafield tag="020" ind1=" " ind2=" ">
    <subfield code="a">9781317613916</subfield>
    <subfield code="q">(electronic book)</subfield>
  </datafield>
  <datafield tag="020" ind1=" " ind2=" ">
    <subfield code="a">1317613910</subfield>
    <subfield code="q">(electronic book)</subfield>
  </datafield>
  <datafield tag="020" ind1=" " ind2=" ">
    <subfield code="z">9781138807563</subfield>
    <subfield code="q">(hardback)</subfield>
  </datafield>
  <datafield tag="020" ind1=" " ind2=" ">
    <subfield code="z">1138807567</subfield>
    <subfield code="q">(hardback)</subfield>
  </datafield>
  <datafield tag="035" ind1=" " ind2=" ">
    <subfield code="a">(OCoLC)908103442</subfield>
    <subfield code="z">(OCoLC)908512250</subfield>
  </datafield>
  <datafield tag="043" ind1=" " ind2=" ">
    <subfield code="a">n-us---</subfield>
  </datafield>
  <datafield tag="050" ind1=" " ind2="4">
    <subfield code="a">JV6483</subfield>
    <subfield code="b">.I55428 2015eb</subfield>
  </datafield>
  <datafield tag="072" ind1=" " ind2="7">
    <subfield code="a">SOC</subfield>
    <subfield code="x">004000</subfield>
    <subfield code="2">bisacsh</subfield>
  </datafield>
  <datafield tag="082" ind1="0" ind2="4">
    <subfield code="a">364.1/370973</subfield>
    <subfield code="2">23</subfield>
  </datafield>
  <datafield tag="245" ind1="0" ind2="0">
    <subfield code="a">Immigration detention :</subfield>
    <subfield code="b">the migration of a policy and its human impact /</subfield>
    <subfield code="c">edited by Amy Nethery and Stephanie J. Silverman.</subfield>
  </datafield>
  <datafield tag="264" ind1=" " ind2="1">
    <subfield code="a">London ;</subfield>
    <subfield code="a">New York :</subfield>
    <subfield code="b">Routledge,</subfield>
    <subfield code="c">2015.</subfield>
  </datafield>
  <datafield tag="264" ind1=" " ind2="4">
    <subfield code="c">©2015</subfield>
  </datafield>
  <datafield tag="300" ind1=" " ind2=" ">
    <subfield code="a">1 online resource (167 pages)</subfield>
  </datafield>
  <datafield tag="336" ind1=" " ind2=" ">
    <subfield code="a">text</subfield>
    <subfield code="b">txt</subfield>
    <subfield code="2">rdacontent</subfield>
  </datafield>
  <datafield tag="337" ind1=" " ind2=" ">
    <subfield code="a">computer</subfield>
    <subfield code="b">c</subfield>
    <subfield code="2">rdamedia</subfield>
  </datafield>
  <datafield tag="338" ind1=" " ind2=" ">
    <subfield code="a">online resource</subfield>
    <subfield code="b">cr</subfield>
    <subfield code="2">rdacarrier</subfield>
  </datafield>
  <datafield tag="490" ind1="1" ind2=" ">
    <subfield code="a">Routledge series on global order studies ;</subfield>
    <subfield code="v">6</subfield>
  </datafield>
  <datafield tag="504" ind1=" " ind2=" ">
    <subfield code="a">Includes bibliographical references and index.</subfield>
  </datafield>
  <datafield tag="505" ind1="0" ind2=" ">
    <subfield code="a">Understanding immigration detention and its human impact -- 1. 'A proud tradition'? Immigration detention in the United Kingdom -- 2. Guarding the external border: immigration detention in the Netherlands -- 3. Games of law and repression: immigration detention in France -- 4. Balancing control with rights: immigration detention in Finland -- 5. Fortifying the European Union? Immigration detention in Malta and Cyprus -- 6. At the border of 'Fortress Europe': immigration detention in Turkey -- 7. Detention of asylum seekers en masse: immigration detention in the United States -- 8. Not so short and sweet: immigration detention in Canada -- 9. Evolution towards higher standards of human rights: immigration detention in Mexico -- 10. Breaching international law: immigration detention in Guantánamo Bay, Cuba -- 11. Mandatory, non-reviewable, indefinite: immigration detention in Australia -- 12. At the discretion of management: immigration detention in Indonesia -- 13. Illegality and its uncertainties: immigration detention in Malaysia -- 14. Australian neo-colonialism in the Pacific: immigration detention in Papua New Guinea -- 15. The expansion of illegality: immigration detention in South Africa -- 16. The union of securitisation and demography: immigration detention in Israel.</subfield>
  </datafield>
  <datafield tag="520" ind1=" " ind2=" ">
    <subfield code="a">"Before the turn of the century, few states used immigration detention. Today, nearly every state around the world has adopted immigration detention policy in some form. States practice detention as a means to address both the accelerating numbers of people crossing their borders, and the populations residing in their states without authorisation. This edited volume examines the contemporary diffusion of immigration detention policy throughout the world and the impact of this expansion on the prospects of protection for people seeking asylum. It includes contributions by immigration detention experts working in Australasia, the Americas, Europe, Africa and the Middle East. It is the first to set out a systematic comparison of immigration detention policy across these regions and to examine how immigration detention has become a ubiquitous part of border and immigration control strategies globally. In so doing, the volume presents a global perspective on the diversity of immigration detention policies and practices, how these circumstances developed, and the human impact of states exchanging individuals' rights to liberty for the collective assurance of border and immigration control. This text will be of key interest to scholars, students and practitioners of immigration, migration, public administration, comparative policy studies, comparative politics and international political economy"--Provided by publisher.</subfield>
  </datafield>
  <datafield tag="588" ind1="0" ind2=" ">
    <subfield code="a">Print version record.</subfield>
  </datafield>
  <datafield tag="650" ind1=" " ind2="0">
    <subfield code="a">Illegal aliens</subfield>
    <subfield code="x">Government policy</subfield>
    <subfield code="z">United States.</subfield>
  </datafield>
  <datafield tag="651" ind1=" " ind2="0">
    <subfield code="a">United States</subfield>
    <subfield code="x">Emigration and immigration</subfield>
    <subfield code="x">Government policy.</subfield>
  </datafield>
  <datafield tag="650" ind1=" " ind2="0">
    <subfield code="a">Detention of persons</subfield>
    <subfield code="z">United States.</subfield>
  </datafield>
  <datafield tag="650" ind1=" " ind2="7">
    <subfield code="a">SOCIAL SCIENCE / Criminology</subfield>
    <subfield code="2">bisacsh</subfield>
  </datafield>
  <datafield tag="655" ind1=" " ind2="0">
    <subfield code="a">Electronic books.</subfield>
  </datafield>
  <datafield tag="700" ind1="1" ind2=" ">
    <subfield code="a">Nethery, Amy,</subfield>
    <subfield code="e">editor.</subfield>
  </datafield>
  <datafield tag="700" ind1="1" ind2=" ">
    <subfield code="a">Silverman, Stephanie Jessica,</subfield>
    <subfield code="d">1982-</subfield>
    <subfield code="e">editor.</subfield>
  </datafield>
  <datafield tag="776" ind1="0" ind2="8">
    <subfield code="i">Print version:</subfield>
    <subfield code="t">Immigration detention.</subfield>
    <subfield code="d">London ; New York : Routledge, 2015</subfield>
    <subfield code="z">9781138807563</subfield>
    <subfield code="w">(DLC)  2014043511</subfield>
    <subfield code="w">(OCoLC)889181788</subfield>
  </datafield>
  <datafield tag="830" ind1=" " ind2="0">
    <subfield code="a">Routledge series on global order studies ;</subfield>
    <subfield code="v">6.</subfield>
  </datafield>
  <datafield tag="856" ind1="4" ind2="0">
    <subfield code="3">EBSCOhost</subfield>
    <subfield code="u">http://search.ebscohost.com/login.aspx?direct=true&amp;scope=site&amp;db=nlebk&amp;db=nlabk&amp;AN=985289</subfield>
  </datafield>
  <datafield tag="856" ind1="4" ind2="0">
    <subfield code="u">http://lib.myilibrary.com?id=775097</subfield>
    <subfield code="z">Connect to MyiLibrary resource.</subfield>
  </datafield>
  <datafield tag="856" ind1="4" ind2="0">
    <subfield code="u">http://alltitles.ebrary.com/Doc?id=11048300</subfield>
    <subfield code="z">An electronic book accessible through the World Wide Web; click to view</subfield>
    <subfield code="3">ebrary</subfield>
  </datafield>
  <datafield tag="856" ind1="4" ind2="0">
    <subfield code="z">Click here to view book</subfield>
    <subfield code="u">http://public.eblib.com/choice/PublicFullRecord.aspx?p=2034034</subfield>
    <subfield code="3">Ebook Library</subfield>
  </datafield>
  
  
  
  
  
  
  
  
  
  
  
  
</record>