<record xmlns="http://www.loc.gov/MARC21/slim" xmlns:zs="http://docs.oasis-open.org/ns/search-ws/sruResponse">
  <leader>03560cam a2200637 a 4500</leader>
  <controlfield tag="001">ocm57333792 </controlfield>
  <controlfield tag="003">OCoLC</controlfield>
  <controlfield tag="005">20160312213929.0</controlfield>
  <controlfield tag="008">041220s2004    fr       b    000 0 fre c</controlfield>
  <datafield tag="040" ind1=" " ind2=" ">
    <subfield code="a">TZT</subfield>
    <subfield code="b">eng</subfield>
    <subfield code="c">TZT</subfield>
    <subfield code="d">CGU</subfield>
    <subfield code="d">MUQ</subfield>
    <subfield code="d">UQ1</subfield>
    <subfield code="d">GEBAY</subfield>
    <subfield code="d">OCLCQ</subfield>
    <subfield code="d">OCLCO</subfield>
  </datafield>
  <datafield tag="020" ind1=" " ind2=" ">
    <subfield code="a">2747574903</subfield>
  </datafield>
  <datafield tag="020" ind1=" " ind2=" ">
    <subfield code="a">9782747574907</subfield>
  </datafield>
  <datafield tag="035" ind1=" " ind2=" ">
    <subfield code="a">(OCoLC)57333792</subfield>
  </datafield>
  <datafield tag="042" ind1=" " ind2=" ">
    <subfield code="a">pcc</subfield>
  </datafield>
  <datafield tag="043" ind1=" " ind2=" ">
    <subfield code="a">n-us---</subfield>
  </datafield>
  <datafield tag="050" ind1=" " ind2="4">
    <subfield code="a">HV6250.25</subfield>
    <subfield code="b">.V538 2004</subfield>
  </datafield>
  <datafield tag="072" ind1=" " ind2="7">
    <subfield code="a">HM</subfield>
    <subfield code="2">lcco</subfield>
  </datafield>
  <datafield tag="082" ind1="1" ind2="4">
    <subfield code="a">300</subfield>
    <subfield code="2">1</subfield>
  </datafield>
  <datafield tag="245" ind1="0" ind2="0">
    <subfield code="a">Victimes du présent, victimes du passé :</subfield>
    <subfield code="b">vers la sociologie des victimes /</subfield>
    <subfield code="c">sous la direction de Ewa Bogalska-Martin.</subfield>
  </datafield>
  <datafield tag="260" ind1=" " ind2=" ">
    <subfield code="a">Paris :</subfield>
    <subfield code="b">Harmattan,</subfield>
    <subfield code="c">2004.</subfield>
  </datafield>
  <datafield tag="300" ind1=" " ind2=" ">
    <subfield code="a">275 pages ;</subfield>
    <subfield code="c">22 cm.</subfield>
  </datafield>
  <datafield tag="336" ind1=" " ind2=" ">
    <subfield code="a">text</subfield>
    <subfield code="b">txt</subfield>
    <subfield code="2">rdacontent</subfield>
  </datafield>
  <datafield tag="337" ind1=" " ind2=" ">
    <subfield code="a">unmediated</subfield>
    <subfield code="b">n</subfield>
    <subfield code="2">rdamedia</subfield>
  </datafield>
  <datafield tag="338" ind1=" " ind2=" ">
    <subfield code="a">volume</subfield>
    <subfield code="b">nc</subfield>
    <subfield code="2">rdacarrier</subfield>
  </datafield>
  <datafield tag="490" ind1="1" ind2=" ">
    <subfield code="a">Logiques sociales</subfield>
  </datafield>
  <datafield tag="504" ind1=" " ind2=" ">
    <subfield code="a">Includes bibliographical references.</subfield>
  </datafield>
  <datafield tag="505" ind1="0" ind2="0">
    <subfield code="t">Avant-propos /</subfield>
    <subfield code="r">Ewa Bogalska-Martin --</subfield>
    <subfield code="t">Victimes du présent, nouvelles figures de l'étranger. --</subfield>
    <subfield code="t">Situation des victimes, membres de minorités ethniques en Allemagne /</subfield>
    <subfield code="r">Rainer Strobl --</subfield>
    <subfield code="t">Ils ont rêvé des Etats-Unis et ils ont trouvé la mort: victimisation et expérience chez les travailleurs sans papiers mexicains aux USA /</subfield>
    <subfield code="r">Rosio Cordova-Plaza --</subfield>
    <subfield code="t">Les "Sans papiers" /</subfield>
    <subfield code="r">Christiane Genet-Bensaïd --</subfield>
    <subfield code="t">Recompositions identitaires, juridiques et religieuses --</subfield>
    <subfield code="t">Les victimes collectives, une notion en cours d'élaboration /</subfield>
    <subfield code="r">Gaëlle Clavandier --</subfield>
    <subfield code="t">Se reconnaître victime: processus collectif de sémantisation d'une expérience singulière /</subfield>
    <subfield code="r">Eve Gardien --</subfield>
    <subfield code="t">La victime et les mutations du droit de la responsabilité /</subfield>
    <subfield code="r">Jamil Sayah --</subfield>
    <subfield code="t">Entre l'accomodation et la résistance: des imaginaires religieux aux dynamismes de reconstruction vitale des victimes déracinées par la violence socio-politique en Colombie /</subfield>
    <subfield code="r">Fabio Lozano --</subfield>
    <subfield code="t">Le Pentecôtisme au secours de la victime /</subfield>
    <subfield code="r">Guillermo Uribe --</subfield>
    <subfield code="t">Mémoire de victimes du passé --</subfield>
    <subfield code="t">Les droits de l'home au Chili, 30 ans après /</subfield>
    <subfield code="r">Bernardo Castro Ramírez --</subfield>
    <subfield code="t">Holocauste oublié, nation oubliée: quelle reconnaissance pour les Tsiganes en Europe? /</subfield>
    <subfield code="r">Ania Marchand --</subfield>
    <subfield code="t">Témoins-victimes: le sujet moderne, porteur de l'expérience et de la mémoire /</subfield>
    <subfield code="r">Ewa Bogalska-Martin --</subfield>
    <subfield code="t">Témoignages --</subfield>
    <subfield code="t">Une mère de la Plaza de Mayo /</subfield>
    <subfield code="r">Amelita Castellanos --</subfield>
    <subfield code="t">Les uns et les autres: violence et victimes dans le travail social /</subfield>
    <subfield code="r">Guillaume Grosbois.</subfield>
  </datafield>
  <datafield tag="650" ind1=" " ind2="0">
    <subfield code="a">Victims.</subfield>
  </datafield>
  <datafield tag="650" ind1=" " ind2="0">
    <subfield code="a">Romanies</subfield>
    <subfield code="x">Nazi persecution.</subfield>
  </datafield>
  <datafield tag="650" ind1=" " ind2="0">
    <subfield code="a">Illegal aliens</subfield>
    <subfield code="z">United States.</subfield>
  </datafield>
  <datafield tag="650" ind1=" " ind2="0">
    <subfield code="a">Victims of terrorism.</subfield>
  </datafield>
  <datafield tag="650" ind1=" " ind2="0">
    <subfield code="a">Victims of crimes</subfield>
    <subfield code="x">Legal status, laws, etc.</subfield>
  </datafield>
  <datafield tag="650" ind1=" " ind2="0">
    <subfield code="a">Church and social problems</subfield>
    <subfield code="x">Pentecostal churches.</subfield>
  </datafield>
  <datafield tag="650" ind1=" " ind2="6">
    <subfield code="a">Victimes</subfield>
    <subfield code="x">Aspect social.</subfield>
  </datafield>
  <datafield tag="650" ind1=" " ind2="6">
    <subfield code="a">Victimes.</subfield>
  </datafield>
  <datafield tag="650" ind1=" " ind2="6">
    <subfield code="a">Victimisation.</subfield>
  </datafield>
  <datafield tag="650" ind1=" " ind2="7">
    <subfield code="a">Victime.</subfield>
    <subfield code="2">rasuqam</subfield>
  </datafield>
  <datafield tag="650" ind1=" " ind2="7">
    <subfield code="a">Victimologie.</subfield>
    <subfield code="2">rasuqam</subfield>
  </datafield>
  <datafield tag="650" ind1=" " ind2="7">
    <subfield code="a">Mémoire collective.</subfield>
    <subfield code="2">rasuqam</subfield>
  </datafield>
  <datafield tag="650" ind1=" " ind2="7">
    <subfield code="a">Individu.</subfield>
    <subfield code="2">rasuqam</subfield>
  </datafield>
  <datafield tag="650" ind1=" " ind2="7">
    <subfield code="a">Société</subfield>
    <subfield code="2">rasuqam</subfield>
  </datafield>
  <datafield tag="650" ind1=" " ind2="7">
    <subfield code="a">Victimisation.</subfield>
    <subfield code="2">rasuqam</subfield>
  </datafield>
  <datafield tag="650" ind1="0" ind2="7">
    <subfield code="a">Opfer.</subfield>
    <subfield code="2">swd</subfield>
  </datafield>
  <datafield tag="650" ind1="0" ind2="7">
    <subfield code="a">Krieg.</subfield>
    <subfield code="2">swd</subfield>
  </datafield>
  <datafield tag="650" ind1="0" ind2="7">
    <subfield code="a">Verbrechen.</subfield>
    <subfield code="2">swd</subfield>
  </datafield>
  <datafield tag="650" ind1="0" ind2="7">
    <subfield code="a">Unrecht.</subfield>
    <subfield code="2">swd</subfield>
  </datafield>
  <datafield tag="650" ind1="0" ind2="7">
    <subfield code="a">Soziologie.</subfield>
    <subfield code="2">swd</subfield>
  </datafield>
  <datafield tag="700" ind1="1" ind2=" ">
    <subfield code="a">Bogalska-Martin, Ewa.</subfield>
  </datafield>
  <datafield tag="830" ind1=" " ind2="0">
    <subfield code="a">Logiques sociales.</subfield>
  </datafield>
  
  
  
  
  
  
  
</record>