<record xmlns="http://www.loc.gov/MARC21/slim" xmlns:zs="http://docs.oasis-open.org/ns/search-ws/sruResponse">
  <leader>03869cgm a2200829Ia 4500</leader>
  <controlfield tag="001">ocm31191372 </controlfield>
  <controlfield tag="003">OCoLC</controlfield>
  <controlfield tag="005">20160312213701.0</controlfield>
  <controlfield tag="008">940928p19941993ta 108            vleng d</controlfield>
  <controlfield tag="007">vf cbahou</controlfield>
  <datafield tag="040" ind1=" " ind2=" ">
    <subfield code="a">UAP</subfield>
    <subfield code="b">eng</subfield>
    <subfield code="c">UAP</subfield>
    <subfield code="d">OCL</subfield>
    <subfield code="d">A##</subfield>
    <subfield code="d">EMU</subfield>
    <subfield code="d">JED</subfield>
    <subfield code="d">OCLCQ</subfield>
    <subfield code="d">BTCTA</subfield>
    <subfield code="d">OCLCQ</subfield>
    <subfield code="d">OCLCG</subfield>
    <subfield code="d">BUR</subfield>
    <subfield code="d">CDS</subfield>
    <subfield code="d">OCLCA</subfield>
    <subfield code="d">OCLCQ</subfield>
    <subfield code="d">WAU</subfield>
    <subfield code="d">OCLCO</subfield>
    <subfield code="d">OCLCA</subfield>
    <subfield code="d">P4I</subfield>
    <subfield code="d">OCLCO</subfield>
    <subfield code="d">OCLCA</subfield>
  </datafield>
  <datafield tag="020" ind1=" " ind2=" ">
    <subfield code="a">0793981700</subfield>
  </datafield>
  <datafield tag="020" ind1=" " ind2=" ">
    <subfield code="a">9780793981700</subfield>
  </datafield>
  <datafield tag="028" ind1="4" ind2="2">
    <subfield code="a">8170</subfield>
    <subfield code="b">FoxVideo</subfield>
  </datafield>
  <datafield tag="035" ind1=" " ind2=" ">
    <subfield code="a">(OCoLC)31191372</subfield>
  </datafield>
  <datafield tag="041" ind1="1" ind2=" ">
    <subfield code="a">engchi</subfield>
    <subfield code="j">eng</subfield>
  </datafield>
  <datafield tag="043" ind1=" " ind2=" ">
    <subfield code="a">a-ch---</subfield>
    <subfield code="a">n-us---</subfield>
  </datafield>
  <datafield tag="050" ind1=" " ind2="4">
    <subfield code="a">PN1997</subfield>
    <subfield code="b">.W43 1994</subfield>
  </datafield>
  <datafield tag="082" ind1="0" ind2="4">
    <subfield code="a">791.4372</subfield>
  </datafield>
  <datafield tag="245" ind1="0" ind2="4">
    <subfield code="a">The wedding banquet</subfield>
    <subfield code="h">[videorecording] /</subfield>
    <subfield code="c">CBS Fox Video ; The Samuel Goldwyn Company ; Central Motion Pictures presents in association with Good Machine ; an Ang Lee film ; screenplay by Ang Lee, Neil Peng, James Schamus ; produced by Ted Hope, James Schamus, Ang Lee ; directed by Ang Lee.</subfield>
  </datafield>
  <datafield tag="246" ind1="3" ind2=" ">
    <subfield code="a">Xi yan</subfield>
  </datafield>
  <datafield tag="260" ind1=" " ind2=" ">
    <subfield code="a">Beverly Hills, Calif. :</subfield>
    <subfield code="b">FoxVideo,</subfield>
    <subfield code="c">c1994.</subfield>
  </datafield>
  <datafield tag="300" ind1=" " ind2=" ">
    <subfield code="a">1 videocassette (108 min.) :</subfield>
    <subfield code="b">sd., col. ;</subfield>
    <subfield code="c">1/2 in.</subfield>
  </datafield>
  <datafield tag="538" ind1=" " ind2=" ">
    <subfield code="a">VHS.</subfield>
  </datafield>
  <datafield tag="546" ind1=" " ind2=" ">
    <subfield code="a">Closed-captioned for the hearing impaired.</subfield>
  </datafield>
  <datafield tag="511" ind1="1" ind2=" ">
    <subfield code="a">Ah-Leh Gua, Sihung Lung, May Chin, Winston Chao, Mitchell Lichtenstein.</subfield>
  </datafield>
  <datafield tag="508" ind1=" " ind2=" ">
    <subfield code="a">Composer, Mader ; editor, Tim Squyres ; director of photography, Jong Lin.</subfield>
  </datafield>
  <datafield tag="500" ind1=" " ind2=" ">
    <subfield code="a">Originally released as a motion picture in 1993.</subfield>
  </datafield>
  <datafield tag="500" ind1=" " ind2=" ">
    <subfield code="a">"This film has been modified from its original version. It has been formatted to fit your TV screen."</subfield>
  </datafield>
  <datafield tag="520" ind1=" " ind2=" ">
    <subfield code="a">Comedy about the age-old conflict between parents and their children. In New York, the Taiwanese half of a gay couple hopes to end his parents' matchmaking by announcing that he's engaged. What he doesn't count on is that they'll fly in to meet the bride and plan the nuptials!</subfield>
  </datafield>
  <datafield tag="521" ind1="8" ind2=" ">
    <subfield code="a">MPAA rating: R.</subfield>
  </datafield>
  <datafield tag="650" ind1=" " ind2="0">
    <subfield code="a">Gay men</subfield>
    <subfield code="x">Family relationships</subfield>
    <subfield code="z">Taiwan</subfield>
    <subfield code="v">Drama.</subfield>
  </datafield>
  <datafield tag="650" ind1=" " ind2="0">
    <subfield code="a">Gay couples</subfield>
    <subfield code="z">New York (State)</subfield>
    <subfield code="z">New York</subfield>
    <subfield code="v">Drama.</subfield>
  </datafield>
  <datafield tag="650" ind1=" " ind2="0">
    <subfield code="a">Gay men</subfield>
    <subfield code="x">Family relationships</subfield>
    <subfield code="z">New York (State)</subfield>
    <subfield code="z">New York</subfield>
    <subfield code="v">Drama.</subfield>
  </datafield>
  <datafield tag="650" ind1=" " ind2="0">
    <subfield code="a">Gay men</subfield>
    <subfield code="z">New York (State)</subfield>
    <subfield code="z">New York</subfield>
    <subfield code="v">Drama.</subfield>
  </datafield>
  <datafield tag="650" ind1=" " ind2="0">
    <subfield code="a">Taiwanese</subfield>
    <subfield code="x">Family relationships</subfield>
    <subfield code="v">Drama.</subfield>
  </datafield>
  <datafield tag="650" ind1=" " ind2="0">
    <subfield code="a">Taiwanese</subfield>
    <subfield code="z">New York (State)</subfield>
    <subfield code="z">New York</subfield>
    <subfield code="v">Drama.</subfield>
  </datafield>
  <datafield tag="650" ind1=" " ind2="0">
    <subfield code="a">Taiwanese Americans</subfield>
    <subfield code="z">New York (State)</subfield>
    <subfield code="z">New York</subfield>
    <subfield code="v">Drama.</subfield>
  </datafield>
  <datafield tag="650" ind1=" " ind2="0">
    <subfield code="a">Homosexuality</subfield>
    <subfield code="z">New York (State)</subfield>
    <subfield code="z">New York</subfield>
    <subfield code="v">Drama.</subfield>
  </datafield>
  <datafield tag="650" ind1=" " ind2="0">
    <subfield code="a">Interethnic dating</subfield>
    <subfield code="z">New York (State)</subfield>
    <subfield code="z">New York</subfield>
    <subfield code="v">Drama.</subfield>
  </datafield>
  <datafield tag="650" ind1=" " ind2="0">
    <subfield code="a">Illegal aliens</subfield>
    <subfield code="z">New York (State)</subfield>
    <subfield code="z">New York</subfield>
    <subfield code="v">Drama.</subfield>
  </datafield>
  <datafield tag="650" ind1=" " ind2="0">
    <subfield code="a">Weddings</subfield>
    <subfield code="z">New York (State)</subfield>
    <subfield code="z">New York</subfield>
    <subfield code="v">Drama.</subfield>
  </datafield>
  <datafield tag="655" ind1=" " ind2="7">
    <subfield code="a">Feature films</subfield>
    <subfield code="z">United States.</subfield>
    <subfield code="2">local</subfield>
  </datafield>
  <datafield tag="655" ind1=" " ind2="7">
    <subfield code="a">Foreign language films</subfield>
    <subfield code="x">Chinese</subfield>
    <subfield code="x">Mandarin.</subfield>
    <subfield code="2">local</subfield>
  </datafield>
  <datafield tag="655" ind1=" " ind2="7">
    <subfield code="a">Feature films.</subfield>
    <subfield code="2">lcgft</subfield>
  </datafield>
  <datafield tag="700" ind1="1" ind2=" ">
    <subfield code="a">Lee, Ang,</subfield>
    <subfield code="d">1954-</subfield>
  </datafield>
  <datafield tag="700" ind1="1" ind2=" ">
    <subfield code="a">Hope, Ted.</subfield>
  </datafield>
  <datafield tag="700" ind1="1" ind2=" ">
    <subfield code="a">Schamus, James,</subfield>
    <subfield code="d">1959-</subfield>
  </datafield>
  <datafield tag="700" ind1="1" ind2=" ">
    <subfield code="a">Peng, Neil.</subfield>
  </datafield>
  <datafield tag="700" ind1="1" ind2=" ">
    <subfield code="a">Gui, Yalei,</subfield>
    <subfield code="d">1944-</subfield>
  </datafield>
  <datafield tag="700" ind1="1" ind2=" ">
    <subfield code="a">Lung, Sihung.</subfield>
  </datafield>
  <datafield tag="700" ind1="1" ind2=" ">
    <subfield code="a">Chin, May.</subfield>
  </datafield>
  <datafield tag="700" ind1="1" ind2=" ">
    <subfield code="a">Chao, Winston.</subfield>
  </datafield>
  <datafield tag="700" ind1="1" ind2=" ">
    <subfield code="a">Lichtenstein, Mitchell,</subfield>
    <subfield code="d">1956-</subfield>
  </datafield>
  <datafield tag="710" ind1="2" ind2=" ">
    <subfield code="a">CBS Fox Video.</subfield>
  </datafield>
  <datafield tag="710" ind1="2" ind2=" ">
    <subfield code="a">Samuel Goldwyn Co.</subfield>
  </datafield>
  <datafield tag="710" ind1="2" ind2=" ">
    <subfield code="a">Zhong yang dian ying shi ye gu fen you xian gong si.</subfield>
  </datafield>
  <datafield tag="710" ind1="2" ind2=" ">
    <subfield code="a">Good Machine (Firm)</subfield>
  </datafield>
  <datafield tag="710" ind1="2" ind2=" ">
    <subfield code="a">Fox Video (Firm)</subfield>
  </datafield>
  
  
  
  
  
  
  
  
  
  
  
  
  
</record>