<record xmlns="http://www.loc.gov/MARC21/slim" xmlns:zs="http://docs.oasis-open.org/ns/search-ws/sruResponse">
  <leader>04739cam a2200913 a 4500</leader>
  <controlfield tag="001">ocm53877619 </controlfield>
  <controlfield tag="003">OCoLC</controlfield>
  <controlfield tag="005">20160312213703.0</controlfield>
  <controlfield tag="008">040909s2003    qeaa     b    001 0 eng d</controlfield>
  <datafield tag="010" ind1=" " ind2=" ">
    <subfield code="a">  2004558033</subfield>
  </datafield>
  <datafield tag="040" ind1=" " ind2=" ">
    <subfield code="a">TLQ</subfield>
    <subfield code="b">eng</subfield>
    <subfield code="c">TLQ</subfield>
    <subfield code="d">DLC</subfield>
    <subfield code="d">GUL</subfield>
    <subfield code="d">BAKER</subfield>
    <subfield code="d">BTCTA</subfield>
    <subfield code="d">YDXCP</subfield>
    <subfield code="d">OCLCG</subfield>
    <subfield code="d">AU@</subfield>
    <subfield code="d">CUS</subfield>
    <subfield code="d">GEBAY</subfield>
    <subfield code="d">OCLCQ</subfield>
    <subfield code="d">VMC</subfield>
    <subfield code="d">OCLCF</subfield>
    <subfield code="d">OCLCQ</subfield>
    <subfield code="d">OCLCO</subfield>
    <subfield code="d">DEBBG</subfield>
    <subfield code="d">OCLCQ</subfield>
  </datafield>
  <datafield tag="019" ind1=" " ind2=" ">
    <subfield code="a">183926032</subfield>
  </datafield>
  <datafield tag="020" ind1=" " ind2=" ">
    <subfield code="a">0702234168</subfield>
  </datafield>
  <datafield tag="020" ind1=" " ind2=" ">
    <subfield code="a">9780702234163</subfield>
  </datafield>
  <datafield tag="035" ind1=" " ind2=" ">
    <subfield code="a">(OCoLC)53877619</subfield>
    <subfield code="z">(OCoLC)183926032</subfield>
  </datafield>
  <datafield tag="042" ind1=" " ind2=" ">
    <subfield code="a">lccopycat</subfield>
  </datafield>
  <datafield tag="043" ind1=" " ind2=" ">
    <subfield code="a">u-at---</subfield>
  </datafield>
  <datafield tag="050" ind1="0" ind2="0">
    <subfield code="a">HV640.4.A78</subfield>
    <subfield code="b">B74 2003</subfield>
  </datafield>
  <datafield tag="050" ind1="1" ind2="4">
    <subfield code="a">KU2144</subfield>
    <subfield code="b">.B74 2003</subfield>
  </datafield>
  <datafield tag="082" ind1="0" ind2="4">
    <subfield code="a">325.210994</subfield>
    <subfield code="2">22</subfield>
  </datafield>
  <datafield tag="084" ind1=" " ind2=" ">
    <subfield code="a">HD 315.230</subfield>
    <subfield code="2">rvk</subfield>
  </datafield>
  <datafield tag="100" ind1="1" ind2=" ">
    <subfield code="a">Brennan, Frank,</subfield>
    <subfield code="d">1954-</subfield>
  </datafield>
  <datafield tag="245" ind1="1" ind2="0">
    <subfield code="a">Tampering with asylum :</subfield>
    <subfield code="b">a universal humanitarian problem /</subfield>
    <subfield code="c">Frank Brennan.</subfield>
  </datafield>
  <datafield tag="260" ind1=" " ind2=" ">
    <subfield code="a">St Lucia, Qld. :</subfield>
    <subfield code="b">University of Queensland Press,</subfield>
    <subfield code="c">2003.</subfield>
  </datafield>
  <datafield tag="300" ind1=" " ind2=" ">
    <subfield code="a">xviii, 234 pages :</subfield>
    <subfield code="b">illustrations ;</subfield>
    <subfield code="c">23 cm</subfield>
  </datafield>
  <datafield tag="336" ind1=" " ind2=" ">
    <subfield code="a">text</subfield>
    <subfield code="b">txt</subfield>
    <subfield code="2">rdacontent</subfield>
  </datafield>
  <datafield tag="337" ind1=" " ind2=" ">
    <subfield code="a">unmediated</subfield>
    <subfield code="b">n</subfield>
    <subfield code="2">rdamedia</subfield>
  </datafield>
  <datafield tag="338" ind1=" " ind2=" ">
    <subfield code="a">volume</subfield>
    <subfield code="b">nc</subfield>
    <subfield code="2">rdacarrier</subfield>
  </datafield>
  <datafield tag="504" ind1=" " ind2=" ">
    <subfield code="a">Includes bibliographical references (pages 217-228) and index.</subfield>
  </datafield>
  <datafield tag="505" ind1="0" ind2=" ">
    <subfield code="a">1. The 1951 Convention on Refugees and the moral complexities of today -- 2. Four waves, Tampa and a firebreak -- 3. Border control -- 4. Reception and detention of unauthorised asylum seekers in Australia -- 5. Reception and detention in Europe and the United States -- 6. Courts and the adjudication of asylum claims -- 7. Refugee and humanitarian status -- 8. A warm-hearted, decent international citizen once again.</subfield>
  </datafield>
  <datafield tag="650" ind1=" " ind2="0">
    <subfield code="a">Political refugees</subfield>
    <subfield code="x">Government policy</subfield>
    <subfield code="z">Australia.</subfield>
  </datafield>
  <datafield tag="650" ind1=" " ind2="0">
    <subfield code="a">Illegal aliens</subfield>
    <subfield code="x">Government policy</subfield>
    <subfield code="z">Australia.</subfield>
  </datafield>
  <datafield tag="650" ind1=" " ind2="0">
    <subfield code="a">Refugees</subfield>
    <subfield code="x">Government policy</subfield>
    <subfield code="x">Moral and ethical aspects</subfield>
    <subfield code="z">Australia.</subfield>
  </datafield>
  <datafield tag="650" ind1=" " ind2="0">
    <subfield code="a">Asylum, Right of</subfield>
    <subfield code="z">Australia.</subfield>
  </datafield>
  <datafield tag="650" ind1=" " ind2="0">
    <subfield code="a">Detention of persons</subfield>
    <subfield code="z">Australia.</subfield>
  </datafield>
  <datafield tag="651" ind1=" " ind2="0">
    <subfield code="a">Australia</subfield>
    <subfield code="x">Emigration and immigration</subfield>
    <subfield code="x">Government policy.</subfield>
  </datafield>
  <datafield tag="610" ind1="2" ind2="0">
    <subfield code="a">Tampa (Ship)</subfield>
  </datafield>
  <datafield tag="610" ind1="2" ind2="7">
    <subfield code="a">Tampa (Ship)</subfield>
    <subfield code="2">fast</subfield>
    <subfield code="0">(OCoLC)fst00779893</subfield>
  </datafield>
  <datafield tag="650" ind1=" " ind2="7">
    <subfield code="a">Asylum, Right of.</subfield>
    <subfield code="2">fast</subfield>
    <subfield code="0">(OCoLC)fst00819842</subfield>
  </datafield>
  <datafield tag="650" ind1=" " ind2="7">
    <subfield code="a">Detention of persons.</subfield>
    <subfield code="2">fast</subfield>
    <subfield code="0">(OCoLC)fst00891620</subfield>
  </datafield>
  <datafield tag="650" ind1=" " ind2="7">
    <subfield code="a">Emigration and immigration</subfield>
    <subfield code="x">Government policy.</subfield>
    <subfield code="2">fast</subfield>
    <subfield code="0">(OCoLC)fst00908700</subfield>
  </datafield>
  <datafield tag="650" ind1=" " ind2="7">
    <subfield code="a">Illegal aliens</subfield>
    <subfield code="x">Government policy.</subfield>
    <subfield code="2">fast</subfield>
    <subfield code="0">(OCoLC)fst00967160</subfield>
  </datafield>
  <datafield tag="650" ind1=" " ind2="7">
    <subfield code="a">Political refugees</subfield>
    <subfield code="x">Government policy.</subfield>
    <subfield code="2">fast</subfield>
    <subfield code="0">(OCoLC)fst01069687</subfield>
  </datafield>
  <datafield tag="650" ind1=" " ind2="7">
    <subfield code="a">Refugees</subfield>
    <subfield code="x">Government policy</subfield>
    <subfield code="x">Moral and ethical aspects.</subfield>
    <subfield code="2">fast</subfield>
    <subfield code="0">(OCoLC)fst01092813</subfield>
  </datafield>
  <datafield tag="651" ind1=" " ind2="7">
    <subfield code="a">Australia.</subfield>
    <subfield code="2">fast</subfield>
    <subfield code="0">(OCoLC)fst01204543</subfield>
  </datafield>
  <datafield tag="650" ind1="0" ind2="7">
    <subfield code="a">Asylpolitik.</subfield>
    <subfield code="0">(DE-588)4199676-8</subfield>
    <subfield code="2">gnd</subfield>
  </datafield>
  <datafield tag="651" ind1=" " ind2="7">
    <subfield code="a">Australien.</subfield>
    <subfield code="0">(DE-588)4003900-6</subfield>
    <subfield code="2">gnd</subfield>
  </datafield>
  <datafield tag="650" ind1="0" ind2="7">
    <subfield code="a">Asylpolitik.</subfield>
    <subfield code="2">swd</subfield>
  </datafield>
  <datafield tag="650" ind1="0" ind2="7">
    <subfield code="a">Geschichte 1951-2001.</subfield>
    <subfield code="2">swd</subfield>
  </datafield>
  <datafield tag="651" ind1=" " ind2="7">
    <subfield code="a">Australien.</subfield>
    <subfield code="2">swd</subfield>
  </datafield>
  <datafield tag="648" ind1=" " ind2="4">
    <subfield code="a">Geschichte 1951-2001.</subfield>
  </datafield>
  <datafield tag="776" ind1="0" ind2="8">
    <subfield code="i">Online version:</subfield>
    <subfield code="a">Brennan, Frank, 1954-</subfield>
    <subfield code="t">Tampering with asylum.</subfield>
    <subfield code="d">St Lucia, Qld. : University of Queensland Press, 2003</subfield>
    <subfield code="w">(OCoLC)705962163</subfield>
  </datafield>
  <datafield tag="856" ind1="4" ind2="1">
    <subfield code="3">Table of contents</subfield>
    <subfield code="u">http://catdir.loc.gov/catdir/toc/fy051/2004558033.html</subfield>
  </datafield>
  <datafield tag="856" ind1="4" ind2="2">
    <subfield code="3">Publisher description</subfield>
    <subfield code="u">http://catdir.loc.gov/catdir/enhancements/fy0743/2004558033-d.html</subfield>
  </datafield>
  
  
  
  
  
  
  
  
  
  
  
  
  
  
  
  
  
  
  
  
  
  
  
  
  
</record>