<record xmlns="http://www.loc.gov/MARC21/slim" xmlns:zs="http://docs.oasis-open.org/ns/search-ws/sruResponse">
  <leader>02167cam a2200481Ia 4500</leader>
  <controlfield tag="001">ocm61264534 </controlfield>
  <controlfield tag="003">OCoLC</controlfield>
  <controlfield tag="005">20160312213934.0</controlfield>
  <controlfield tag="008">050815s1988    ne       b    100 0 fre d</controlfield>
  <datafield tag="040" ind1=" " ind2=" ">
    <subfield code="a">HVL</subfield>
    <subfield code="b">eng</subfield>
    <subfield code="c">HVL</subfield>
    <subfield code="d">NLGGC</subfield>
    <subfield code="d">EMI</subfield>
    <subfield code="d">OCLCQ</subfield>
    <subfield code="d">OCLCF</subfield>
    <subfield code="d">OCLCO</subfield>
    <subfield code="d">OCL</subfield>
  </datafield>
  <datafield tag="016" ind1="7" ind2=" ">
    <subfield code="a">B8836907</subfield>
    <subfield code="2">bccb</subfield>
  </datafield>
  <datafield tag="020" ind1=" " ind2=" ">
    <subfield code="a">9037300162</subfield>
  </datafield>
  <datafield tag="020" ind1=" " ind2=" ">
    <subfield code="a">9789037300161</subfield>
  </datafield>
  <datafield tag="035" ind1=" " ind2=" ">
    <subfield code="a">(OCoLC)61264534</subfield>
  </datafield>
  <datafield tag="043" ind1=" " ind2=" ">
    <subfield code="a">e-fr---</subfield>
    <subfield code="a">e-ne---</subfield>
  </datafield>
  <datafield tag="050" ind1=" " ind2="4">
    <subfield code="a">KJV4198.A55</subfield>
    <subfield code="b">C65 1988x</subfield>
  </datafield>
  <datafield tag="084" ind1=" " ind2=" ">
    <subfield code="a">86.58</subfield>
    <subfield code="2">bcl</subfield>
  </datafield>
  <datafield tag="245" ind1="0" ind2="3">
    <subfield code="a">La condition juridique de l'étranger hier et aujourd'hui :</subfield>
    <subfield code="b">actes du Colloque organisé à Nimègue les 9-11 mai 1988 /</subfield>
    <subfield code="c">par les Facultés de Droit de Poitiers et de Nimègue.</subfield>
  </datafield>
  <datafield tag="260" ind1=" " ind2=" ">
    <subfield code="a">Nijmegen :</subfield>
    <subfield code="b">Faculteit der Rechtsgeleerdheid. Katholieke Universiteit Nijmegen,</subfield>
    <subfield code="c">1988.</subfield>
  </datafield>
  <datafield tag="300" ind1=" " ind2=" ">
    <subfield code="a">vii, 265 pages ;</subfield>
    <subfield code="c">24 cm.</subfield>
  </datafield>
  <datafield tag="336" ind1=" " ind2=" ">
    <subfield code="a">text</subfield>
    <subfield code="b">txt</subfield>
    <subfield code="2">rdacontent</subfield>
  </datafield>
  <datafield tag="337" ind1=" " ind2=" ">
    <subfield code="a">unmediated</subfield>
    <subfield code="b">n</subfield>
    <subfield code="2">rdamedia</subfield>
  </datafield>
  <datafield tag="338" ind1=" " ind2=" ">
    <subfield code="a">volume</subfield>
    <subfield code="b">nc</subfield>
    <subfield code="2">rdacarrier</subfield>
  </datafield>
  <datafield tag="490" ind1="1" ind2=" ">
    <subfield code="a">Publikaties van de Faculteit der Rechtsgeleerdheid ;</subfield>
    <subfield code="v">nr. 1</subfield>
  </datafield>
  <datafield tag="504" ind1=" " ind2=" ">
    <subfield code="a">Includes bibliographical references.</subfield>
  </datafield>
  <datafield tag="650" ind1=" " ind2="0">
    <subfield code="a">Aliens</subfield>
    <subfield code="z">France</subfield>
    <subfield code="v">Congresses.</subfield>
  </datafield>
  <datafield tag="650" ind1=" " ind2="0">
    <subfield code="a">Aliens</subfield>
    <subfield code="z">Netherlands</subfield>
    <subfield code="v">Congresses.</subfield>
  </datafield>
  <datafield tag="650" ind1=" " ind2="0">
    <subfield code="a">Illegal aliens</subfield>
    <subfield code="v">Congresses.</subfield>
  </datafield>
  <datafield tag="650" ind1="1" ind2="7">
    <subfield code="a">Vreemdelingenrecht.</subfield>
    <subfield code="2">gtt</subfield>
  </datafield>
  <datafield tag="650" ind1=" " ind2="7">
    <subfield code="a">Aliens.</subfield>
    <subfield code="2">fast</subfield>
    <subfield code="0">(OCoLC)fst00805278</subfield>
  </datafield>
  <datafield tag="650" ind1=" " ind2="7">
    <subfield code="a">Illegal aliens.</subfield>
    <subfield code="2">fast</subfield>
    <subfield code="0">(OCoLC)fst00967153</subfield>
  </datafield>
  <datafield tag="651" ind1=" " ind2="7">
    <subfield code="a">France.</subfield>
    <subfield code="2">fast</subfield>
    <subfield code="0">(OCoLC)fst01204289</subfield>
  </datafield>
  <datafield tag="651" ind1=" " ind2="7">
    <subfield code="a">Netherlands.</subfield>
    <subfield code="2">fast</subfield>
    <subfield code="0">(OCoLC)fst01204034</subfield>
  </datafield>
  <datafield tag="655" ind1=" " ind2="7">
    <subfield code="a">Conference papers and proceedings.</subfield>
    <subfield code="2">fast</subfield>
    <subfield code="0">(OCoLC)fst01423772</subfield>
  </datafield>
  <datafield tag="710" ind1="2" ind2=" ">
    <subfield code="a">Faculté de droit et des sciences sociales de Poitiers.</subfield>
    <subfield code="b">Colloque</subfield>
    <subfield code="d">(1988 :</subfield>
    <subfield code="c">Nijmegen, Netherlands)</subfield>
  </datafield>
  <datafield tag="710" ind1="2" ind2=" ">
    <subfield code="a">Katholieke Universiteit Nijmegen.</subfield>
    <subfield code="b">Faculteit der Rechtsgeleerdheid.</subfield>
  </datafield>
  <datafield tag="830" ind1=" " ind2="0">
    <subfield code="a">Publikaties van de Faculteit der Rechtsgeleerdheid ;</subfield>
    <subfield code="v">nr. 1.</subfield>
  </datafield>
  
  
  
  
  
  
</record>