<record xmlns="http://www.loc.gov/MARC21/slim" xmlns:zs="http://docs.oasis-open.org/ns/search-ws/sruResponse">
  <leader>02283cam a2200505 a 4500</leader>
  <controlfield tag="001">ocn569182649</controlfield>
  <controlfield tag="003">OCoLC</controlfield>
  <controlfield tag="005">20160312213958.0</controlfield>
  <controlfield tag="008">100129s2007    ly a     b    000 0 ara  </controlfield>
  <datafield tag="010" ind1=" " ind2=" ">
    <subfield code="a">  2010332321</subfield>
  </datafield>
  <datafield tag="040" ind1=" " ind2=" ">
    <subfield code="a">DLC</subfield>
    <subfield code="b">eng</subfield>
    <subfield code="c">DLC</subfield>
    <subfield code="d">HLS</subfield>
    <subfield code="d">OCLCF</subfield>
    <subfield code="d">OCLCO</subfield>
    <subfield code="d">OCLCQ</subfield>
  </datafield>
  <datafield tag="066" ind1=" " ind2=" ">
    <subfield code="c">(3</subfield>
  </datafield>
  <datafield tag="019" ind1=" " ind2=" ">
    <subfield code="a">569582901</subfield>
  </datafield>
  <datafield tag="035" ind1=" " ind2=" ">
    <subfield code="a">(OCoLC)569182649</subfield>
    <subfield code="z">(OCoLC)569582901</subfield>
  </datafield>
  <datafield tag="042" ind1=" " ind2=" ">
    <subfield code="a">lcode</subfield>
    <subfield code="a">pcc</subfield>
  </datafield>
  <datafield tag="043" ind1=" " ind2=" ">
    <subfield code="a">ff-----</subfield>
    <subfield code="a">e------</subfield>
  </datafield>
  <datafield tag="050" ind1="0" ind2="0">
    <subfield code="a">JV8977</subfield>
    <subfield code="b">.H39 2007</subfield>
  </datafield>
  <datafield tag="100" ind1="1" ind2=" ">
    <subfield code="6">880-01</subfield>
    <subfield code="a">Ḥawwāt, ʻAlī.</subfield>
  </datafield>
  <datafield tag="245" ind1="1" ind2="3">
    <subfield code="6">880-02</subfield>
    <subfield code="a">al-Hijrah ghayr al-sharʻīyah ilá Ūrūbā ʻabra buldān al-Maghrib al-ʻArabī /</subfield>
    <subfield code="c">ʻAlī al-Ḥawwāt.</subfield>
  </datafield>
  <datafield tag="250" ind1=" " ind2=" ">
    <subfield code="6">880-03</subfield>
    <subfield code="a">al-Ṭabʻah 1.</subfield>
  </datafield>
  <datafield tag="260" ind1=" " ind2=" ">
    <subfield code="6">880-04</subfield>
    <subfield code="a">Ṭarāblus, Lībiyā :</subfield>
    <subfield code="b">Ittiḥād al-Maghrib al-ʻArabī, al-Jāmiʻah al-Maghāribīyah,</subfield>
    <subfield code="c">2007.</subfield>
  </datafield>
  <datafield tag="300" ind1=" " ind2=" ">
    <subfield code="a">200, 31, 68 pages :</subfield>
    <subfield code="b">illustrations ;</subfield>
    <subfield code="c">24 cm</subfield>
  </datafield>
  <datafield tag="336" ind1=" " ind2=" ">
    <subfield code="a">text</subfield>
    <subfield code="b">txt</subfield>
    <subfield code="2">rdacontent</subfield>
  </datafield>
  <datafield tag="337" ind1=" " ind2=" ">
    <subfield code="a">unmediated</subfield>
    <subfield code="b">n</subfield>
    <subfield code="2">rdamedia</subfield>
  </datafield>
  <datafield tag="338" ind1=" " ind2=" ">
    <subfield code="a">volume</subfield>
    <subfield code="b">nc</subfield>
    <subfield code="2">rdacarrier</subfield>
  </datafield>
  <datafield tag="504" ind1=" " ind2=" ">
    <subfield code="a">Includes bibliographical references.</subfield>
  </datafield>
  <datafield tag="520" ind1=" " ind2=" ">
    <subfield code="a">Illegal immigration; North Africa.</subfield>
  </datafield>
  <datafield tag="650" ind1=" " ind2="0">
    <subfield code="a">Illegal aliens</subfield>
    <subfield code="z">Africa, North.</subfield>
  </datafield>
  <datafield tag="650" ind1=" " ind2="0">
    <subfield code="a">Illegal aliens</subfield>
    <subfield code="z">European Union countries.</subfield>
  </datafield>
  <datafield tag="651" ind1=" " ind2="0">
    <subfield code="a">Africa, North</subfield>
    <subfield code="x">Emigration and immigration.</subfield>
  </datafield>
  <datafield tag="651" ind1=" " ind2="0">
    <subfield code="a">European Union countries</subfield>
    <subfield code="x">Emigration and immigration.</subfield>
  </datafield>
  <datafield tag="650" ind1=" " ind2="7">
    <subfield code="a">Emigration and immigration.</subfield>
    <subfield code="2">fast</subfield>
    <subfield code="0">(OCoLC)fst00908690</subfield>
  </datafield>
  <datafield tag="650" ind1=" " ind2="7">
    <subfield code="a">Illegal aliens.</subfield>
    <subfield code="2">fast</subfield>
    <subfield code="0">(OCoLC)fst00967153</subfield>
  </datafield>
  <datafield tag="651" ind1=" " ind2="7">
    <subfield code="a">Africa, North.</subfield>
    <subfield code="2">fast</subfield>
    <subfield code="0">(OCoLC)fst01239515</subfield>
  </datafield>
  <datafield tag="651" ind1=" " ind2="7">
    <subfield code="a">Europe</subfield>
    <subfield code="z">European Union countries.</subfield>
    <subfield code="2">fast</subfield>
    <subfield code="0">(OCoLC)fst01269470</subfield>
  </datafield>
  <datafield tag="880" ind1="1" ind2=" ">
    <subfield code="6">100-01/(3/r</subfield>
    <subfield code="a">حوات، علي.</subfield>
  </datafield>
  <datafield tag="880" ind1="1" ind2="2">
    <subfield code="6">245-02/(3/r</subfield>
    <subfield code="a">الهجرة غير الشرعية إلى أوروبا عبر بلدان المغرب العربي /</subfield>
    <subfield code="c">علي الحوات.</subfield>
  </datafield>
  <datafield tag="880" ind1=" " ind2=" ">
    <subfield code="6">250-03/(3/r</subfield>
    <subfield code="a">الطبعة 1.</subfield>
  </datafield>
  <datafield tag="880" ind1=" " ind2=" ">
    <subfield code="6">260-04/(3/r</subfield>
    <subfield code="a">طرابلس، ليبيا :</subfield>
    <subfield code="b">اتحاد المغرب العربي، منشورات الجامعة المغاربية،</subfield>
    <subfield code="c">2007.</subfield>
  </datafield>
  
  
  
  
  
  
</record>