<record xmlns="http://www.loc.gov/MARC21/slim" xmlns:zs="http://docs.oasis-open.org/ns/search-ws/sruResponse">
  <leader>02696cim a2200577Ka 4500</leader>
  <controlfield tag="001">ocn609999608</controlfield>
  <controlfield tag="003">OCoLC</controlfield>
  <controlfield tag="005">20160312213816.0</controlfield>
  <controlfield tag="008">100429s2009    orunnnn o      f  n eng d</controlfield>
  <controlfield tag="006">m     o  h        </controlfield>
  <controlfield tag="007">sz usnnnn|||ed</controlfield>
  <controlfield tag="007">cr nna||||||||</controlfield>
  <datafield tag="040" ind1=" " ind2=" ">
    <subfield code="a">TEFOD</subfield>
    <subfield code="b">eng</subfield>
    <subfield code="c">TEFOD</subfield>
    <subfield code="d">TEFOD</subfield>
    <subfield code="d">OCLCA</subfield>
    <subfield code="d">OCLCQ</subfield>
    <subfield code="d">OCLCO</subfield>
    <subfield code="d">OCLCA</subfield>
  </datafield>
  <datafield tag="020" ind1=" " ind2=" ">
    <subfield code="a">9781433264528 (sound recording : OverDrive Audio Book)</subfield>
  </datafield>
  <datafield tag="020" ind1=" " ind2=" ">
    <subfield code="a">1433264528 (sound recording : OverDrive Audio Book)</subfield>
  </datafield>
  <datafield tag="035" ind1=" " ind2=" ">
    <subfield code="a">(OCoLC)609999608</subfield>
  </datafield>
  <datafield tag="037" ind1=" " ind2=" ">
    <subfield code="b">OverDrive, Inc.</subfield>
    <subfield code="n">http://www.overdrive.com</subfield>
  </datafield>
  <datafield tag="043" ind1=" " ind2=" ">
    <subfield code="a">n-us-tx</subfield>
    <subfield code="a">a-cc---</subfield>
  </datafield>
  <datafield tag="050" ind1="1" ind2="4">
    <subfield code="a">PR6063.A884</subfield>
    <subfield code="b">S53 2009ab</subfield>
  </datafield>
  <datafield tag="082" ind1="0" ind2="4">
    <subfield code="a">813/.6</subfield>
    <subfield code="2">22</subfield>
  </datafield>
  <datafield tag="100" ind1="1" ind2=" ">
    <subfield code="a">May, Peter,</subfield>
    <subfield code="d">1951-</subfield>
  </datafield>
  <datafield tag="245" ind1="1" ind2="0">
    <subfield code="a">Snakehead</subfield>
    <subfield code="h">[electronic resource] /</subfield>
    <subfield code="c">Peter May.</subfield>
  </datafield>
  <datafield tag="260" ind1=" " ind2=" ">
    <subfield code="a">[Ashland, Or.] :</subfield>
    <subfield code="b">Blackstone Audio, Inc.,</subfield>
    <subfield code="c">2009.</subfield>
  </datafield>
  <datafield tag="306" ind1=" " ind2=" ">
    <subfield code="a">102112</subfield>
  </datafield>
  <datafield tag="490" ind1="1" ind2=" ">
    <subfield code="a">Beijing series ;</subfield>
    <subfield code="v">bk. 4</subfield>
  </datafield>
  <datafield tag="538" ind1=" " ind2=" ">
    <subfield code="a">Requires OverDrive Media Console (WMA file size: 148799 KB; MP3 file size: 291575 KB).</subfield>
  </datafield>
  <datafield tag="538" ind1=" " ind2=" ">
    <subfield code="a">Mode of access: World Wide Web.</subfield>
  </datafield>
  <datafield tag="500" ind1=" " ind2=" ">
    <subfield code="a">Downloadable audio file.</subfield>
  </datafield>
  <datafield tag="500" ind1=" " ind2=" ">
    <subfield code="a">Title from: Title details screen.</subfield>
  </datafield>
  <datafield tag="500" ind1=" " ind2=" ">
    <subfield code="a">Unabridged.</subfield>
  </datafield>
  <datafield tag="511" ind1="0" ind2=" ">
    <subfield code="a">Read by Simon Vance.</subfield>
  </datafield>
  <datafield tag="500" ind1=" " ind2=" ">
    <subfield code="a">Duration: 10:21:12.</subfield>
  </datafield>
  <datafield tag="520" ind1=" " ind2=" ">
    <subfield code="a">In the fourth of Peter May's acclaimed China thrillers, American pathologist Margaret Campbell finds herself back on home soil, only to be faced by a truck full of dead Chinese and an unavoidable confrontation with her past.</subfield>
  </datafield>
  <datafield tag="650" ind1=" " ind2="0">
    <subfield code="a">Women pathologists</subfield>
    <subfield code="v">Fiction.</subfield>
  </datafield>
  <datafield tag="650" ind1=" " ind2="0">
    <subfield code="a">Chinese</subfield>
    <subfield code="z">Texas</subfield>
    <subfield code="x">Death</subfield>
    <subfield code="v">Fiction.</subfield>
  </datafield>
  <datafield tag="650" ind1=" " ind2="0">
    <subfield code="a">Illegal aliens</subfield>
    <subfield code="v">Fiction.</subfield>
  </datafield>
  <datafield tag="650" ind1=" " ind2="0">
    <subfield code="a">Campbell, Margaret (Fictitious character)</subfield>
    <subfield code="v">Fiction.</subfield>
  </datafield>
  <datafield tag="650" ind1=" " ind2="0">
    <subfield code="a">Li, Yan (Fictitious character)</subfield>
    <subfield code="v">Fiction.</subfield>
  </datafield>
  <datafield tag="655" ind1=" " ind2="7">
    <subfield code="a">Adventure fiction.</subfield>
    <subfield code="2">gsafd</subfield>
  </datafield>
  <datafield tag="655" ind1=" " ind2="7">
    <subfield code="a">Audiobooks.</subfield>
    <subfield code="2">lcgft</subfield>
  </datafield>
  <datafield tag="700" ind1="1" ind2=" ">
    <subfield code="a">Vance, Simon.</subfield>
  </datafield>
  <datafield tag="776" ind1="1" ind2=" ">
    <subfield code="c">Original</subfield>
    <subfield code="z">1433264463</subfield>
    <subfield code="w">(OCoLC)311551596</subfield>
  </datafield>
  <datafield tag="800" ind1="1" ind2=" ">
    <subfield code="a">May, Peter,</subfield>
    <subfield code="d">1951-</subfield>
    <subfield code="t">Beijing series ;</subfield>
    <subfield code="v">bk. 4.</subfield>
  </datafield>
  <datafield tag="856" ind1="4" ind2=" ">
    <subfield code="3">Excerpt</subfield>
    <subfield code="u">http://excerpts.contentreserve.com/FormatType-25/0887-1/221689-Snakehead.wma</subfield>
  </datafield>
  <datafield tag="856" ind1="4" ind2=" ">
    <subfield code="3">Excerpt</subfield>
    <subfield code="u">http://excerpts.contentreserve.com/FormatType-425/0887-1/221689-Snakehead.mp3</subfield>
  </datafield>
  <datafield tag="856" ind1="4" ind2=" ">
    <subfield code="3">Image</subfield>
    <subfield code="u">http://images.contentreserve.com/ImageType-100/0887-1/{1B57B3F8-5594-4A54-B088-230DB23C71FA}Img100.jpg</subfield>
  </datafield>
  <datafield tag="856" ind1="4" ind2="0">
    <subfield code="3">OverDrive WMA</subfield>
    <subfield code="u">http://www.contentreserve.com/TitleInfo.asp?ID={1B57B3F8-5594-4A54-B088-230DB23C71FA}&amp;Format=25</subfield>
    <subfield code="z">Click for information on WMA version</subfield>
  </datafield>
  <datafield tag="856" ind1="4" ind2="0">
    <subfield code="3">OverDrive MP3</subfield>
    <subfield code="u">http://www.contentreserve.com/TitleInfo.asp?ID=1B57B3F8-5594-4A54-B088-230DB23C71FA&amp;Format=425</subfield>
    <subfield code="z">Click for information on MP3 version</subfield>
  </datafield>
  
  
  
</record>