<record xmlns="http://www.loc.gov/MARC21/slim" xmlns:zs="http://docs.oasis-open.org/ns/search-ws/sruResponse">
  <leader>03252cam a2200529Ia 4500</leader>
  <controlfield tag="001">ocm60196202 </controlfield>
  <controlfield tag="003">OCoLC</controlfield>
  <controlfield tag="005">20160312213723.0</controlfield>
  <controlfield tag="008">050504s2005    nyuf          000 0 spa d</controlfield>
  <datafield tag="040" ind1=" " ind2=" ">
    <subfield code="a">EYB</subfield>
    <subfield code="b">eng</subfield>
    <subfield code="c">EYB</subfield>
    <subfield code="d">GZM</subfield>
    <subfield code="d">VP@</subfield>
    <subfield code="d">TEF</subfield>
    <subfield code="d">BAKER</subfield>
    <subfield code="d">YDXCP</subfield>
    <subfield code="d">BUR</subfield>
    <subfield code="d">OCLCQ</subfield>
  </datafield>
  <datafield tag="020" ind1=" " ind2=" ">
    <subfield code="a">0060789468</subfield>
  </datafield>
  <datafield tag="020" ind1=" " ind2=" ">
    <subfield code="a">9780060789466</subfield>
  </datafield>
  <datafield tag="035" ind1=" " ind2=" ">
    <subfield code="a">(OCoLC)60196202</subfield>
  </datafield>
  <datafield tag="043" ind1=" " ind2=" ">
    <subfield code="a">n-mx---</subfield>
    <subfield code="a">n-us---</subfield>
    <subfield code="a">n-us-tx</subfield>
  </datafield>
  <datafield tag="050" ind1="1" ind2="4">
    <subfield code="a">JV6475</subfield>
    <subfield code="b">.R35 2005</subfield>
  </datafield>
  <datafield tag="082" ind1="0" ind2="4">
    <subfield code="a">304.8/73</subfield>
    <subfield code="2">22</subfield>
  </datafield>
  <datafield tag="100" ind1="1" ind2=" ">
    <subfield code="a">Ramos, Jorge,</subfield>
    <subfield code="d">1958-</subfield>
  </datafield>
  <datafield tag="245" ind1="1" ind2="0">
    <subfield code="a">Morir en el intento /</subfield>
    <subfield code="c">Jorge Ramos.</subfield>
  </datafield>
  <datafield tag="250" ind1=" " ind2=" ">
    <subfield code="a">Primera edición.</subfield>
  </datafield>
  <datafield tag="260" ind1=" " ind2=" ">
    <subfield code="a">New York :</subfield>
    <subfield code="b">Rayo/Harper Collins,</subfield>
    <subfield code="c">2005.</subfield>
  </datafield>
  <datafield tag="300" ind1=" " ind2=" ">
    <subfield code="a">167 pages, 8 pages of plates ;</subfield>
    <subfield code="c">22 cm</subfield>
  </datafield>
  <datafield tag="336" ind1=" " ind2=" ">
    <subfield code="a">text</subfield>
    <subfield code="b">txt</subfield>
    <subfield code="2">rdacontent</subfield>
  </datafield>
  <datafield tag="337" ind1=" " ind2=" ">
    <subfield code="a">unmediated</subfield>
    <subfield code="b">n</subfield>
    <subfield code="2">rdamedia</subfield>
  </datafield>
  <datafield tag="338" ind1=" " ind2=" ">
    <subfield code="a">volume</subfield>
    <subfield code="b">nc</subfield>
    <subfield code="2">rdacarrier</subfield>
  </datafield>
  <datafield tag="520" ind1=" " ind2=" ">
    <subfield code="a">Cada día, cientos de personas toman incalculables riesgos para cruzar la frontera entre México y Estados Unidos en busca de mejores oportunidades de vida. Pero para un grupo de inmigrantes que se subió a un trailer en una noche del 2003, este sueño se tornó en una tragedia. Al menos 73 personas abordaron la parte de atrás de un camión que debía llevarlos de Harlingen, Texas hasta la ciudad de Houston, a unas 300 millas de distancia. Pero a las cuatro horas tuvo que detenerse, y se abrieron las puertas del trailer para encontrar que varias personas, incluyendo un niño de 5 años, habían muerto por asfixia, deshidratación y un calor insoportable. Con la pasión y la minuciosidad que lo caracteriza, el periodista Jorge Ramos nos cuenta los detalles de esta desgarradora tragedia, a la vez que busca comprender cómo algo tan inhumano puede suceder en pleno siglo XXI.--Desde la descripción de la editorial.</subfield>
  </datafield>
  <datafield tag="650" ind1=" " ind2="0">
    <subfield code="a">Human smuggling</subfield>
    <subfield code="z">Mexican-American Border Region.</subfield>
  </datafield>
  <datafield tag="650" ind1=" " ind2="0">
    <subfield code="a">Immigrants</subfield>
    <subfield code="x">Crimes against</subfield>
    <subfield code="z">Mexican-American Border Region.</subfield>
  </datafield>
  <datafield tag="650" ind1=" " ind2="0">
    <subfield code="a">Illegal aliens</subfield>
    <subfield code="x">Crimes against</subfield>
    <subfield code="z">Mexican-American Border Region.</subfield>
  </datafield>
  <datafield tag="650" ind1=" " ind2="0">
    <subfield code="a">Mexicans</subfield>
    <subfield code="x">Crimes against</subfield>
    <subfield code="z">Mexican-American Border Region.</subfield>
  </datafield>
  <datafield tag="650" ind1=" " ind2="0">
    <subfield code="a">Latin Americans</subfield>
    <subfield code="x">Crimes against</subfield>
    <subfield code="z">Mexican-American Border Region.</subfield>
  </datafield>
  <datafield tag="650" ind1=" " ind2="0">
    <subfield code="a">Trucking</subfield>
    <subfield code="z">Mexican-American Border Region.</subfield>
  </datafield>
  <datafield tag="651" ind1=" " ind2="0">
    <subfield code="a">Mexico</subfield>
    <subfield code="x">Emigration and immigration</subfield>
    <subfield code="x">Social aspects.</subfield>
  </datafield>
  <datafield tag="651" ind1=" " ind2="0">
    <subfield code="a">United States</subfield>
    <subfield code="x">Emigration and immigration</subfield>
    <subfield code="x">Social aspects.</subfield>
  </datafield>
  <datafield tag="651" ind1=" " ind2="0">
    <subfield code="a">Texas</subfield>
    <subfield code="x">Emigration and immigration</subfield>
    <subfield code="x">Social aspects.</subfield>
  </datafield>
  <datafield tag="651" ind1=" " ind2="0">
    <subfield code="a">Mexican-American Border Region</subfield>
    <subfield code="x">Social conditions.</subfield>
  </datafield>
  <datafield tag="650" ind1=" " ind2="0">
    <subfield code="a">Spanish language materials.</subfield>
  </datafield>
  <datafield tag="650" ind1=" " ind2="7">
    <subfield code="a">Contrabando</subfield>
    <subfield code="z">Frontera méxico-estadounidense (Región)</subfield>
    <subfield code="2">bidex</subfield>
  </datafield>
  <datafield tag="651" ind1=" " ind2="7">
    <subfield code="a">México</subfield>
    <subfield code="x">Emigración e inmigración</subfield>
    <subfield code="x">Aspectos sociales.</subfield>
    <subfield code="2">bidex</subfield>
  </datafield>
  <datafield tag="651" ind1=" " ind2="7">
    <subfield code="a">Estados Unidos</subfield>
    <subfield code="x">Emigración e inmigración</subfield>
    <subfield code="x">Aspectos sociales.</subfield>
    <subfield code="2">bidex</subfield>
  </datafield>
  <datafield tag="650" ind1=" " ind2="7">
    <subfield code="a">Extranjeros indocumentados, Delitos contra</subfield>
    <subfield code="z">Frontera méxico-estadounidense (Región)</subfield>
    <subfield code="2">bidex</subfield>
  </datafield>
  <datafield tag="650" ind1=" " ind2="7">
    <subfield code="a">Mexicanos, Delitos contra</subfield>
    <subfield code="z">Frontera méxico-estadounidense (Región)</subfield>
    <subfield code="2">bidex</subfield>
  </datafield>
  <datafield tag="650" ind1=" " ind2="7">
    <subfield code="a">Latinoamericanos, Delitos contra</subfield>
    <subfield code="z">Frontera méxico-estadounidense (Región)</subfield>
    <subfield code="2">bidex</subfield>
  </datafield>
  
  
  
  
  
</record>