<record xmlns="http://www.loc.gov/MARC21/slim" xmlns:zs="http://docs.oasis-open.org/ns/search-ws/sruResponse">
  <leader>03462cam a2200649Ia 4500</leader>
  <controlfield tag="001">ocm57683577 </controlfield>
  <controlfield tag="003">OCoLC</controlfield>
  <controlfield tag="005">20160312213733.0</controlfield>
  <controlfield tag="008">050218s2005    mdua     b    001 0 eng d</controlfield>
  <datafield tag="010" ind1=" " ind2=" ">
    <subfield code="a">  2004113705</subfield>
  </datafield>
  <datafield tag="040" ind1=" " ind2=" ">
    <subfield code="a">VVX</subfield>
    <subfield code="b">eng</subfield>
    <subfield code="c">VVX</subfield>
    <subfield code="d">OCLCQ</subfield>
    <subfield code="d">UMC</subfield>
    <subfield code="d">BTCTA</subfield>
    <subfield code="d">OCLCG</subfield>
    <subfield code="d">YOM</subfield>
    <subfield code="d">EXW</subfield>
    <subfield code="d">BAKER</subfield>
    <subfield code="d">YDXCP</subfield>
    <subfield code="d">B9B</subfield>
    <subfield code="d">BDX</subfield>
    <subfield code="d">OCLCF</subfield>
    <subfield code="d">OCLCO</subfield>
    <subfield code="d">OCLCQ</subfield>
  </datafield>
  <datafield tag="019" ind1=" " ind2=" ">
    <subfield code="a">61230662</subfield>
  </datafield>
  <datafield tag="020" ind1=" " ind2=" ">
    <subfield code="a">0761829962</subfield>
    <subfield code="q">(paperback)</subfield>
  </datafield>
  <datafield tag="020" ind1=" " ind2=" ">
    <subfield code="a">9780761829966</subfield>
    <subfield code="q">(paperback)</subfield>
  </datafield>
  <datafield tag="020" ind1=" " ind2=" ">
    <subfield code="a">0761829954</subfield>
    <subfield code="q">(cloth : alk paper)</subfield>
  </datafield>
  <datafield tag="020" ind1=" " ind2=" ">
    <subfield code="a">9780761829959</subfield>
    <subfield code="q">(cloth : alk paper)</subfield>
  </datafield>
  <datafield tag="035" ind1=" " ind2=" ">
    <subfield code="a">(OCoLC)57683577</subfield>
    <subfield code="z">(OCoLC)61230662</subfield>
  </datafield>
  <datafield tag="043" ind1=" " ind2=" ">
    <subfield code="a">n-us---</subfield>
  </datafield>
  <datafield tag="050" ind1=" " ind2="4">
    <subfield code="a">JV6483</subfield>
    <subfield code="b">.W45 2005</subfield>
  </datafield>
  <datafield tag="082" ind1="0" ind2="0">
    <subfield code="a">323.6/31</subfield>
    <subfield code="2">20</subfield>
  </datafield>
  <datafield tag="100" ind1="1" ind2=" ">
    <subfield code="a">Weissinger, George,</subfield>
    <subfield code="d">1948-</subfield>
  </datafield>
  <datafield tag="245" ind1="1" ind2="0">
    <subfield code="a">Law enforcement and the INS :</subfield>
    <subfield code="b">a participant observation study of control agents /</subfield>
    <subfield code="c">George Weissinger.</subfield>
  </datafield>
  <datafield tag="250" ind1=" " ind2=" ">
    <subfield code="a">2nd ed.</subfield>
  </datafield>
  <datafield tag="260" ind1=" " ind2=" ">
    <subfield code="a">Lanham, MD :</subfield>
    <subfield code="b">University Press of America,</subfield>
    <subfield code="c">©2005.</subfield>
  </datafield>
  <datafield tag="300" ind1=" " ind2=" ">
    <subfield code="a">xii, 212 pages :</subfield>
    <subfield code="b">illustrations ;</subfield>
    <subfield code="c">23 cm</subfield>
  </datafield>
  <datafield tag="336" ind1=" " ind2=" ">
    <subfield code="a">text</subfield>
    <subfield code="b">txt</subfield>
    <subfield code="2">rdacontent</subfield>
  </datafield>
  <datafield tag="337" ind1=" " ind2=" ">
    <subfield code="a">unmediated</subfield>
    <subfield code="b">n</subfield>
    <subfield code="2">rdamedia</subfield>
  </datafield>
  <datafield tag="338" ind1=" " ind2=" ">
    <subfield code="a">volume</subfield>
    <subfield code="b">nc</subfield>
    <subfield code="2">rdacarrier</subfield>
  </datafield>
  <datafield tag="504" ind1=" " ind2=" ">
    <subfield code="a">Includes bibliographical references and index.</subfield>
  </datafield>
  <datafield tag="505" ind1="0" ind2=" ">
    <subfield code="a">The immigration &amp; naturalization service -- Immigration laws: the task of social control -- The illegal alien environment: norms as rules in use -- Methodoligical overview -- Investigator perceptions of agency polilcies -- The investigator at work -- Internal and external relations -- Interpretation: problems of status and morale -- The illegal alien: characteristics of interior enforcement.</subfield>
  </datafield>
  <datafield tag="610" ind1="1" ind2="0">
    <subfield code="a">United States.</subfield>
    <subfield code="b">Immigration and Naturalization Service</subfield>
    <subfield code="v">Case studies.</subfield>
  </datafield>
  <datafield tag="650" ind1=" " ind2="0">
    <subfield code="a">Criminal justice, Administration of</subfield>
    <subfield code="x">Social aspects</subfield>
    <subfield code="z">United States</subfield>
    <subfield code="v">Case studies.</subfield>
  </datafield>
  <datafield tag="650" ind1=" " ind2="0">
    <subfield code="a">Illegal aliens</subfield>
    <subfield code="z">United States</subfield>
    <subfield code="v">Case studies.</subfield>
  </datafield>
  <datafield tag="650" ind1=" " ind2="0">
    <subfield code="a">Social control</subfield>
    <subfield code="z">United States</subfield>
    <subfield code="v">Case studies.</subfield>
  </datafield>
  <datafield tag="610" ind1="1" ind2="7">
    <subfield code="a">United States.</subfield>
    <subfield code="b">Immigration and Naturalization Service.</subfield>
    <subfield code="2">fast</subfield>
    <subfield code="0">(OCoLC)fst00532653</subfield>
  </datafield>
  <datafield tag="650" ind1=" " ind2="7">
    <subfield code="a">Criminal justice, Administration of</subfield>
    <subfield code="x">Social aspects.</subfield>
    <subfield code="2">fast</subfield>
    <subfield code="0">(OCoLC)fst00883307</subfield>
  </datafield>
  <datafield tag="650" ind1=" " ind2="7">
    <subfield code="a">Illegal aliens.</subfield>
    <subfield code="2">fast</subfield>
    <subfield code="0">(OCoLC)fst00967153</subfield>
  </datafield>
  <datafield tag="650" ind1=" " ind2="7">
    <subfield code="a">Social control.</subfield>
    <subfield code="2">fast</subfield>
    <subfield code="0">(OCoLC)fst01122415</subfield>
  </datafield>
  <datafield tag="651" ind1=" " ind2="7">
    <subfield code="a">United States.</subfield>
    <subfield code="2">fast</subfield>
    <subfield code="0">(OCoLC)fst01204155</subfield>
  </datafield>
  <datafield tag="655" ind1=" " ind2="7">
    <subfield code="a">Case studies.</subfield>
    <subfield code="2">fast</subfield>
    <subfield code="0">(OCoLC)fst01423765</subfield>
  </datafield>
  <datafield tag="776" ind1="0" ind2="8">
    <subfield code="i">Online version:</subfield>
    <subfield code="a">Weissinger, George, 1948-</subfield>
    <subfield code="t">Law enforcement and the INS.</subfield>
    <subfield code="b">2nd ed.</subfield>
    <subfield code="d">Lanham, MD : University Press of America, ©2005</subfield>
    <subfield code="w">(OCoLC)607684077</subfield>
  </datafield>
  
  
  
  
  
  
  
  
  
  
  
  
  
  
  
  
</record>