<record xmlns="http://www.loc.gov/MARC21/slim" xmlns:zs="http://docs.oasis-open.org/ns/search-ws/sruResponse">
  <leader>02425cam a22005294a 4500</leader>
  <controlfield tag="001">ocm48479039 </controlfield>
  <controlfield tag="003">OCoLC</controlfield>
  <controlfield tag="005">20160312213857.0</controlfield>
  <controlfield tag="008">011123s2001    sz ab    c    000 0 eng c</controlfield>
  <datafield tag="040" ind1=" " ind2=" ">
    <subfield code="a">OHX</subfield>
    <subfield code="b">eng</subfield>
    <subfield code="c">OHX</subfield>
    <subfield code="d">AZS</subfield>
    <subfield code="d">SZ9XM</subfield>
    <subfield code="d">OCLCQ</subfield>
    <subfield code="d">OCLCO</subfield>
  </datafield>
  <datafield tag="020" ind1=" " ind2=" ">
    <subfield code="a">3858692212</subfield>
    <subfield code="q">(English French edition : pbk.)</subfield>
  </datafield>
  <datafield tag="020" ind1=" " ind2=" ">
    <subfield code="a">9783858692214</subfield>
    <subfield code="q">(English French edition : pbk.)</subfield>
  </datafield>
  <datafield tag="035" ind1=" " ind2=" ">
    <subfield code="a">(OCoLC)48479039</subfield>
  </datafield>
  <datafield tag="041" ind1="0" ind2=" ">
    <subfield code="a">engfre</subfield>
  </datafield>
  <datafield tag="042" ind1=" " ind2=" ">
    <subfield code="a">pcc</subfield>
  </datafield>
  <datafield tag="050" ind1=" " ind2="4">
    <subfield code="a">TR820.5</subfield>
    <subfield code="b">.B43 2001</subfield>
  </datafield>
  <datafield tag="072" ind1=" " ind2="7">
    <subfield code="a">JZ</subfield>
    <subfield code="2">lcco</subfield>
  </datafield>
  <datafield tag="072" ind1=" " ind2="7">
    <subfield code="a">N</subfield>
    <subfield code="2">lcco</subfield>
  </datafield>
  <datafield tag="082" ind1=" " ind2="4">
    <subfield code="a">779</subfield>
  </datafield>
  <datafield tag="245" ind1="0" ind2="0">
    <subfield code="a">Borders and beyond :</subfield>
    <subfield code="b">photographs and essays = Au-dela des frontieres : reportages photographiques et essais /</subfield>
    <subfield code="c">published by Pro Helvetia, Arts Council of Switzerland, SDC, Swiss Agency for Development and Cooperation.</subfield>
  </datafield>
  <datafield tag="246" ind1="3" ind2="1">
    <subfield code="a">Au-dela des frontieres</subfield>
  </datafield>
  <datafield tag="260" ind1=" " ind2=" ">
    <subfield code="a">Zurich :</subfield>
    <subfield code="b">Rotpunktverlag,</subfield>
    <subfield code="c">2001.</subfield>
  </datafield>
  <datafield tag="300" ind1=" " ind2=" ">
    <subfield code="a">187 pages :</subfield>
    <subfield code="b">illustrations, maps ;</subfield>
    <subfield code="c">24 cm</subfield>
  </datafield>
  <datafield tag="336" ind1=" " ind2=" ">
    <subfield code="a">text</subfield>
    <subfield code="b">txt</subfield>
    <subfield code="2">rdacontent</subfield>
  </datafield>
  <datafield tag="337" ind1=" " ind2=" ">
    <subfield code="a">unmediated</subfield>
    <subfield code="b">n</subfield>
    <subfield code="2">rdamedia</subfield>
  </datafield>
  <datafield tag="338" ind1=" " ind2=" ">
    <subfield code="a">volume</subfield>
    <subfield code="b">nc</subfield>
    <subfield code="2">rdacarrier</subfield>
  </datafield>
  <datafield tag="546" ind1=" " ind2=" ">
    <subfield code="a">English and French.</subfield>
  </datafield>
  <datafield tag="500" ind1=" " ind2=" ">
    <subfield code="a">" ... published in two editions, English/French and German/Italian in conjunction with the exhibition 'Borders and beyond, photo essays'."--Title page verso.</subfield>
  </datafield>
  <datafield tag="650" ind1=" " ind2="0">
    <subfield code="a">Documentary photography</subfield>
    <subfield code="v">Exhibitions.</subfield>
  </datafield>
  <datafield tag="650" ind1=" " ind2="0">
    <subfield code="a">Photojournalism</subfield>
    <subfield code="v">Exhibitions.</subfield>
  </datafield>
  <datafield tag="650" ind1=" " ind2="0">
    <subfield code="a">Boundaries</subfield>
    <subfield code="x">Political aspects</subfield>
    <subfield code="v">Exhibitions.</subfield>
  </datafield>
  <datafield tag="650" ind1=" " ind2="0">
    <subfield code="a">Boundaries</subfield>
    <subfield code="x">Social aspects</subfield>
    <subfield code="v">Exhibitions.</subfield>
  </datafield>
  <datafield tag="650" ind1=" " ind2="0">
    <subfield code="a">Illegal aliens</subfield>
    <subfield code="v">Pictorial works</subfield>
    <subfield code="v">Exhibitions.</subfield>
  </datafield>
  <datafield tag="650" ind1=" " ind2="0">
    <subfield code="a">Refugees</subfield>
    <subfield code="x">Pictorial works</subfield>
    <subfield code="v">Exhibitions.</subfield>
  </datafield>
  <datafield tag="650" ind1=" " ind2="7">
    <subfield code="a">Flucht</subfield>
    <subfield code="x">Auswanderung</subfield>
    <subfield code="x">Grenze</subfield>
    <subfield code="v">Ausstellung &lt;2001&gt;.</subfield>
    <subfield code="2">swd</subfield>
  </datafield>
  <datafield tag="650" ind1=" " ind2="7">
    <subfield code="a">Grenze</subfield>
    <subfield code="x">Auswanderung</subfield>
    <subfield code="x">Flucht</subfield>
    <subfield code="v">Ausstellung &lt;2001&gt;.</subfield>
    <subfield code="2">swd</subfield>
  </datafield>
  <datafield tag="650" ind1=" " ind2="7">
    <subfield code="a">Auswanderung</subfield>
    <subfield code="x">Flucht</subfield>
    <subfield code="x">Grenze</subfield>
    <subfield code="v">Ausstellung &lt;2001&gt;.</subfield>
    <subfield code="2">swd</subfield>
  </datafield>
  <datafield tag="710" ind1="2" ind2=" ">
    <subfield code="a">Pro Helvetia (Foundation)</subfield>
  </datafield>
  <datafield tag="710" ind1="1" ind2=" ">
    <subfield code="a">Switzerland.</subfield>
    <subfield code="b">Direktion für Entwicklungszusammenarbeit und Humanitäre Hilfe.</subfield>
  </datafield>
  
  
  
  
  
  
  
  
</record>