<record xmlns="http://www.loc.gov/MARC21/slim" xmlns:zs="http://docs.oasis-open.org/ns/search-ws/sruResponse">
  <leader>02582cam a2200469Ka 4500</leader>
  <controlfield tag="001">ocm53325973 </controlfield>
  <controlfield tag="003">OCoLC</controlfield>
  <controlfield tag="005">20160312213709.0</controlfield>
  <controlfield tag="008">031031s2002    dcu     o    f000 0 eng d</controlfield>
  <controlfield tag="006">m     o  d f      </controlfield>
  <datafield tag="040" ind1=" " ind2=" ">
    <subfield code="a">GPO</subfield>
    <subfield code="b">eng</subfield>
    <subfield code="c">GPO</subfield>
    <subfield code="d">OCLCQ</subfield>
    <subfield code="d">GPO</subfield>
    <subfield code="d">CUS</subfield>
    <subfield code="d">OCLCQ</subfield>
    <subfield code="d">OCLCF</subfield>
    <subfield code="d">OCLCQ</subfield>
    <subfield code="d">OCLCO</subfield>
  </datafield>
  <datafield tag="035" ind1=" " ind2=" ">
    <subfield code="a">(OCoLC)53325973</subfield>
  </datafield>
  <datafield tag="043" ind1=" " ind2=" ">
    <subfield code="a">n-us---</subfield>
  </datafield>
  <datafield tag="050" ind1=" " ind2="4">
    <subfield code="a">KF4819</subfield>
    <subfield code="b">.B74 2002</subfield>
  </datafield>
  <datafield tag="074" ind1=" " ind2=" ">
    <subfield code="a">0288-A-11 (online)</subfield>
    <subfield code="z">0288-A-01 (online)</subfield>
  </datafield>
  <datafield tag="086" ind1="0" ind2=" ">
    <subfield code="a">CR 1.8/2:T 67</subfield>
    <subfield code="z">CR 1.8:2004003133</subfield>
  </datafield>
  <datafield tag="110" ind1="2" ind2=" ">
    <subfield code="a">United States Commission on Civil Rights.</subfield>
    <subfield code="b">Arizona Advisory Committee.</subfield>
  </datafield>
  <datafield tag="245" ind1="1" ind2="0">
    <subfield code="a">Briefing on tragedy along the Arizona-Mexico border</subfield>
    <subfield code="h">[electronic resource] :</subfield>
    <subfield code="b">undocumented immigrants face death in the desert : before the Arizona Advisory Committee to the U.S. Commission on Civil Rights, Tucson, August 23, 2002.</subfield>
  </datafield>
  <datafield tag="260" ind1=" " ind2=" ">
    <subfield code="a">[Washington, D.C.] :</subfield>
    <subfield code="b">[U.S. Commission on Civil Rights],</subfield>
    <subfield code="c">[2002?]</subfield>
  </datafield>
  <datafield tag="336" ind1=" " ind2=" ">
    <subfield code="a">text</subfield>
    <subfield code="b">txt</subfield>
    <subfield code="2">rdacontent</subfield>
  </datafield>
  <datafield tag="337" ind1=" " ind2=" ">
    <subfield code="a">computer</subfield>
    <subfield code="b">c</subfield>
    <subfield code="2">rdamedia</subfield>
  </datafield>
  <datafield tag="338" ind1=" " ind2=" ">
    <subfield code="a">online resource</subfield>
    <subfield code="b">cr</subfield>
    <subfield code="2">rdacarrier</subfield>
  </datafield>
  <datafield tag="538" ind1=" " ind2=" ">
    <subfield code="a">Mode of access: Internet from GPO's permanent access server. Address as of 3/4/05: http://permanent.access.gpo.gov/www.usccr.gov/pubs/sac/az0802/main.htm; current access available via PURL.</subfield>
  </datafield>
  <datafield tag="500" ind1=" " ind2=" ">
    <subfield code="a">Title from title screen (viewed Oct. 31, 2003).</subfield>
  </datafield>
  <datafield tag="583" ind1=" " ind2=" ">
    <subfield code="a">transformed digitally</subfield>
    <subfield code="c">20050406</subfield>
    <subfield code="5">CU-S</subfield>
    <subfield code="2">pda</subfield>
  </datafield>
  <datafield tag="650" ind1=" " ind2="0">
    <subfield code="a">Illegal aliens</subfield>
    <subfield code="z">Mexican-American Border Region.</subfield>
  </datafield>
  <datafield tag="650" ind1=" " ind2="0">
    <subfield code="a">Illegal aliens</subfield>
    <subfield code="x">Government policy</subfield>
    <subfield code="z">United States.</subfield>
  </datafield>
  <datafield tag="650" ind1=" " ind2="0">
    <subfield code="a">Human smuggling</subfield>
    <subfield code="z">Mexican-American Border Region.</subfield>
  </datafield>
  <datafield tag="650" ind1=" " ind2="0">
    <subfield code="a">Border patrols</subfield>
    <subfield code="z">Mexican-American Border Region.</subfield>
  </datafield>
  <datafield tag="650" ind1=" " ind2="7">
    <subfield code="a">Border patrols.</subfield>
    <subfield code="2">fast</subfield>
    <subfield code="0">(OCoLC)fst00836593</subfield>
  </datafield>
  <datafield tag="650" ind1=" " ind2="7">
    <subfield code="a">Human smuggling.</subfield>
    <subfield code="2">fast</subfield>
    <subfield code="0">(OCoLC)fst00963471</subfield>
  </datafield>
  <datafield tag="650" ind1=" " ind2="7">
    <subfield code="a">Illegal aliens.</subfield>
    <subfield code="2">fast</subfield>
    <subfield code="0">(OCoLC)fst00967153</subfield>
  </datafield>
  <datafield tag="650" ind1=" " ind2="7">
    <subfield code="a">Illegal aliens</subfield>
    <subfield code="x">Government policy.</subfield>
    <subfield code="2">fast</subfield>
    <subfield code="0">(OCoLC)fst00967160</subfield>
  </datafield>
  <datafield tag="651" ind1=" " ind2="7">
    <subfield code="a">North America</subfield>
    <subfield code="z">Mexican-American Border Region.</subfield>
    <subfield code="2">fast</subfield>
    <subfield code="0">(OCoLC)fst01239966</subfield>
  </datafield>
  <datafield tag="651" ind1=" " ind2="7">
    <subfield code="a">United States.</subfield>
    <subfield code="2">fast</subfield>
    <subfield code="0">(OCoLC)fst01204155</subfield>
  </datafield>
  <datafield tag="856" ind1="4" ind2="0">
    <subfield code="u">http://purl.access.gpo.gov/GPO/LPS39264</subfield>
  </datafield>
  <datafield tag="856" ind1="4" ind2="0">
    <subfield code="z">Available at the Memory hole Web site</subfield>
    <subfield code="u">http://bibpurl.oclc.org/web/9678</subfield>
    <subfield code="u">http://www.thememoryhole.org/usccr/usccr_briefing_tragedy.pdf</subfield>
  </datafield>
  <datafield tag="856" ind1="4" ind2="0">
    <subfield code="z">Permanently archived at UCSD</subfield>
    <subfield code="u">http://bibpurl.oclc.org/web/9681</subfield>
    <subfield code="u">http://gort.ucsd.edu/edocs/fed/usccr_briefing_tragedy.pdf</subfield>
  </datafield>
  
  
  
  
</record>