<record xmlns="http://www.loc.gov/MARC21/slim" xmlns:zs="http://docs.oasis-open.org/ns/search-ws/sruResponse">
  <leader>03975cam a2200781Ia 4500</leader>
  <controlfield tag="001">ocn194317462</controlfield>
  <controlfield tag="003">OCoLC</controlfield>
  <controlfield tag="005">20160312213644.0</controlfield>
  <controlfield tag="008">080221s2007    nyu     ob    001 0 eng d</controlfield>
  <controlfield tag="006">m     o  d        </controlfield>
  <controlfield tag="007">cr cnu---unuuu</controlfield>
  <datafield tag="040" ind1=" " ind2=" ">
    <subfield code="a">N$T</subfield>
    <subfield code="b">eng</subfield>
    <subfield code="e">pn</subfield>
    <subfield code="c">N$T</subfield>
    <subfield code="d">YDXCP</subfield>
    <subfield code="d">OCLCQ</subfield>
    <subfield code="d">GPM</subfield>
    <subfield code="d">OCLCQ</subfield>
    <subfield code="d">OCLCF</subfield>
    <subfield code="d">OCLCO</subfield>
    <subfield code="d">P@U</subfield>
    <subfield code="d">OCLCO</subfield>
    <subfield code="d">OCLCQ</subfield>
    <subfield code="d">E7B</subfield>
    <subfield code="d">BOL</subfield>
    <subfield code="d">QE2</subfield>
    <subfield code="d">OCLCO</subfield>
    <subfield code="d">COO</subfield>
    <subfield code="d">OCLCO</subfield>
  </datafield>
  <datafield tag="019" ind1=" " ind2=" ">
    <subfield code="a">503050584</subfield>
    <subfield code="a">648336286</subfield>
  </datafield>
  <datafield tag="020" ind1=" " ind2=" ">
    <subfield code="a">9780814743003</subfield>
    <subfield code="q">(electronic bk.)</subfield>
  </datafield>
  <datafield tag="020" ind1=" " ind2=" ">
    <subfield code="a">0814743005</subfield>
    <subfield code="q">(electronic bk.)</subfield>
  </datafield>
  <datafield tag="020" ind1=" " ind2=" ">
    <subfield code="z">9780814742860 (cloth : alk. paper)</subfield>
  </datafield>
  <datafield tag="020" ind1=" " ind2=" ">
    <subfield code="z">0814742866 (cloth : alk. paper)</subfield>
  </datafield>
  <datafield tag="035" ind1=" " ind2=" ">
    <subfield code="a">(OCoLC)194317462</subfield>
    <subfield code="z">(OCoLC)503050584</subfield>
    <subfield code="z">(OCoLC)648336286</subfield>
  </datafield>
  <datafield tag="043" ind1=" " ind2=" ">
    <subfield code="a">n-us---</subfield>
  </datafield>
  <datafield tag="050" ind1=" " ind2="4">
    <subfield code="a">KF4819</subfield>
    <subfield code="b">.J644 2007eb</subfield>
  </datafield>
  <datafield tag="072" ind1=" " ind2="7">
    <subfield code="a">LAW</subfield>
    <subfield code="x">018000</subfield>
    <subfield code="2">bisacsh</subfield>
  </datafield>
  <datafield tag="072" ind1=" " ind2="7">
    <subfield code="a">LAW</subfield>
    <subfield code="x">075000</subfield>
    <subfield code="2">bisacsh</subfield>
  </datafield>
  <datafield tag="082" ind1="0" ind2="4">
    <subfield code="a">342.7308/2</subfield>
    <subfield code="2">22</subfield>
  </datafield>
  <datafield tag="100" ind1="1" ind2=" ">
    <subfield code="a">Johnson, Kevin R.</subfield>
  </datafield>
  <datafield tag="245" ind1="1" ind2="0">
    <subfield code="a">Opening the floodgates</subfield>
    <subfield code="h">[electronic resource] :</subfield>
    <subfield code="b">why America needs to rethink its borders and immigration laws /</subfield>
    <subfield code="c">Kevin R. Johnson.</subfield>
  </datafield>
  <datafield tag="260" ind1=" " ind2=" ">
    <subfield code="a">New York :</subfield>
    <subfield code="b">New York University Press,</subfield>
    <subfield code="c">©2007.</subfield>
  </datafield>
  <datafield tag="300" ind1=" " ind2=" ">
    <subfield code="a">1 online resource (x, 289 pages).</subfield>
  </datafield>
  <datafield tag="336" ind1=" " ind2=" ">
    <subfield code="a">text</subfield>
    <subfield code="b">txt</subfield>
    <subfield code="2">rdacontent</subfield>
  </datafield>
  <datafield tag="337" ind1=" " ind2=" ">
    <subfield code="a">computer</subfield>
    <subfield code="b">c</subfield>
    <subfield code="2">rdamedia</subfield>
  </datafield>
  <datafield tag="338" ind1=" " ind2=" ">
    <subfield code="a">online resource</subfield>
    <subfield code="b">cr</subfield>
    <subfield code="2">rdacarrier</subfield>
  </datafield>
  <datafield tag="490" ind1="1" ind2=" ">
    <subfield code="a">Critical America</subfield>
  </datafield>
  <datafield tag="504" ind1=" " ind2=" ">
    <subfield code="a">Includes bibliographical references (pages 213-273) and index.</subfield>
  </datafield>
  <datafield tag="505" ind1="0" ind2=" ">
    <subfield code="a">A call for truly comprehensive immigration reform -- A brief history of U.S. immigration law and enforcement -- Bordering on the immoral : the moral consequences of the current system of immigration regulation -- The economic benefits of liberal migration of labor across borders -- Why open borders are good for all Americans -- The inevitability of permeable borders.</subfield>
  </datafield>
  <datafield tag="588" ind1="0" ind2=" ">
    <subfield code="a">Print version record.</subfield>
  </datafield>
  <datafield tag="650" ind1=" " ind2="0">
    <subfield code="a">Emigration and immigration law</subfield>
    <subfield code="z">United States.</subfield>
  </datafield>
  <datafield tag="651" ind1=" " ind2="0">
    <subfield code="a">United States</subfield>
    <subfield code="x">Emigration and immigration</subfield>
    <subfield code="x">Government policy.</subfield>
  </datafield>
  <datafield tag="651" ind1=" " ind2="0">
    <subfield code="a">United States</subfield>
    <subfield code="x">Boundaries.</subfield>
  </datafield>
  <datafield tag="650" ind1=" " ind2="0">
    <subfield code="a">Illegal aliens</subfield>
    <subfield code="x">Government policy</subfield>
    <subfield code="z">United States.</subfield>
  </datafield>
  <datafield tag="650" ind1=" " ind2="7">
    <subfield code="a">LAW</subfield>
    <subfield code="x">Constitutional.</subfield>
    <subfield code="2">bisacsh</subfield>
  </datafield>
  <datafield tag="650" ind1=" " ind2="7">
    <subfield code="a">LAW</subfield>
    <subfield code="x">Public.</subfield>
    <subfield code="2">bisacsh</subfield>
  </datafield>
  <datafield tag="650" ind1=" " ind2="7">
    <subfield code="a">Boundaries.</subfield>
    <subfield code="2">fast</subfield>
    <subfield code="0">(OCoLC)fst00837076</subfield>
  </datafield>
  <datafield tag="650" ind1=" " ind2="7">
    <subfield code="a">Emigration and immigration</subfield>
    <subfield code="x">Government policy.</subfield>
    <subfield code="2">fast</subfield>
    <subfield code="0">(OCoLC)fst00908700</subfield>
  </datafield>
  <datafield tag="650" ind1=" " ind2="7">
    <subfield code="a">Emigration and immigration law.</subfield>
    <subfield code="2">fast</subfield>
    <subfield code="0">(OCoLC)fst00908736</subfield>
  </datafield>
  <datafield tag="650" ind1=" " ind2="7">
    <subfield code="a">Illegal aliens</subfield>
    <subfield code="x">Government policy.</subfield>
    <subfield code="2">fast</subfield>
    <subfield code="0">(OCoLC)fst00967160</subfield>
  </datafield>
  <datafield tag="651" ind1=" " ind2="7">
    <subfield code="a">United States.</subfield>
    <subfield code="2">fast</subfield>
    <subfield code="0">(OCoLC)fst01204155</subfield>
  </datafield>
  <datafield tag="655" ind1=" " ind2="4">
    <subfield code="a">Electronic books.</subfield>
  </datafield>
  <datafield tag="655" ind1=" " ind2="7">
    <subfield code="a">Electronic books.</subfield>
    <subfield code="2">gtlm</subfield>
  </datafield>
  <datafield tag="655" ind1=" " ind2="7">
    <subfield code="a">Electronic books.</subfield>
    <subfield code="2">local</subfield>
  </datafield>
  <datafield tag="776" ind1="0" ind2="8">
    <subfield code="i">Print version:</subfield>
    <subfield code="a">Johnson, Kevin R.</subfield>
    <subfield code="t">Opening the floodgates.</subfield>
    <subfield code="d">New York : New York University Press, ©2007</subfield>
    <subfield code="z">9780814742860</subfield>
    <subfield code="z">0814742866</subfield>
    <subfield code="w">(DLC)  2007016966</subfield>
    <subfield code="w">(OCoLC)123485712</subfield>
  </datafield>
  <datafield tag="830" ind1=" " ind2="0">
    <subfield code="a">Critical America.</subfield>
  </datafield>
  <datafield tag="856" ind1="4" ind2="0">
    <subfield code="3">EBSCOhost</subfield>
    <subfield code="u">http://search.ebscohost.com/login.aspx?direct=true&amp;scope=site&amp;db=nlebk&amp;db=nlabk&amp;AN=219450</subfield>
  </datafield>
  <datafield tag="856" ind1="4" ind2="0">
    <subfield code="3">Project MUSE</subfield>
    <subfield code="u">http://muse.jhu.edu/books/9780814743607/</subfield>
  </datafield>
  <datafield tag="856" ind1="4" ind2="0">
    <subfield code="3">ebrary</subfield>
    <subfield code="u">http://site.ebrary.com/id/10210080</subfield>
  </datafield>
  
  
  
  
  
  
  
  
  
  
  
  
  
  
  
</record>