<record xmlns="http://www.loc.gov/MARC21/slim" xmlns:zs="http://docs.oasis-open.org/ns/search-ws/sruResponse">
  <leader>02478cam a2200577Ma 4500</leader>
  <controlfield tag="001">ocn880194974</controlfield>
  <controlfield tag="003">OCoLC</controlfield>
  <controlfield tag="005">20160312213945.0</controlfield>
  <controlfield tag="008">140319s2014    enk      b    001 0 eng d</controlfield>
  <datafield tag="040" ind1=" " ind2=" ">
    <subfield code="a">UKMGB</subfield>
    <subfield code="b">eng</subfield>
    <subfield code="c">UKMGB</subfield>
    <subfield code="d">OCLCF</subfield>
    <subfield code="d">OCLCO</subfield>
    <subfield code="d">NLE</subfield>
    <subfield code="d">OCLCQ</subfield>
  </datafield>
  <datafield tag="015" ind1=" " ind2=" ">
    <subfield code="a">GBB450742</subfield>
    <subfield code="2">bnb</subfield>
  </datafield>
  <datafield tag="016" ind1="7" ind2=" ">
    <subfield code="a">016714226</subfield>
    <subfield code="2">Uk</subfield>
  </datafield>
  <datafield tag="020" ind1=" " ind2=" ">
    <subfield code="a">9781137412485</subfield>
    <subfield code="q">(hbk.)</subfield>
  </datafield>
  <datafield tag="020" ind1=" " ind2=" ">
    <subfield code="a">1137412488</subfield>
    <subfield code="q">(hbk.)</subfield>
  </datafield>
  <datafield tag="035" ind1=" " ind2=" ">
    <subfield code="a">(OCoLC)880194974</subfield>
  </datafield>
  <datafield tag="043" ind1=" " ind2=" ">
    <subfield code="a">n-us---</subfield>
  </datafield>
  <datafield tag="050" ind1="1" ind2="4">
    <subfield code="a">PN2270.H57</subfield>
    <subfield code="b">G68 2014</subfield>
  </datafield>
  <datafield tag="082" ind1="0" ind2="4">
    <subfield code="a">792.08968073</subfield>
    <subfield code="2">23</subfield>
  </datafield>
  <datafield tag="100" ind1="1" ind2=" ">
    <subfield code="a">Guterman, Gad,</subfield>
    <subfield code="e">author.</subfield>
  </datafield>
  <datafield tag="245" ind1="1" ind2="0">
    <subfield code="a">Performance, identity, and immigration law :</subfield>
    <subfield code="b">a theatre of undocumentedness /</subfield>
    <subfield code="c">by Gad Guterman.</subfield>
  </datafield>
  <datafield tag="264" ind1=" " ind2="1">
    <subfield code="a">Basingstoke :</subfield>
    <subfield code="b">Palgrave Macmillan,</subfield>
    <subfield code="c">2014.</subfield>
  </datafield>
  <datafield tag="300" ind1=" " ind2=" ">
    <subfield code="a">viii, 236 pages ;</subfield>
    <subfield code="c">23 cm</subfield>
  </datafield>
  <datafield tag="336" ind1=" " ind2=" ">
    <subfield code="a">text</subfield>
    <subfield code="b">txt</subfield>
    <subfield code="2">rdacontent</subfield>
  </datafield>
  <datafield tag="337" ind1=" " ind2=" ">
    <subfield code="a">unmediated</subfield>
    <subfield code="b">n</subfield>
    <subfield code="2">rdamedia</subfield>
  </datafield>
  <datafield tag="338" ind1=" " ind2=" ">
    <subfield code="a">volume</subfield>
    <subfield code="b">nc</subfield>
    <subfield code="2">rdacarrier</subfield>
  </datafield>
  <datafield tag="504" ind1=" " ind2=" ">
    <subfield code="a">Includes bibliographical references and index.</subfield>
  </datafield>
  <datafield tag="650" ind1=" " ind2="0">
    <subfield code="a">Hispanic American theater.</subfield>
  </datafield>
  <datafield tag="650" ind1=" " ind2="0">
    <subfield code="a">Hispanic Americans in the performing arts.</subfield>
  </datafield>
  <datafield tag="650" ind1=" " ind2="0">
    <subfield code="a">American drama</subfield>
    <subfield code="x">Hispanic American authors</subfield>
    <subfield code="x">History and criticism.</subfield>
  </datafield>
  <datafield tag="650" ind1=" " ind2="0">
    <subfield code="a">American drama</subfield>
    <subfield code="y">20th century</subfield>
    <subfield code="x">History and criticism.</subfield>
  </datafield>
  <datafield tag="650" ind1=" " ind2="0">
    <subfield code="a">Illegal aliens in literature.</subfield>
  </datafield>
  <datafield tag="650" ind1=" " ind2="0">
    <subfield code="a">Emigration and immigration in literature.</subfield>
  </datafield>
  <datafield tag="650" ind1=" " ind2="0">
    <subfield code="a">Citizenship in literature.</subfield>
  </datafield>
  <datafield tag="650" ind1=" " ind2="0">
    <subfield code="a">Identity (Psychology) in literature.</subfield>
  </datafield>
  <datafield tag="650" ind1=" " ind2="0">
    <subfield code="a">Theater and society</subfield>
    <subfield code="z">United States.</subfield>
  </datafield>
  <datafield tag="650" ind1=" " ind2="7">
    <subfield code="a">American drama.</subfield>
    <subfield code="2">fast</subfield>
    <subfield code="0">(OCoLC)fst00806998</subfield>
  </datafield>
  <datafield tag="650" ind1=" " ind2="7">
    <subfield code="a">American drama</subfield>
    <subfield code="x">Hispanic American authors.</subfield>
    <subfield code="2">fast</subfield>
    <subfield code="0">(OCoLC)fst00807011</subfield>
  </datafield>
  <datafield tag="650" ind1=" " ind2="7">
    <subfield code="a">Citizenship in literature.</subfield>
    <subfield code="2">fast</subfield>
    <subfield code="0">(OCoLC)fst00861949</subfield>
  </datafield>
  <datafield tag="650" ind1=" " ind2="7">
    <subfield code="a">Emigration and immigration in literature.</subfield>
    <subfield code="2">fast</subfield>
    <subfield code="0">(OCoLC)fst00908732</subfield>
  </datafield>
  <datafield tag="650" ind1=" " ind2="7">
    <subfield code="a">Hispanic American theater.</subfield>
    <subfield code="2">fast</subfield>
    <subfield code="0">(OCoLC)fst00957469</subfield>
  </datafield>
  <datafield tag="650" ind1=" " ind2="7">
    <subfield code="a">Hispanic Americans in the performing arts.</subfield>
    <subfield code="2">fast</subfield>
    <subfield code="0">(OCoLC)fst00957630</subfield>
  </datafield>
  <datafield tag="650" ind1=" " ind2="7">
    <subfield code="a">Identity (Psychology) in literature.</subfield>
    <subfield code="2">fast</subfield>
    <subfield code="0">(OCoLC)fst00966910</subfield>
  </datafield>
  <datafield tag="650" ind1=" " ind2="7">
    <subfield code="a">Illegal aliens in literature.</subfield>
    <subfield code="2">fast</subfield>
    <subfield code="0">(OCoLC)fst01903565</subfield>
  </datafield>
  <datafield tag="650" ind1=" " ind2="7">
    <subfield code="a">Theater and society.</subfield>
    <subfield code="2">fast</subfield>
    <subfield code="0">(OCoLC)fst01149315</subfield>
  </datafield>
  <datafield tag="651" ind1=" " ind2="7">
    <subfield code="a">United States.</subfield>
    <subfield code="2">fast</subfield>
    <subfield code="0">(OCoLC)fst01204155</subfield>
  </datafield>
  <datafield tag="648" ind1=" " ind2="7">
    <subfield code="a">1900 - 1999</subfield>
    <subfield code="2">fast</subfield>
  </datafield>
  <datafield tag="655" ind1=" " ind2="7">
    <subfield code="a">Criticism, interpretation, etc.</subfield>
    <subfield code="2">fast</subfield>
    <subfield code="0">(OCoLC)fst01411635</subfield>
  </datafield>
  
  
  
  
</record>