<record xmlns="http://www.loc.gov/MARC21/slim" xmlns:zs="http://docs.oasis-open.org/ns/search-ws/sruResponse">
  <leader>02647cam a2200685 a 4500</leader>
  <controlfield tag="001">ocm61748168 </controlfield>
  <controlfield tag="003">OCoLC</controlfield>
  <controlfield tag="005">20160312213648.0</controlfield>
  <controlfield tag="008">050901s2006    ilu    c      000 1 eng  </controlfield>
  <datafield tag="010" ind1=" " ind2=" ">
    <subfield code="a">  2005025246</subfield>
  </datafield>
  <datafield tag="040" ind1=" " ind2=" ">
    <subfield code="a">DLC</subfield>
    <subfield code="b">eng</subfield>
    <subfield code="c">DLC</subfield>
    <subfield code="d">BAKER</subfield>
    <subfield code="d">BTCTA</subfield>
    <subfield code="d">OCLCG</subfield>
    <subfield code="d">GRR</subfield>
    <subfield code="d">BDX</subfield>
    <subfield code="d">YDXCP</subfield>
    <subfield code="d">OCLCF</subfield>
    <subfield code="d">OCLCO</subfield>
    <subfield code="d">OCLCQ</subfield>
    <subfield code="d">OCLCO</subfield>
  </datafield>
  <datafield tag="020" ind1=" " ind2=" ">
    <subfield code="a">1414301499</subfield>
    <subfield code="q">(sc)</subfield>
  </datafield>
  <datafield tag="020" ind1=" " ind2=" ">
    <subfield code="a">9781414301495</subfield>
    <subfield code="q">(sc)</subfield>
  </datafield>
  <datafield tag="035" ind1=" " ind2=" ">
    <subfield code="a">(OCoLC)61748168</subfield>
  </datafield>
  <datafield tag="042" ind1=" " ind2=" ">
    <subfield code="a">lcac</subfield>
  </datafield>
  <datafield tag="043" ind1=" " ind2=" ">
    <subfield code="a">n-us-co</subfield>
  </datafield>
  <datafield tag="050" ind1="0" ind2="0">
    <subfield code="a">PZ7.J4138</subfield>
    <subfield code="b">Esc 2006</subfield>
  </datafield>
  <datafield tag="082" ind1="0" ind2="4">
    <subfield code="a">[Fic]</subfield>
    <subfield code="2">22</subfield>
  </datafield>
  <datafield tag="100" ind1="1" ind2=" ">
    <subfield code="a">Jenkins, Jerry B.</subfield>
  </datafield>
  <datafield tag="245" ind1="1" ind2="0">
    <subfield code="a">Escaping darkness /</subfield>
    <subfield code="c">Jerry B. Jenkins, Chris Fabry.</subfield>
  </datafield>
  <datafield tag="260" ind1=" " ind2=" ">
    <subfield code="a">Carol Stream, Ill. :</subfield>
    <subfield code="b">Tyndale House Publishers,</subfield>
    <subfield code="c">©2006.</subfield>
  </datafield>
  <datafield tag="300" ind1=" " ind2=" ">
    <subfield code="a">224 pages ;</subfield>
    <subfield code="c">19 cm.</subfield>
  </datafield>
  <datafield tag="336" ind1=" " ind2=" ">
    <subfield code="a">text</subfield>
    <subfield code="b">txt</subfield>
    <subfield code="2">rdacontent</subfield>
  </datafield>
  <datafield tag="337" ind1=" " ind2=" ">
    <subfield code="a">unmediated</subfield>
    <subfield code="b">n</subfield>
    <subfield code="2">rdamedia</subfield>
  </datafield>
  <datafield tag="338" ind1=" " ind2=" ">
    <subfield code="a">volume</subfield>
    <subfield code="b">nc</subfield>
    <subfield code="2">rdacarrier</subfield>
  </datafield>
  <datafield tag="490" ind1="1" ind2=" ">
    <subfield code="a">Red Rock mysteries ;</subfield>
    <subfield code="v">10</subfield>
  </datafield>
  <datafield tag="520" ind1=" " ind2=" ">
    <subfield code="a">Twins Ashley and Bryce get involved in another mystery when they observe strange goings-on near the alpaca farm, and, meantime, their school is imbroiled in a controversy over an annual day of public prayer.</subfield>
  </datafield>
  <datafield tag="650" ind1=" " ind2="0">
    <subfield code="a">Christian life</subfield>
    <subfield code="v">Juvenile fiction.</subfield>
  </datafield>
  <datafield tag="650" ind1=" " ind2="0">
    <subfield code="a">Schools</subfield>
    <subfield code="v">Juvenile fiction.</subfield>
  </datafield>
  <datafield tag="650" ind1=" " ind2="0">
    <subfield code="a">Drug dealers</subfield>
    <subfield code="v">Juvenile fiction.</subfield>
  </datafield>
  <datafield tag="650" ind1=" " ind2="0">
    <subfield code="a">Illegal aliens</subfield>
    <subfield code="v">Juvenile fiction.</subfield>
  </datafield>
  <datafield tag="650" ind1=" " ind2="0">
    <subfield code="a">Twins</subfield>
    <subfield code="v">Juvenile fiction.</subfield>
  </datafield>
  <datafield tag="650" ind1=" " ind2="0">
    <subfield code="a">Detective and mystery stories.</subfield>
  </datafield>
  <datafield tag="651" ind1=" " ind2="0">
    <subfield code="a">Colorado</subfield>
    <subfield code="v">Juvenile fiction.</subfield>
  </datafield>
  <datafield tag="650" ind1=" " ind2="1">
    <subfield code="a">Christian life</subfield>
    <subfield code="v">Fiction.</subfield>
  </datafield>
  <datafield tag="650" ind1=" " ind2="1">
    <subfield code="a">Schools</subfield>
    <subfield code="v">Fiction.</subfield>
  </datafield>
  <datafield tag="650" ind1=" " ind2="1">
    <subfield code="a">Drug dealers</subfield>
    <subfield code="v">Fiction.</subfield>
  </datafield>
  <datafield tag="650" ind1=" " ind2="1">
    <subfield code="a">Illegal aliens</subfield>
    <subfield code="v">Fiction.</subfield>
  </datafield>
  <datafield tag="650" ind1=" " ind2="1">
    <subfield code="a">Twins</subfield>
    <subfield code="v">Fiction.</subfield>
  </datafield>
  <datafield tag="651" ind1=" " ind2="1">
    <subfield code="a">Colorado</subfield>
    <subfield code="v">Fiction.</subfield>
  </datafield>
  <datafield tag="650" ind1=" " ind2="1">
    <subfield code="a">Mystery and detective stories.</subfield>
  </datafield>
  <datafield tag="650" ind1=" " ind2="7">
    <subfield code="a">Christian life.</subfield>
    <subfield code="2">fast</subfield>
    <subfield code="0">(OCoLC)fst00859185</subfield>
  </datafield>
  <datafield tag="650" ind1=" " ind2="7">
    <subfield code="a">Detective and mystery stories.</subfield>
    <subfield code="2">fast</subfield>
    <subfield code="0">(OCoLC)fst00891461</subfield>
  </datafield>
  <datafield tag="650" ind1=" " ind2="7">
    <subfield code="a">Drug dealers.</subfield>
    <subfield code="2">fast</subfield>
    <subfield code="0">(OCoLC)fst01432137</subfield>
  </datafield>
  <datafield tag="650" ind1=" " ind2="7">
    <subfield code="a">Illegal aliens.</subfield>
    <subfield code="2">fast</subfield>
    <subfield code="0">(OCoLC)fst00967153</subfield>
  </datafield>
  <datafield tag="650" ind1=" " ind2="7">
    <subfield code="a">Schools.</subfield>
    <subfield code="2">fast</subfield>
    <subfield code="0">(OCoLC)fst01107958</subfield>
  </datafield>
  <datafield tag="650" ind1=" " ind2="7">
    <subfield code="a">Twins.</subfield>
    <subfield code="2">fast</subfield>
    <subfield code="0">(OCoLC)fst01159851</subfield>
  </datafield>
  <datafield tag="651" ind1=" " ind2="7">
    <subfield code="a">Colorado.</subfield>
    <subfield code="2">fast</subfield>
    <subfield code="0">(OCoLC)fst01210251</subfield>
  </datafield>
  <datafield tag="655" ind1=" " ind2="7">
    <subfield code="a">Fiction.</subfield>
    <subfield code="2">fast</subfield>
    <subfield code="0">(OCoLC)fst01423787</subfield>
  </datafield>
  <datafield tag="655" ind1=" " ind2="7">
    <subfield code="a">Juvenile works.</subfield>
    <subfield code="2">fast</subfield>
    <subfield code="0">(OCoLC)fst01411637</subfield>
  </datafield>
  <datafield tag="700" ind1="1" ind2=" ">
    <subfield code="a">Fabry, Chris,</subfield>
    <subfield code="d">1961-</subfield>
  </datafield>
  <datafield tag="800" ind1="1" ind2=" ">
    <subfield code="a">Jenkins, Jerry B.</subfield>
    <subfield code="t">Red Rock mysteries ;</subfield>
    <subfield code="v">10.</subfield>
  </datafield>
  
  
  
  
  
  
  
  
</record>