<record xmlns="http://www.loc.gov/MARC21/slim" xmlns:zs="http://docs.oasis-open.org/ns/search-ws/sruResponse">
  <leader>03132cam a2200685Ia 4500</leader>
  <controlfield tag="001">ocn927491136</controlfield>
  <controlfield tag="003">OCoLC</controlfield>
  <controlfield tag="005">20160312213729.0</controlfield>
  <controlfield tag="008">151031s2015    enk     ob    001 0 eng d</controlfield>
  <controlfield tag="006">m     o  d        </controlfield>
  <controlfield tag="007">cr cnu---unuuu</controlfield>
  <datafield tag="040" ind1=" " ind2=" ">
    <subfield code="a">EBLCP</subfield>
    <subfield code="b">eng</subfield>
    <subfield code="c">EBLCP</subfield>
    <subfield code="d">OCLCO</subfield>
    <subfield code="d">N$T</subfield>
    <subfield code="d">IDEBK</subfield>
    <subfield code="d">CDX</subfield>
    <subfield code="d">YDXCP</subfield>
    <subfield code="d">DEBSZ</subfield>
  </datafield>
  <datafield tag="019" ind1=" " ind2=" ">
    <subfield code="a">923349261</subfield>
  </datafield>
  <datafield tag="020" ind1=" " ind2=" ">
    <subfield code="a">9781137460417</subfield>
    <subfield code="q">electronic bk.</subfield>
  </datafield>
  <datafield tag="020" ind1=" " ind2=" ">
    <subfield code="a">1137460415</subfield>
    <subfield code="q">electronic bk.</subfield>
  </datafield>
  <datafield tag="020" ind1=" " ind2=" ">
    <subfield code="z">9781137460400</subfield>
  </datafield>
  <datafield tag="020" ind1=" " ind2=" ">
    <subfield code="z">1137460407</subfield>
  </datafield>
  <datafield tag="035" ind1=" " ind2=" ">
    <subfield code="a">(OCoLC)927491136</subfield>
    <subfield code="z">(OCoLC)923349261</subfield>
  </datafield>
  <datafield tag="037" ind1=" " ind2=" ">
    <subfield code="a">835026</subfield>
    <subfield code="b">MIL</subfield>
  </datafield>
  <datafield tag="050" ind1=" " ind2="4">
    <subfield code="a">HD8488.A2</subfield>
    <subfield code="b">V85 2015</subfield>
  </datafield>
  <datafield tag="072" ind1=" " ind2="7">
    <subfield code="a">BUS</subfield>
    <subfield code="x">038000</subfield>
    <subfield code="2">bisacsh</subfield>
  </datafield>
  <datafield tag="072" ind1=" " ind2="7">
    <subfield code="a">POL</subfield>
    <subfield code="x">013000</subfield>
    <subfield code="2">bisacsh</subfield>
  </datafield>
  <datafield tag="082" ind1="0" ind2="4">
    <subfield code="a">331.5/44</subfield>
    <subfield code="2">23</subfield>
  </datafield>
  <datafield tag="245" ind1="0" ind2="0">
    <subfield code="a">Vulnerability, exploitation and migrants</subfield>
    <subfield code="h">[electronic resource] :</subfield>
    <subfield code="b">insecure work in a globalised economy /</subfield>
    <subfield code="c">edited by Louise Waite, Gary Craig, Hannah Lewis, Klara Skrivankova.</subfield>
  </datafield>
  <datafield tag="264" ind1=" " ind2="1">
    <subfield code="a">Basingstoke :</subfield>
    <subfield code="b">Palgrave Macmillan,</subfield>
    <subfield code="c">2015.</subfield>
  </datafield>
  <datafield tag="300" ind1=" " ind2=" ">
    <subfield code="a">1 online resource (295 p.)</subfield>
  </datafield>
  <datafield tag="336" ind1=" " ind2=" ">
    <subfield code="a">text</subfield>
    <subfield code="b">txt</subfield>
    <subfield code="2">rdacontent</subfield>
  </datafield>
  <datafield tag="337" ind1=" " ind2=" ">
    <subfield code="a">computer</subfield>
    <subfield code="b">c</subfield>
    <subfield code="2">rdamedia</subfield>
  </datafield>
  <datafield tag="338" ind1=" " ind2=" ">
    <subfield code="a">online resource</subfield>
    <subfield code="b">cr</subfield>
    <subfield code="2">rdacarrier</subfield>
  </datafield>
  <datafield tag="490" ind1="1" ind2=" ">
    <subfield code="a">Migration, diasporas and citizenship</subfield>
  </datafield>
  <datafield tag="588" ind1="0" ind2=" ">
    <subfield code="a">Online resource; title from PDF title page (EBSCO, viewed November 9, 2015)</subfield>
  </datafield>
  <datafield tag="520" ind1=" " ind2=" ">
    <subfield code="a">Globalization, the economic crisis and related policies of austerity have led to a growth in extreme exploitation at work, with migrants particularly vulnerable. This book explores the lives of the growing numbers of severely exploited labourers in the world today, questioning how we can respond to such globalized patterns of extreme inequality.</subfield>
  </datafield>
  <datafield tag="650" ind1=" " ind2="0">
    <subfield code="a">Immigrants</subfield>
    <subfield code="x">Employment.</subfield>
  </datafield>
  <datafield tag="650" ind1=" " ind2="0">
    <subfield code="a">Illegal aliens</subfield>
    <subfield code="x">Employment.</subfield>
  </datafield>
  <datafield tag="650" ind1=" " ind2="0">
    <subfield code="a">Foreign workers.</subfield>
  </datafield>
  <datafield tag="650" ind1=" " ind2="0">
    <subfield code="a">Labor market</subfield>
    <subfield code="x">Moral and ethical aspects.</subfield>
  </datafield>
  <datafield tag="650" ind1=" " ind2="0">
    <subfield code="a">Emigration and immigration</subfield>
    <subfield code="x">Economic aspects.</subfield>
  </datafield>
  <datafield tag="650" ind1=" " ind2="0">
    <subfield code="a">Emigration and immigration</subfield>
    <subfield code="x">Social aspects.</subfield>
  </datafield>
  <datafield tag="650" ind1=" " ind2="7">
    <subfield code="a">BUSINESS &amp; ECONOMICS / Labor</subfield>
    <subfield code="2">bisacsh</subfield>
  </datafield>
  <datafield tag="650" ind1=" " ind2="7">
    <subfield code="a">POLITICAL SCIENCE / Labor &amp; Industrial Relations</subfield>
    <subfield code="2">bisacsh</subfield>
  </datafield>
  <datafield tag="655" ind1=" " ind2="4">
    <subfield code="a">Electronic books.</subfield>
  </datafield>
  <datafield tag="655" ind1=" " ind2="7">
    <subfield code="a">Electronic books.</subfield>
    <subfield code="2">local</subfield>
  </datafield>
  <datafield tag="655" ind1=" " ind2="0">
    <subfield code="a">Electronic books.</subfield>
  </datafield>
  <datafield tag="700" ind1="1" ind2=" ">
    <subfield code="a">Waite, Louise,</subfield>
    <subfield code="d">1975-</subfield>
    <subfield code="e">editor.</subfield>
  </datafield>
  <datafield tag="700" ind1="1" ind2=" ">
    <subfield code="a">Craig, Gary,</subfield>
    <subfield code="d">1944-</subfield>
    <subfield code="e">editor.</subfield>
  </datafield>
  <datafield tag="700" ind1="1" ind2=" ">
    <subfield code="a">Lewis, Hannah,</subfield>
    <subfield code="d">1976-</subfield>
    <subfield code="e">editor.</subfield>
  </datafield>
  <datafield tag="700" ind1="1" ind2=" ">
    <subfield code="a">Skrivankova, Klara,</subfield>
    <subfield code="e">editor.</subfield>
  </datafield>
  <datafield tag="830" ind1=" " ind2="0">
    <subfield code="a">Migration, diasporas and citizenship.</subfield>
  </datafield>
  <datafield tag="856" ind1="4" ind2="0">
    <subfield code="u">http://public.eblib.com/choice/PublicFullRecord.aspx?p=4008717</subfield>
    <subfield code="3">Ebook Library</subfield>
  </datafield>
  <datafield tag="856" ind1="4" ind2="0">
    <subfield code="3">EBSCOhost</subfield>
    <subfield code="u">http://search.ebscohost.com/login.aspx?direct=true&amp;scope=site&amp;db=nlebk&amp;db=nlabk&amp;AN=1091194</subfield>
  </datafield>
  <datafield tag="856" ind1="4" ind2="0">
    <subfield code="u">http://lib.myilibrary.com?id=835026</subfield>
    <subfield code="z">Connect to MyiLibrary resource.</subfield>
  </datafield>
  <datafield tag="856" ind1="4" ind2=" ">
    <subfield code="u">http://swb.eblib.com/patron/FullRecord.aspx?p=4008717</subfield>
    <subfield code="x">Verlag</subfield>
  </datafield>
  
  
  
  
  
  
  
  
</record>