<record xmlns="http://www.loc.gov/MARC21/slim" xmlns:zs="http://docs.oasis-open.org/ns/search-ws/sruResponse">
  <leader>01911cam a2200481Ia 4500</leader>
  <controlfield tag="001">ocm35775502 </controlfield>
  <controlfield tag="003">OCoLC</controlfield>
  <controlfield tag="005">20160312213944.0</controlfield>
  <controlfield tag="008">961022s1995    nyuab    b    000 0 eng d</controlfield>
  <datafield tag="040" ind1=" " ind2=" ">
    <subfield code="a">GAO</subfield>
    <subfield code="b">eng</subfield>
    <subfield code="c">GAO</subfield>
    <subfield code="d">BAKER</subfield>
    <subfield code="d">YDXCP</subfield>
    <subfield code="d">OCLCO</subfield>
    <subfield code="d">OCLCQ</subfield>
    <subfield code="d">OCLCF</subfield>
    <subfield code="d">OCLCQ</subfield>
    <subfield code="d">OCLCO</subfield>
  </datafield>
  <datafield tag="020" ind1=" " ind2=" ">
    <subfield code="a">0070518246</subfield>
  </datafield>
  <datafield tag="020" ind1=" " ind2=" ">
    <subfield code="a">9780070518247</subfield>
  </datafield>
  <datafield tag="035" ind1=" " ind2=" ">
    <subfield code="a">(OCoLC)35775502</subfield>
  </datafield>
  <datafield tag="043" ind1=" " ind2=" ">
    <subfield code="a">n-us---</subfield>
  </datafield>
  <datafield tag="050" ind1=" " ind2="4">
    <subfield code="a">JV6483</subfield>
    <subfield code="b">.M44</subfield>
  </datafield>
  <datafield tag="082" ind1="0" ind2="4">
    <subfield code="a">325.10973</subfield>
  </datafield>
  <datafield tag="100" ind1="1" ind2=" ">
    <subfield code="a">Melville, Keith.</subfield>
  </datafield>
  <datafield tag="245" ind1="1" ind2="0">
    <subfield code="a">Admission decisions :</subfield>
    <subfield code="b">should immigration be restricted? /</subfield>
    <subfield code="c">[Keith Melville].</subfield>
  </datafield>
  <datafield tag="260" ind1=" " ind2=" ">
    <subfield code="a">New York, NY :</subfield>
    <subfield code="b">McGraw-Hill,</subfield>
    <subfield code="c">©1995.</subfield>
  </datafield>
  <datafield tag="300" ind1=" " ind2=" ">
    <subfield code="a">45 pages :</subfield>
    <subfield code="b">illustrations, map ;</subfield>
    <subfield code="c">28 cm.</subfield>
  </datafield>
  <datafield tag="336" ind1=" " ind2=" ">
    <subfield code="a">text</subfield>
    <subfield code="b">txt</subfield>
    <subfield code="2">rdacontent</subfield>
  </datafield>
  <datafield tag="337" ind1=" " ind2=" ">
    <subfield code="a">unmediated</subfield>
    <subfield code="b">n</subfield>
    <subfield code="2">rdamedia</subfield>
  </datafield>
  <datafield tag="338" ind1=" " ind2=" ">
    <subfield code="a">volume</subfield>
    <subfield code="b">nc</subfield>
    <subfield code="2">rdacarrier</subfield>
  </datafield>
  <datafield tag="490" ind1="1" ind2=" ">
    <subfield code="a">National issues forums</subfield>
  </datafield>
  <datafield tag="500" ind1=" " ind2=" ">
    <subfield code="a">Cover title.</subfield>
  </datafield>
  <datafield tag="500" ind1=" " ind2=" ">
    <subfield code="a">"Prepared jointly by the Public Agenda Foundation ... and by the Charles F. Kettering Foundation"--Page [2].</subfield>
  </datafield>
  <datafield tag="504" ind1=" " ind2=" ">
    <subfield code="a">Includes bibliographical references (page 44).</subfield>
  </datafield>
  <datafield tag="651" ind1=" " ind2="0">
    <subfield code="a">United States</subfield>
    <subfield code="x">Emigration and immigration</subfield>
    <subfield code="x">Government policy.</subfield>
  </datafield>
  <datafield tag="650" ind1=" " ind2="0">
    <subfield code="a">Aliens</subfield>
    <subfield code="z">United States.</subfield>
  </datafield>
  <datafield tag="650" ind1=" " ind2="0">
    <subfield code="a">Illegal aliens</subfield>
    <subfield code="z">United States.</subfield>
  </datafield>
  <datafield tag="650" ind1=" " ind2="0">
    <subfield code="a">Multiculturalism</subfield>
    <subfield code="z">United States.</subfield>
  </datafield>
  <datafield tag="650" ind1=" " ind2="7">
    <subfield code="a">Aliens.</subfield>
    <subfield code="2">fast</subfield>
    <subfield code="0">(OCoLC)fst00805278</subfield>
  </datafield>
  <datafield tag="650" ind1=" " ind2="7">
    <subfield code="a">Emigration and immigration</subfield>
    <subfield code="x">Government policy.</subfield>
    <subfield code="2">fast</subfield>
    <subfield code="0">(OCoLC)fst00908700</subfield>
  </datafield>
  <datafield tag="650" ind1=" " ind2="7">
    <subfield code="a">Illegal aliens.</subfield>
    <subfield code="2">fast</subfield>
    <subfield code="0">(OCoLC)fst00967153</subfield>
  </datafield>
  <datafield tag="650" ind1=" " ind2="7">
    <subfield code="a">Multiculturalism.</subfield>
    <subfield code="2">fast</subfield>
    <subfield code="0">(OCoLC)fst01028836</subfield>
  </datafield>
  <datafield tag="651" ind1=" " ind2="7">
    <subfield code="a">United States.</subfield>
    <subfield code="2">fast</subfield>
    <subfield code="0">(OCoLC)fst01204155</subfield>
  </datafield>
  <datafield tag="710" ind1="2" ind2=" ">
    <subfield code="a">Public Agenda Foundation.</subfield>
  </datafield>
  <datafield tag="710" ind1="2" ind2=" ">
    <subfield code="a">Charles F. Kettering Foundation.</subfield>
  </datafield>
  <datafield tag="830" ind1=" " ind2="0">
    <subfield code="a">National issues forum.</subfield>
  </datafield>
  
  
  
  
</record>