<record xmlns="http://www.loc.gov/MARC21/slim" xmlns:zs="http://docs.oasis-open.org/ns/search-ws/sruResponse">
  <leader>02879cgm a2200553Ia 4500</leader>
  <controlfield tag="001">ocn316313205</controlfield>
  <controlfield tag="003">OCoLC</controlfield>
  <controlfield tag="005">20160312213800.0</controlfield>
  <controlfield tag="008">090318s2009    xx 140            vleng d</controlfield>
  <controlfield tag="007">vd cvaizu</controlfield>
  <datafield tag="040" ind1=" " ind2=" ">
    <subfield code="a">YDXCP</subfield>
    <subfield code="b">eng</subfield>
    <subfield code="c">YDXCP</subfield>
    <subfield code="d">CPX</subfield>
    <subfield code="d">CPE</subfield>
    <subfield code="d">IUL</subfield>
    <subfield code="d">OCLCQ</subfield>
    <subfield code="d">BDX</subfield>
    <subfield code="d">OCLCQ</subfield>
    <subfield code="d">OCLCO</subfield>
    <subfield code="d">OCLCQ</subfield>
    <subfield code="d">TNH</subfield>
  </datafield>
  <datafield tag="020" ind1=" " ind2=" ">
    <subfield code="a">9781604651096</subfield>
  </datafield>
  <datafield tag="020" ind1=" " ind2=" ">
    <subfield code="a">1604651091</subfield>
  </datafield>
  <datafield tag="024" ind1="1" ind2=" ">
    <subfield code="a">715515034722</subfield>
  </datafield>
  <datafield tag="035" ind1=" " ind2=" ">
    <subfield code="a">(OCoLC)316313205</subfield>
  </datafield>
  <datafield tag="041" ind1="0" ind2=" ">
    <subfield code="a">myn</subfield>
    <subfield code="a">spa</subfield>
    <subfield code="a">eng</subfield>
    <subfield code="h">eng</subfield>
  </datafield>
  <datafield tag="043" ind1=" " ind2=" ">
    <subfield code="a">n-mx---</subfield>
  </datafield>
  <datafield tag="050" ind1=" " ind2="4">
    <subfield code="a">PQ7497</subfield>
    <subfield code="b">.N678 2009 DVD</subfield>
  </datafield>
  <datafield tag="082" ind1="0" ind2="4">
    <subfield code="a">791.43/72</subfield>
    <subfield code="2">22</subfield>
  </datafield>
  <datafield tag="245" ind1="0" ind2="3">
    <subfield code="a">El norte</subfield>
    <subfield code="h">[videorecording].</subfield>
  </datafield>
  <datafield tag="260" ind1=" " ind2=" ">
    <subfield code="a">[Place of publication not identified] :</subfield>
    <subfield code="b">Criterion Collection,</subfield>
    <subfield code="c">2009.</subfield>
  </datafield>
  <datafield tag="300" ind1=" " ind2=" ">
    <subfield code="a">2 videodiscs (2 hr., 20 min.) :</subfield>
    <subfield code="b">sound, color, mono ;</subfield>
    <subfield code="c">4 3/4 in. +</subfield>
    <subfield code="e">1 booklet (unpaged : color ; 19 cm).</subfield>
  </datafield>
  <datafield tag="336" ind1=" " ind2=" ">
    <subfield code="a">two-dimensional moving image</subfield>
    <subfield code="b">tdi</subfield>
    <subfield code="2">rdacontent</subfield>
  </datafield>
  <datafield tag="337" ind1=" " ind2=" ">
    <subfield code="a">video</subfield>
    <subfield code="b">v</subfield>
    <subfield code="2">rdamedia</subfield>
  </datafield>
  <datafield tag="338" ind1=" " ind2=" ">
    <subfield code="a">videodisc</subfield>
    <subfield code="b">vd</subfield>
    <subfield code="2">rdacarrier</subfield>
  </datafield>
  <datafield tag="490" ind1="0" ind2=" ">
    <subfield code="a">Criterion Collection</subfield>
  </datafield>
  <datafield tag="538" ind1=" " ind2=" ">
    <subfield code="a">DVD, NTSC region 1, aspect ratio 1.78:1.</subfield>
  </datafield>
  <datafield tag="505" ind1="0" ind2=" ">
    <subfield code="a">Disc 1. New, restored version, new audio commentary featuring Nava, theatrical trailer, new and improved English subtitle translation. Disc 2. In the Service of the Shadows: The Making of El Norte, with interview with director and others; The Journal of Diego Rodriguez Silva, Nava's 1972 award-winning student film, Gallery of Chiapas location-scouting photographs.</subfield>
  </datafield>
  <datafield tag="500" ind1=" " ind2=" ">
    <subfield code="a">In K'iche' (Mayan language), Spanish, and English with optional English subtitles.</subfield>
  </datafield>
  <datafield tag="508" ind1=" " ind2=" ">
    <subfield code="a">Gregory Nava, director; Anna Thomas, producer; original screenplay by Gregory Nava and Anna Thomas.</subfield>
  </datafield>
  <datafield tag="511" ind1="1" ind2=" ">
    <subfield code="a">David Villalpando, Zaide Silvia Gutiérrez.</subfield>
  </datafield>
  <datafield tag="520" ind1=" " ind2=" ">
    <subfield code="a">Brother and sister Enrique and Rosa flee persecution at home in Guatemala and journey north, through Mexico and on to the United States, with the dream of starting a new life. It's a story that happens every day, but until Gregory Nava's groundbreaking El Norte, the personal travails of immigrants crossing the border to America had never been shown in the movies with such urgent humanism. -- Container.</subfield>
  </datafield>
  <datafield tag="651" ind1=" " ind2="0">
    <subfield code="a">Mexican-American Border Region</subfield>
    <subfield code="v">Drama.</subfield>
  </datafield>
  <datafield tag="650" ind1=" " ind2="0">
    <subfield code="a">Illegal aliens</subfield>
    <subfield code="z">United States.</subfield>
  </datafield>
  <datafield tag="651" ind1=" " ind2="0">
    <subfield code="a">United States</subfield>
    <subfield code="x">Emigration and immigration.</subfield>
  </datafield>
  <datafield tag="655" ind1=" " ind2="0">
    <subfield code="a">DVDs.</subfield>
  </datafield>
  <datafield tag="655" ind1=" " ind2="0">
    <subfield code="a">Mayan language materials.</subfield>
  </datafield>
  <datafield tag="655" ind1=" " ind2="0">
    <subfield code="a">Spanish language materials.</subfield>
  </datafield>
  <datafield tag="655" ind1=" " ind2="0">
    <subfield code="a">Foreign films.</subfield>
  </datafield>
  <datafield tag="700" ind1="1" ind2=" ">
    <subfield code="a">Nava, Gregory.</subfield>
  </datafield>
  <datafield tag="700" ind1="1" ind2=" ">
    <subfield code="a">Thomas, Anna.</subfield>
  </datafield>
  <datafield tag="700" ind1="1" ind2=" ">
    <subfield code="a">Gutiérrez, Zaide Silvia.</subfield>
  </datafield>
  <datafield tag="700" ind1="1" ind2=" ">
    <subfield code="a">Villalpando, David.</subfield>
  </datafield>
  
  
  
  
  
  
</record>