<record xmlns="http://www.loc.gov/MARC21/slim" xmlns:zs="http://docs.oasis-open.org/ns/search-ws/sruResponse">
  <leader>03896cam a2200565Ia 4500</leader>
  <controlfield tag="001">ocn261124376</controlfield>
  <controlfield tag="003">OCoLC</controlfield>
  <controlfield tag="005">20160312213945.0</controlfield>
  <controlfield tag="008">081007s2008    dcu     obs   000 0 eng d</controlfield>
  <controlfield tag="006">m     o  d        </controlfield>
  <controlfield tag="007">cr mnu||||||||</controlfield>
  <datafield tag="040" ind1=" " ind2=" ">
    <subfield code="a">DOS</subfield>
    <subfield code="b">eng</subfield>
    <subfield code="c">DOS</subfield>
    <subfield code="d">LEGAL</subfield>
    <subfield code="d">OCLCQ</subfield>
    <subfield code="d">OCLCF</subfield>
    <subfield code="d">OCLCO</subfield>
    <subfield code="d">OCLCQ</subfield>
  </datafield>
  <datafield tag="035" ind1=" " ind2=" ">
    <subfield code="a">(OCoLC)261124376</subfield>
  </datafield>
  <datafield tag="043" ind1=" " ind2=" ">
    <subfield code="a">n-us---</subfield>
  </datafield>
  <datafield tag="046" ind1=" " ind2=" ">
    <subfield code="k">Wed Oct 01 10:37:59 EDT 2008</subfield>
  </datafield>
  <datafield tag="046" ind1=" " ind2=" ">
    <subfield code="j">Wed Oct 01 10:37:59 EDT 2008</subfield>
  </datafield>
  <datafield tag="050" ind1=" " ind2="4">
    <subfield code="a">JV6483</subfield>
    <subfield code="b">.P37 2008eb</subfield>
  </datafield>
  <datafield tag="100" ind1="1" ind2=" ">
    <subfield code="a">Passel, Jeffrey S.</subfield>
  </datafield>
  <datafield tag="245" ind1="1" ind2="0">
    <subfield code="a">Trends in unauthorized immigration</subfield>
    <subfield code="h">[electronic resource] :</subfield>
    <subfield code="b">undocumented inflow now trails legal inflow /</subfield>
    <subfield code="c">Jeffrey S. Passel, D'Vera Cohn.</subfield>
  </datafield>
  <datafield tag="260" ind1=" " ind2=" ">
    <subfield code="a">Washington, DC :</subfield>
    <subfield code="b">Pew Hispanic Center,</subfield>
    <subfield code="c">[2008]</subfield>
  </datafield>
  <datafield tag="300" ind1=" " ind2=" ">
    <subfield code="a">vii, 17 pages :</subfield>
    <subfield code="b">digital, PDF file.</subfield>
  </datafield>
  <datafield tag="336" ind1=" " ind2=" ">
    <subfield code="a">text</subfield>
    <subfield code="b">txt</subfield>
    <subfield code="2">rdacontent</subfield>
  </datafield>
  <datafield tag="337" ind1=" " ind2=" ">
    <subfield code="a">computer</subfield>
    <subfield code="b">c</subfield>
    <subfield code="2">rdamedia</subfield>
  </datafield>
  <datafield tag="338" ind1=" " ind2=" ">
    <subfield code="a">online resource</subfield>
    <subfield code="b">cr</subfield>
    <subfield code="2">rdacarrier</subfield>
  </datafield>
  <datafield tag="490" ind1="1" ind2=" ">
    <subfield code="a">Report / Pew Hispanic Center</subfield>
  </datafield>
  <datafield tag="500" ind1=" " ind2=" ">
    <subfield code="a">Title from PDF caption (viewed Oct. 7, 2008).</subfield>
  </datafield>
  <datafield tag="500" ind1=" " ind2=" ">
    <subfield code="a">"October 2, 2008."</subfield>
  </datafield>
  <datafield tag="504" ind1=" " ind2=" ">
    <subfield code="a">Includes bibliographical references (pages 7-9).</subfield>
  </datafield>
  <datafield tag="520" ind1=" " ind2=" ">
    <subfield code="a">"There were 11.9 million unauthorized immigrants living in the United States in March 2008, according to new Pew Hispanic Center estimates. The size of the unauthorized population appears to have declined since 2007, but this finding is inconclusive because of the margin of error in these estimates. However, it is clear from the estimates that the unauthorized immigrant population grew more slowly in the period from 2005 to 2008 than it did earlier in the decade. It also is clear that from 2005 to 2008, the inflow of immigrants who are undocumented fell below that of immigrants who are legal permanent residents. That reverses a trend that began a decade ago. The turnaround appears to have occurred in 2007. The Pew Hispanic Center also estimates that inflows of unauthorized immigrants averaged 800,000 a year from 2000 to 2004, but fell to 500,000 a year from 2005 to 2008 with a decreasing year-to-year trend. By contrast, the inflow of legal permanent residents has been relatively steady this decade. Although the growth of the unauthorized population has slackened, its size has increased by more than 40% since 2000, when it was 8.4 million. In 2005, the Pew Hispanic Center estimated there were 11.1 million undocumented immigrants in the United States. The most recent estimate, 11.9 million, indicates that unauthorized immigrants make up 4% of the U.S. population."--Excepted from Executive summary, p. i.</subfield>
  </datafield>
  <datafield tag="538" ind1=" " ind2=" ">
    <subfield code="a">Mode of access: World Wide Web.</subfield>
  </datafield>
  <datafield tag="538" ind1=" " ind2=" ">
    <subfield code="a">System requirements: Adobe Reader.</subfield>
  </datafield>
  <datafield tag="650" ind1=" " ind2="0">
    <subfield code="a">Illegal aliens</subfield>
    <subfield code="z">United States</subfield>
    <subfield code="v">Statistics.</subfield>
  </datafield>
  <datafield tag="651" ind1=" " ind2="0">
    <subfield code="a">United States</subfield>
    <subfield code="x">Emigration and immigration</subfield>
    <subfield code="v">Statistics.</subfield>
  </datafield>
  <datafield tag="651" ind1=" " ind2="0">
    <subfield code="a">United States</subfield>
    <subfield code="x">Emigration and immigration</subfield>
    <subfield code="x">Government policy.</subfield>
  </datafield>
  <datafield tag="651" ind1=" " ind2="0">
    <subfield code="a">United States</subfield>
    <subfield code="x">Population</subfield>
    <subfield code="v">Statistics.</subfield>
  </datafield>
  <datafield tag="650" ind1=" " ind2="7">
    <subfield code="a">Emigration and immigration.</subfield>
    <subfield code="2">fast</subfield>
    <subfield code="0">(OCoLC)fst00908690</subfield>
  </datafield>
  <datafield tag="650" ind1=" " ind2="7">
    <subfield code="a">Emigration and immigration</subfield>
    <subfield code="x">Government policy.</subfield>
    <subfield code="2">fast</subfield>
    <subfield code="0">(OCoLC)fst00908700</subfield>
  </datafield>
  <datafield tag="650" ind1=" " ind2="7">
    <subfield code="a">Illegal aliens.</subfield>
    <subfield code="2">fast</subfield>
    <subfield code="0">(OCoLC)fst00967153</subfield>
  </datafield>
  <datafield tag="650" ind1=" " ind2="7">
    <subfield code="a">Population.</subfield>
    <subfield code="2">fast</subfield>
    <subfield code="0">(OCoLC)fst01071476</subfield>
  </datafield>
  <datafield tag="651" ind1=" " ind2="7">
    <subfield code="a">United States.</subfield>
    <subfield code="2">fast</subfield>
    <subfield code="0">(OCoLC)fst01204155</subfield>
  </datafield>
  <datafield tag="653" ind1=" " ind2=" ">
    <subfield code="a">immigrants</subfield>
    <subfield code="a">unauthorized</subfield>
    <subfield code="a">estimates</subfield>
    <subfield code="a">population</subfield>
    <subfield code="a">Center</subfield>
    <subfield code="a">'Unauthorized Immigration'</subfield>
    <subfield code="a">Hispanic</subfield>
    <subfield code="a">'Pew Hispanic Center'</subfield>
  </datafield>
  <datafield tag="655" ind1=" " ind2="7">
    <subfield code="a">Statistics.</subfield>
    <subfield code="2">fast</subfield>
    <subfield code="0">(OCoLC)fst01423727</subfield>
  </datafield>
  <datafield tag="700" ind1="1" ind2=" ">
    <subfield code="a">Cohn, D'Vera.</subfield>
  </datafield>
  <datafield tag="710" ind1="2" ind2=" ">
    <subfield code="a">Pew Hispanic Center.</subfield>
  </datafield>
  <datafield tag="830" ind1=" " ind2="0">
    <subfield code="a">Report (Pew Hispanic Center)</subfield>
  </datafield>
  <datafield tag="856" ind1="4" ind2="0">
    <subfield code="u">http://pewhispanic.org/files/reports/94.pdf</subfield>
    <subfield code="q">PDF-1.4</subfield>
    <subfield code="x">Preserved in the OCLC Digital Archive; harvested from http://pewhispanic.org/files/reports/94.pdf on Nov. 4, 2008</subfield>
  </datafield>
  <datafield tag="856" ind1="4" ind2="0">
    <subfield code="u">http://worldcat.org/oclc/261124376/viewonline</subfield>
    <subfield code="3">View Online</subfield>
  </datafield>
  
  
  
</record>