<record xmlns="http://www.loc.gov/MARC21/slim" xmlns:zs="http://docs.oasis-open.org/ns/search-ws/sruResponse">
  <leader>02541cam a2200685 a 4500</leader>
  <controlfield tag="001">ocm28633554 </controlfield>
  <controlfield tag="003">OCoLC</controlfield>
  <controlfield tag="005">20160312213732.0</controlfield>
  <controlfield tag="008">930726s1992    enk           000 0aeng  </controlfield>
  <datafield tag="040" ind1=" " ind2=" ">
    <subfield code="a">UKM</subfield>
    <subfield code="b">eng</subfield>
    <subfield code="c">UKM</subfield>
    <subfield code="d">GZN</subfield>
    <subfield code="d">PIT</subfield>
    <subfield code="d">NLGGC</subfield>
    <subfield code="d">YDXCP</subfield>
    <subfield code="d">NZAUC</subfield>
    <subfield code="d">OCLCG</subfield>
    <subfield code="d">DRB</subfield>
    <subfield code="d">DEBSZ</subfield>
    <subfield code="d">OCLCF</subfield>
    <subfield code="d">NLE</subfield>
    <subfield code="d">OCLCO</subfield>
    <subfield code="d">OCLCQ</subfield>
    <subfield code="d">OCLCO</subfield>
  </datafield>
  <datafield tag="015" ind1=" " ind2=" ">
    <subfield code="a">GB9315153</subfield>
    <subfield code="2">bnb</subfield>
  </datafield>
  <datafield tag="015" ind1=" " ind2=" ">
    <subfield code="a">GB92Z1861</subfield>
    <subfield code="2">bnb</subfield>
  </datafield>
  <datafield tag="019" ind1=" " ind2=" ">
    <subfield code="a">26038288</subfield>
    <subfield code="a">877709917</subfield>
  </datafield>
  <datafield tag="020" ind1=" " ind2=" ">
    <subfield code="a">0224035509</subfield>
    <subfield code="q">(pbk.)</subfield>
  </datafield>
  <datafield tag="020" ind1=" " ind2=" ">
    <subfield code="a">9780224035507</subfield>
    <subfield code="q">(pbk.)</subfield>
  </datafield>
  <datafield tag="035" ind1=" " ind2=" ">
    <subfield code="a">(OCoLC)28633554</subfield>
    <subfield code="z">(OCoLC)26038288</subfield>
    <subfield code="z">(OCoLC)877709917</subfield>
  </datafield>
  <datafield tag="043" ind1=" " ind2=" ">
    <subfield code="a">a-ja---</subfield>
  </datafield>
  <datafield tag="050" ind1=" " ind2="4">
    <subfield code="a">DS832.7.A8</subfield>
    <subfield code="b">V46 1992</subfield>
  </datafield>
  <datafield tag="082" ind1="1" ind2="4">
    <subfield code="a">952.04092</subfield>
    <subfield code="2">12</subfield>
  </datafield>
  <datafield tag="082" ind1="0" ind2="4">
    <subfield code="a">952.049092</subfield>
    <subfield code="2">20</subfield>
  </datafield>
  <datafield tag="084" ind1=" " ind2=" ">
    <subfield code="a">73.40</subfield>
    <subfield code="2">bcl</subfield>
  </datafield>
  <datafield tag="100" ind1="1" ind2=" ">
    <subfield code="a">Ventura, Rey.</subfield>
  </datafield>
  <datafield tag="245" ind1="1" ind2="0">
    <subfield code="a">Underground in Japan /</subfield>
    <subfield code="c">Rey Ventura ; edited and intoduced by James Fenton ; with an afterword by Ian Buruma.</subfield>
  </datafield>
  <datafield tag="260" ind1=" " ind2=" ">
    <subfield code="a">London :</subfield>
    <subfield code="b">Jonathan Cape,</subfield>
    <subfield code="c">1992.</subfield>
  </datafield>
  <datafield tag="300" ind1=" " ind2=" ">
    <subfield code="a">xi, 193 pages ;</subfield>
    <subfield code="c">20 cm</subfield>
  </datafield>
  <datafield tag="336" ind1=" " ind2=" ">
    <subfield code="a">text</subfield>
    <subfield code="b">txt</subfield>
    <subfield code="2">rdacontent</subfield>
  </datafield>
  <datafield tag="337" ind1=" " ind2=" ">
    <subfield code="a">unmediated</subfield>
    <subfield code="b">n</subfield>
    <subfield code="2">rdamedia</subfield>
  </datafield>
  <datafield tag="338" ind1=" " ind2=" ">
    <subfield code="a">volume</subfield>
    <subfield code="b">nc</subfield>
    <subfield code="2">rdacarrier</subfield>
  </datafield>
  <datafield tag="650" ind1=" " ind2="0">
    <subfield code="a">Illegal aliens</subfield>
    <subfield code="z">Japan.</subfield>
  </datafield>
  <datafield tag="650" ind1=" " ind2="0">
    <subfield code="a">Asians</subfield>
    <subfield code="z">Japan.</subfield>
  </datafield>
  <datafield tag="650" ind1=" " ind2="0">
    <subfield code="a">Filipinos</subfield>
    <subfield code="z">Japan.</subfield>
  </datafield>
  <datafield tag="600" ind1="1" ind2="4">
    <subfield code="a">Ventura, Rey.</subfield>
  </datafield>
  <datafield tag="650" ind1=" " ind2="7">
    <subfield code="a">Asians.</subfield>
    <subfield code="2">fast</subfield>
    <subfield code="0">(OCoLC)fst00818693</subfield>
  </datafield>
  <datafield tag="650" ind1=" " ind2="7">
    <subfield code="a">Filipinos.</subfield>
    <subfield code="2">fast</subfield>
    <subfield code="0">(OCoLC)fst00924213</subfield>
  </datafield>
  <datafield tag="650" ind1=" " ind2="7">
    <subfield code="a">Illegal aliens.</subfield>
    <subfield code="2">fast</subfield>
    <subfield code="0">(OCoLC)fst00967153</subfield>
  </datafield>
  <datafield tag="651" ind1=" " ind2="7">
    <subfield code="a">Japan.</subfield>
    <subfield code="2">fast</subfield>
    <subfield code="0">(OCoLC)fst01204082</subfield>
  </datafield>
  <datafield tag="650" ind1="1" ind2="7">
    <subfield code="a">Buitenlandse arbeiders.</subfield>
    <subfield code="2">gtt</subfield>
  </datafield>
  <datafield tag="650" ind1="1" ind2="7">
    <subfield code="a">Filippino's.</subfield>
    <subfield code="2">gtt</subfield>
  </datafield>
  <datafield tag="650" ind1="1" ind2="7">
    <subfield code="a">Dagelijks leven.</subfield>
    <subfield code="2">gtt</subfield>
  </datafield>
  <datafield tag="653" ind1="0" ind2=" ">
    <subfield code="a">Immigrants</subfield>
    <subfield code="a">Social life</subfield>
  </datafield>
  <datafield tag="653" ind1="0" ind2=" ">
    <subfield code="a">Japan</subfield>
  </datafield>
  <datafield tag="700" ind1="1" ind2=" ">
    <subfield code="a">Fenton, James,</subfield>
    <subfield code="d">1949-</subfield>
  </datafield>
  <datafield tag="776" ind1="0" ind2="8">
    <subfield code="i">Online version:</subfield>
    <subfield code="a">Ventura, Rey.</subfield>
    <subfield code="t">Underground in Japan.</subfield>
    <subfield code="d">London : Jonathan Cape, 1992</subfield>
    <subfield code="w">(OCoLC)556967789</subfield>
  </datafield>
  
  
  
  
  
  
  
  
  
  
  
  
  
  
  
  
  
</record>