<record xmlns="http://www.loc.gov/MARC21/slim" xmlns:zs="http://docs.oasis-open.org/ns/search-ws/sruResponse">
  <leader>02408cam a2200565 a 4500</leader>
  <controlfield tag="001">ocm32994863 </controlfield>
  <controlfield tag="003">OCoLC</controlfield>
  <controlfield tag="005">20160312213859.0</controlfield>
  <controlfield tag="008">961107s1993    cc af         000 0 chi d</controlfield>
  <datafield tag="010" ind1=" " ind2=" ">
    <subfield code="a">   96469747 </subfield>
  </datafield>
  <datafield tag="040" ind1=" " ind2=" ">
    <subfield code="a">CLASIA</subfield>
    <subfield code="b">eng</subfield>
    <subfield code="c">JTZ</subfield>
    <subfield code="d">DLC</subfield>
    <subfield code="d">HNK</subfield>
    <subfield code="d">CALIS</subfield>
    <subfield code="d">OCLCF</subfield>
    <subfield code="d">OCLCQ</subfield>
    <subfield code="d">OCLCO</subfield>
  </datafield>
  <datafield tag="066" ind1=" " ind2=" ">
    <subfield code="c">$1</subfield>
  </datafield>
  <datafield tag="019" ind1=" " ind2=" ">
    <subfield code="a">33247430</subfield>
  </datafield>
  <datafield tag="020" ind1=" " ind2=" ">
    <subfield code="a">7800617467</subfield>
  </datafield>
  <datafield tag="020" ind1=" " ind2=" ">
    <subfield code="a">9787800617461</subfield>
  </datafield>
  <datafield tag="035" ind1=" " ind2=" ">
    <subfield code="a">(OCoLC)32994863</subfield>
    <subfield code="z">(OCoLC)33247430</subfield>
  </datafield>
  <datafield tag="042" ind1=" " ind2=" ">
    <subfield code="a">lccopycat</subfield>
  </datafield>
  <datafield tag="043" ind1=" " ind2=" ">
    <subfield code="a">n-us---</subfield>
  </datafield>
  <datafield tag="050" ind1="0" ind2="0">
    <subfield code="a">E184.C5</subfield>
    <subfield code="b">H76 1993</subfield>
  </datafield>
  <datafield tag="082" ind1="0" ind2="4">
    <subfield code="a">304.873051</subfield>
    <subfield code="b">H873</subfield>
    <subfield code="2">20</subfield>
  </datafield>
  <datafield tag="100" ind1="1" ind2=" ">
    <subfield code="6">880-01</subfield>
    <subfield code="a">Xin, Yan.</subfield>
  </datafield>
  <datafield tag="245" ind1="1" ind2="0">
    <subfield code="6">880-02</subfield>
    <subfield code="a">Tian yu :</subfield>
    <subfield code="b">tou du Meiguo /</subfield>
    <subfield code="c">Xin Yan.</subfield>
  </datafield>
  <datafield tag="246" ind1="3" ind2=" ">
    <subfield code="6">880-03</subfield>
    <subfield code="a">Tou du Meiguo</subfield>
  </datafield>
  <datafield tag="250" ind1=" " ind2=" ">
    <subfield code="6">880-04</subfield>
    <subfield code="a">Di 1 ban.</subfield>
  </datafield>
  <datafield tag="260" ind1=" " ind2=" ">
    <subfield code="6">880-05</subfield>
    <subfield code="a">Beijing :</subfield>
    <subfield code="b">Tuan jie chu ban she :</subfield>
    <subfield code="b">Xin hua shu dian Beijing fa xing suo fa xing,</subfield>
    <subfield code="c">1993.</subfield>
  </datafield>
  <datafield tag="300" ind1=" " ind2=" ">
    <subfield code="a">2, 7, 390, [8] pages of plates :</subfield>
    <subfield code="b">illustrations ;</subfield>
    <subfield code="c">19 cm</subfield>
  </datafield>
  <datafield tag="336" ind1=" " ind2=" ">
    <subfield code="a">text</subfield>
    <subfield code="b">txt</subfield>
    <subfield code="2">rdacontent</subfield>
  </datafield>
  <datafield tag="337" ind1=" " ind2=" ">
    <subfield code="a">unmediated</subfield>
    <subfield code="b">n</subfield>
    <subfield code="2">rdamedia</subfield>
  </datafield>
  <datafield tag="338" ind1=" " ind2=" ">
    <subfield code="a">volume</subfield>
    <subfield code="b">nc</subfield>
    <subfield code="2">rdacarrier</subfield>
  </datafield>
  <datafield tag="520" ind1=" " ind2=" ">
    <subfield code="a">Chang pian bao gao wen xue, miao shu le jin nian lai tou du mei guo de zhong guo ren de jian nan jing li.</subfield>
  </datafield>
  <datafield tag="651" ind1=" " ind2="0">
    <subfield code="a">United States</subfield>
    <subfield code="x">Emigration and immigration.</subfield>
  </datafield>
  <datafield tag="650" ind1=" " ind2="0">
    <subfield code="a">Illegal aliens</subfield>
    <subfield code="z">United States.</subfield>
  </datafield>
  <datafield tag="650" ind1=" " ind2="0">
    <subfield code="a">Chinese</subfield>
    <subfield code="z">United States.</subfield>
  </datafield>
  <datafield tag="650" ind1=" " ind2="7">
    <subfield code="a">Chinese.</subfield>
    <subfield code="2">fast</subfield>
    <subfield code="0">(OCoLC)fst00857169</subfield>
  </datafield>
  <datafield tag="650" ind1=" " ind2="7">
    <subfield code="a">Emigration and immigration.</subfield>
    <subfield code="2">fast</subfield>
    <subfield code="0">(OCoLC)fst00908690</subfield>
  </datafield>
  <datafield tag="650" ind1=" " ind2="7">
    <subfield code="a">Illegal aliens.</subfield>
    <subfield code="2">fast</subfield>
    <subfield code="0">(OCoLC)fst00967153</subfield>
  </datafield>
  <datafield tag="651" ind1=" " ind2="7">
    <subfield code="a">United States.</subfield>
    <subfield code="2">fast</subfield>
    <subfield code="0">(OCoLC)fst01204155</subfield>
  </datafield>
  <datafield tag="880" ind1="1" ind2=" ">
    <subfield code="6">100-01/$1</subfield>
    <subfield code="a">辛雁.</subfield>
  </datafield>
  <datafield tag="880" ind1="1" ind2="0">
    <subfield code="6">245-02/$1</subfield>
    <subfield code="a">天狱 :</subfield>
    <subfield code="b">偷渡美国 /</subfield>
    <subfield code="c">辛雁.</subfield>
  </datafield>
  <datafield tag="880" ind1="3" ind2=" ">
    <subfield code="6">246-03/$1</subfield>
    <subfield code="a">偷渡美国</subfield>
  </datafield>
  <datafield tag="880" ind1=" " ind2=" ">
    <subfield code="6">250-04/$1</subfield>
    <subfield code="a">第1版.</subfield>
  </datafield>
  <datafield tag="880" ind1=" " ind2=" ">
    <subfield code="6">260-05/$1</subfield>
    <subfield code="a">北京 :</subfield>
    <subfield code="b">团结出版社 :</subfield>
    <subfield code="b">新华书店北京发行所发行,</subfield>
    <subfield code="c">1993.</subfield>
  </datafield>
  
  
  
  
  
  
  
  
</record>