<record xmlns="http://www.loc.gov/MARC21/slim" xmlns:zs="http://docs.oasis-open.org/ns/search-ws/sruResponse">
  <leader>01855cam a2200409Ia 4500</leader>
  <controlfield tag="001">ocm52890471 </controlfield>
  <controlfield tag="003">OCoLC</controlfield>
  <controlfield tag="005">20160312213941.0</controlfield>
  <controlfield tag="008">030821s2003    dcu           000 0 eng d</controlfield>
  <controlfield tag="007">cr cn|||||||||</controlfield>
  <datafield tag="040" ind1=" " ind2=" ">
    <subfield code="a">ECB</subfield>
    <subfield code="b">eng</subfield>
    <subfield code="c">ECB</subfield>
    <subfield code="d">CUY</subfield>
    <subfield code="d">OCLCQ</subfield>
    <subfield code="d">OCLCO</subfield>
  </datafield>
  <datafield tag="035" ind1=" " ind2=" ">
    <subfield code="a">(OCoLC)52890471</subfield>
  </datafield>
  <datafield tag="043" ind1=" " ind2=" ">
    <subfield code="a">n-us---</subfield>
  </datafield>
  <datafield tag="050" ind1=" " ind2="4">
    <subfield code="a">E184.M5</subfield>
    <subfield code="b">H36 2003</subfield>
  </datafield>
  <datafield tag="100" ind1="1" ind2=" ">
    <subfield code="a">Hanson, Victor Davis.</subfield>
  </datafield>
  <datafield tag="245" ind1="1" ind2="4">
    <subfield code="a">The universe of the illegal alien /</subfield>
    <subfield code="c">by Victor Davis Hanson.</subfield>
  </datafield>
  <datafield tag="260" ind1=" " ind2=" ">
    <subfield code="a">Washington, DC :</subfield>
    <subfield code="b">Center for Immigration Studies,</subfield>
    <subfield code="c">[2003]</subfield>
  </datafield>
  <datafield tag="300" ind1=" " ind2=" ">
    <subfield code="a">7 pages ;</subfield>
    <subfield code="c">28 cm.</subfield>
  </datafield>
  <datafield tag="336" ind1=" " ind2=" ">
    <subfield code="a">text</subfield>
    <subfield code="b">txt</subfield>
    <subfield code="2">rdacontent</subfield>
  </datafield>
  <datafield tag="337" ind1=" " ind2=" ">
    <subfield code="a">unmediated</subfield>
    <subfield code="b">n</subfield>
    <subfield code="2">rdamedia</subfield>
  </datafield>
  <datafield tag="338" ind1=" " ind2=" ">
    <subfield code="a">volume</subfield>
    <subfield code="b">nc</subfield>
    <subfield code="2">rdacarrier</subfield>
  </datafield>
  <datafield tag="490" ind1="1" ind2=" ">
    <subfield code="a">Backgrounder / Center for Immigration Studies ;</subfield>
    <subfield code="v">9-03</subfield>
  </datafield>
  <datafield tag="500" ind1=" " ind2=" ">
    <subfield code="a">Caption title.</subfield>
  </datafield>
  <datafield tag="500" ind1=" " ind2=" ">
    <subfield code="a">"June 2003."</subfield>
  </datafield>
  <datafield tag="500" ind1=" " ind2=" ">
    <subfield code="a">"Adapted from Hanson's new book, Mexifornia: A state of becoming"--Page [1].</subfield>
  </datafield>
  <datafield tag="530" ind1=" " ind2=" ">
    <subfield code="a">Internet version also available (content may vary from the physical version and/or the content of the electronic version may have been changed by the publishing agency).</subfield>
  </datafield>
  <datafield tag="538" ind1=" " ind2=" ">
    <subfield code="a">System requirements for online version: Adobe Acrobat Reader required for PDF version.</subfield>
  </datafield>
  <datafield tag="538" ind1=" " ind2=" ">
    <subfield code="a">Mode of access for online version: World Wide Web.</subfield>
  </datafield>
  <datafield tag="650" ind1=" " ind2="0">
    <subfield code="a">Mexicans</subfield>
    <subfield code="z">United States</subfield>
    <subfield code="x">Psychology.</subfield>
  </datafield>
  <datafield tag="650" ind1=" " ind2="0">
    <subfield code="a">Foreign workers, Mexican</subfield>
    <subfield code="z">United States</subfield>
    <subfield code="x">Psychology.</subfield>
  </datafield>
  <datafield tag="650" ind1=" " ind2="0">
    <subfield code="a">Illegal aliens</subfield>
    <subfield code="z">United States</subfield>
    <subfield code="x">Psychology.</subfield>
  </datafield>
  <datafield tag="710" ind1="2" ind2=" ">
    <subfield code="a">Center for Immigration Studies (Washington, D.C.)</subfield>
  </datafield>
  <datafield tag="830" ind1=" " ind2="0">
    <subfield code="a">Backgrounder (Center for Immigration Studies (Washington, D.C.)) ;</subfield>
    <subfield code="v">no. 03-9.</subfield>
  </datafield>
  <datafield tag="856" ind1="4" ind2="1">
    <subfield code="z">Access Online Resource (Text version)</subfield>
    <subfield code="u">http://www.cis.org/articles/2003/back903.html</subfield>
  </datafield>
  <datafield tag="856" ind1="4" ind2="1">
    <subfield code="z">Access Online Resource (PDF version)</subfield>
    <subfield code="u">http://www.cis.org/articles/2003/back903.pdf</subfield>
  </datafield>
  
  
</record>