<record xmlns="http://www.loc.gov/MARC21/slim" xmlns:zs="http://docs.oasis-open.org/ns/search-ws/sruResponse">
  <leader>02097cam a2200553 a 4500</leader>
  <controlfield tag="001">ocm55018968 </controlfield>
  <controlfield tag="003">OCoLC</controlfield>
  <controlfield tag="005">20160312213647.0</controlfield>
  <controlfield tag="008">040421s2004    nyu           000 1 eng  </controlfield>
  <datafield tag="010" ind1=" " ind2=" ">
    <subfield code="a">  2004009347</subfield>
  </datafield>
  <datafield tag="040" ind1=" " ind2=" ">
    <subfield code="a">DLC</subfield>
    <subfield code="b">eng</subfield>
    <subfield code="c">DLC</subfield>
    <subfield code="d">NLC</subfield>
    <subfield code="d">OCL</subfield>
    <subfield code="d">BAKER</subfield>
    <subfield code="d">BTCTA</subfield>
    <subfield code="d">YDXCP</subfield>
    <subfield code="d">RIOSL</subfield>
    <subfield code="d">O2H</subfield>
    <subfield code="d">BGCBL</subfield>
    <subfield code="d">OCLCQ</subfield>
    <subfield code="d">OCLCO</subfield>
    <subfield code="d">OCLCQ</subfield>
  </datafield>
  <datafield tag="016" ind1=" " ind2=" ">
    <subfield code="a">20050032836</subfield>
  </datafield>
  <datafield tag="020" ind1=" " ind2=" ">
    <subfield code="a">1559707453</subfield>
  </datafield>
  <datafield tag="020" ind1=" " ind2=" ">
    <subfield code="a">9781559707459</subfield>
  </datafield>
  <datafield tag="035" ind1=" " ind2=" ">
    <subfield code="a">(OCoLC)55018968</subfield>
  </datafield>
  <datafield tag="050" ind1="0" ind2="0">
    <subfield code="a">PR9199.4.H66</subfield>
    <subfield code="b">S76 2004</subfield>
  </datafield>
  <datafield tag="055" ind1="0" ind2="2">
    <subfield code="a">PS8565*</subfield>
  </datafield>
  <datafield tag="082" ind1="0" ind2="0">
    <subfield code="a">813/.6</subfield>
    <subfield code="2">22</subfield>
  </datafield>
  <datafield tag="100" ind1="1" ind2=" ">
    <subfield code="a">Hough, Robert,</subfield>
    <subfield code="d">1963-</subfield>
  </datafield>
  <datafield tag="245" ind1="1" ind2="4">
    <subfield code="a">The stowaway /</subfield>
    <subfield code="c">Robert Hough.</subfield>
  </datafield>
  <datafield tag="250" ind1=" " ind2=" ">
    <subfield code="a">1st U.S. ed.</subfield>
  </datafield>
  <datafield tag="260" ind1=" " ind2=" ">
    <subfield code="a">New York :</subfield>
    <subfield code="b">Arcade Pub. :</subfield>
    <subfield code="b">Distributed by Time Warner Book Group,</subfield>
    <subfield code="c">©2004.</subfield>
  </datafield>
  <datafield tag="300" ind1=" " ind2=" ">
    <subfield code="a">232 pages ;</subfield>
    <subfield code="c">22 cm</subfield>
  </datafield>
  <datafield tag="336" ind1=" " ind2=" ">
    <subfield code="a">text</subfield>
    <subfield code="b">txt</subfield>
    <subfield code="2">rdacontent</subfield>
  </datafield>
  <datafield tag="337" ind1=" " ind2=" ">
    <subfield code="a">unmediated</subfield>
    <subfield code="b">n</subfield>
    <subfield code="2">rdamedia</subfield>
  </datafield>
  <datafield tag="338" ind1=" " ind2=" ">
    <subfield code="a">volume</subfield>
    <subfield code="b">nc</subfield>
    <subfield code="2">rdacarrier</subfield>
  </datafield>
  <datafield tag="520" ind1="8" ind2=" ">
    <subfield code="a">When two Eastern European men are discovered on board the Maersk Dubai, the crew is forced to come to terms with earlier stowaways the captain put overboard on a flimsy raft to disappear in the frigid ocean.</subfield>
  </datafield>
  <datafield tag="650" ind1=" " ind2="0">
    <subfield code="a">Container ships</subfield>
    <subfield code="v">Fiction.</subfield>
  </datafield>
  <datafield tag="650" ind1=" " ind2="0">
    <subfield code="a">Murder victims</subfield>
    <subfield code="v">Fiction.</subfield>
  </datafield>
  <datafield tag="650" ind1=" " ind2="0">
    <subfield code="a">Illegal aliens</subfield>
    <subfield code="v">Fiction.</subfield>
  </datafield>
  <datafield tag="650" ind1=" " ind2="0">
    <subfield code="a">Stowaways</subfield>
    <subfield code="v">Fiction.</subfield>
  </datafield>
  <datafield tag="650" ind1=" " ind2="0">
    <subfield code="a">Romanians</subfield>
    <subfield code="v">Fiction.</subfield>
  </datafield>
  <datafield tag="650" ind1=" " ind2="0">
    <subfield code="a">Refugees</subfield>
    <subfield code="v">Fiction.</subfield>
  </datafield>
  <datafield tag="650" ind1=" " ind2="0">
    <subfield code="a">Psychological fiction.</subfield>
  </datafield>
  <datafield tag="655" ind1=" " ind2="0">
    <subfield code="a">Psychological fiction.</subfield>
  </datafield>
  <datafield tag="655" ind1=" " ind2="7">
    <subfield code="a">Suspense fiction.</subfield>
    <subfield code="2">gsafd</subfield>
  </datafield>
  <datafield tag="655" ind1=" " ind2="7">
    <subfield code="a">Sea stories.</subfield>
    <subfield code="2">gsafd</subfield>
  </datafield>
  
  
  
  
  
  
  
  
  
  
  
  
</record>