<record xmlns="http://www.loc.gov/MARC21/slim" xmlns:zs="http://docs.oasis-open.org/ns/search-ws/sruResponse">
  <leader>03146cam a2200613 i 4500</leader>
  <controlfield tag="001">ocn890799134</controlfield>
  <controlfield tag="003">OCoLC</controlfield>
  <controlfield tag="005">20160312213638.0</controlfield>
  <controlfield tag="008">140912s2014    meu     d     000 1 eng  </controlfield>
  <datafield tag="010" ind1=" " ind2=" ">
    <subfield code="a">  2014035270</subfield>
  </datafield>
  <datafield tag="040" ind1=" " ind2=" ">
    <subfield code="a">DLC</subfield>
    <subfield code="b">eng</subfield>
    <subfield code="e">rda</subfield>
    <subfield code="c">DLC</subfield>
    <subfield code="d">IG#</subfield>
    <subfield code="d">IEP</subfield>
    <subfield code="d">OJ4</subfield>
    <subfield code="d">IUK</subfield>
    <subfield code="d">JTH</subfield>
    <subfield code="d">BTCTA</subfield>
    <subfield code="d">TXBXL</subfield>
    <subfield code="d">LIV</subfield>
    <subfield code="d">OCLCF</subfield>
    <subfield code="d">BDX</subfield>
    <subfield code="d">OCLCQ</subfield>
    <subfield code="d">OCLCO</subfield>
  </datafield>
  <datafield tag="019" ind1=" " ind2=" ">
    <subfield code="a">885228317</subfield>
  </datafield>
  <datafield tag="020" ind1=" " ind2=" ">
    <subfield code="a">9781410471437</subfield>
    <subfield code="q">(large print ;</subfield>
    <subfield code="q">hardcover)</subfield>
  </datafield>
  <datafield tag="020" ind1=" " ind2=" ">
    <subfield code="a">1410471438</subfield>
    <subfield code="q">(large print ;</subfield>
    <subfield code="q">hardcover)</subfield>
  </datafield>
  <datafield tag="035" ind1=" " ind2=" ">
    <subfield code="a">(OCoLC)890799134</subfield>
    <subfield code="z">(OCoLC)885228317</subfield>
  </datafield>
  <datafield tag="042" ind1=" " ind2=" ">
    <subfield code="a">pcc</subfield>
  </datafield>
  <datafield tag="043" ind1=" " ind2=" ">
    <subfield code="a">n-us-pa</subfield>
  </datafield>
  <datafield tag="050" ind1="1" ind2="0">
    <subfield code="a">PS3569.C725</subfield>
    <subfield code="b">B48 2014</subfield>
  </datafield>
  <datafield tag="082" ind1="0" ind2="0">
    <subfield code="a">813/.54</subfield>
    <subfield code="2">23</subfield>
  </datafield>
  <datafield tag="084" ind1=" " ind2=" ">
    <subfield code="a">FIC031000</subfield>
    <subfield code="2">bisacsh</subfield>
  </datafield>
  <datafield tag="100" ind1="1" ind2=" ">
    <subfield code="a">Scottoline, Lisa,</subfield>
    <subfield code="e">author.</subfield>
  </datafield>
  <datafield tag="245" ind1="1" ind2="0">
    <subfield code="a">Betrayed :</subfield>
    <subfield code="b">a Rosato &amp; Associates novel /</subfield>
    <subfield code="c">Lisa Scottoline.</subfield>
  </datafield>
  <datafield tag="250" ind1=" " ind2=" ">
    <subfield code="a">Large Print edition.</subfield>
  </datafield>
  <datafield tag="264" ind1=" " ind2="1">
    <subfield code="a">Waterville, Maine :</subfield>
    <subfield code="b">Wheeler Publishing, A part of Gale, Cengage Learning,</subfield>
    <subfield code="c">2014.</subfield>
  </datafield>
  <datafield tag="300" ind1=" " ind2=" ">
    <subfield code="a">509 pages (large print) ;</subfield>
    <subfield code="c">23 cm.</subfield>
  </datafield>
  <datafield tag="336" ind1=" " ind2=" ">
    <subfield code="a">text</subfield>
    <subfield code="b">txt</subfield>
    <subfield code="2">rdacontent</subfield>
  </datafield>
  <datafield tag="337" ind1=" " ind2=" ">
    <subfield code="a">unmediated</subfield>
    <subfield code="b">n</subfield>
    <subfield code="2">rdamedia</subfield>
  </datafield>
  <datafield tag="338" ind1=" " ind2=" ">
    <subfield code="a">volume</subfield>
    <subfield code="b">nc</subfield>
    <subfield code="2">rdacarrier</subfield>
  </datafield>
  <datafield tag="490" ind1="1" ind2=" ">
    <subfield code="a">A Rosato &amp; Associates novel</subfield>
  </datafield>
  <datafield tag="500" ind1=" " ind2=" ">
    <subfield code="a">"A Rosato &amp; DiNunzio Book"--Cover.</subfield>
  </datafield>
  <datafield tag="520" ind1=" " ind2=" ">
    <subfield code="a">Maverick lawyer Judy Carrier takes the lead in a case that's more personal than ever. Judy has always championed the underdog, so when Iris, the housekeeper and best friend of Judy's beloved Aunt Barb, is found dead of an apparent heart attack, Judy begins to suspect foul play. The circumstances of the death leave Judy with more questions than answers, and never before has murder struck so close to home. In the meantime, Judy's own life roils with emotional and professional upheaval. She doesn't play well with her boss, Bennie Rosato, which jeopardizes her making partner at the firm. Not only that, her best friend Mary DiNunzio is planning a wedding, leaving Judy feeling left behind, as well as newly unhappy in her relationship with her live-in boyfriend Frank. Judy sets her own drama aside and begins an investigation of Iris's murder, then discovers a shocking truth that confounds her expectations and leads her in a completely different direction.</subfield>
  </datafield>
  <datafield tag="650" ind1=" " ind2="0">
    <subfield code="a">Rosato &amp; Associates (Imaginary organization)</subfield>
    <subfield code="v">Fiction.</subfield>
  </datafield>
  <datafield tag="650" ind1=" " ind2="0">
    <subfield code="a">Murder</subfield>
    <subfield code="x">Investigation</subfield>
    <subfield code="v">Fiction.</subfield>
  </datafield>
  <datafield tag="650" ind1=" " ind2="0">
    <subfield code="a">Family secrets</subfield>
    <subfield code="v">Fiction.</subfield>
  </datafield>
  <datafield tag="650" ind1=" " ind2="0">
    <subfield code="a">Illegal aliens</subfield>
    <subfield code="v">Fiction.</subfield>
  </datafield>
  <datafield tag="650" ind1=" " ind2="0">
    <subfield code="a">Women lawyers</subfield>
    <subfield code="v">Fiction.</subfield>
  </datafield>
  <datafield tag="651" ind1=" " ind2="0">
    <subfield code="a">Philadelphia (Pa.)</subfield>
    <subfield code="v">Fiction.</subfield>
  </datafield>
  <datafield tag="650" ind1=" " ind2="7">
    <subfield code="a">FICTION</subfield>
    <subfield code="x">Thrillers.</subfield>
    <subfield code="2">bisacsh</subfield>
  </datafield>
  <datafield tag="650" ind1=" " ind2="7">
    <subfield code="a">Rosato &amp; Associates (Imaginary organization)</subfield>
    <subfield code="2">fast</subfield>
    <subfield code="0">(OCoLC)fst01100473</subfield>
  </datafield>
  <datafield tag="655" ind1=" " ind2="0">
    <subfield code="a">Large type books.</subfield>
  </datafield>
  <datafield tag="655" ind1=" " ind2="0">
    <subfield code="a">Legal stories.</subfield>
  </datafield>
  <datafield tag="655" ind1=" " ind2="7">
    <subfield code="a">Thrillers (Fiction)</subfield>
    <subfield code="2">lcgft</subfield>
  </datafield>
  <datafield tag="655" ind1=" " ind2="7">
    <subfield code="a">Fiction.</subfield>
    <subfield code="2">fast</subfield>
    <subfield code="0">(OCoLC)fst01423787</subfield>
  </datafield>
  <datafield tag="655" ind1=" " ind2="7">
    <subfield code="a">Legal stories.</subfield>
    <subfield code="2">gsafd</subfield>
  </datafield>
  <datafield tag="655" ind1=" " ind2="7">
    <subfield code="a">Suspense fiction.</subfield>
    <subfield code="2">gsafd</subfield>
  </datafield>
  <datafield tag="800" ind1="1" ind2=" ">
    <subfield code="a">Scottoline, Lisa.</subfield>
    <subfield code="t">Rosato &amp; Associates novels.</subfield>
  </datafield>
  
  
  
  
  
  
  
  
</record>