<record xmlns="http://www.loc.gov/MARC21/slim" xmlns:zs="http://docs.oasis-open.org/ns/search-ws/sruResponse">
  <leader>02888cam a2200541 i 4500</leader>
  <controlfield tag="001">ocn881817964</controlfield>
  <controlfield tag="003">OCoLC</controlfield>
  <controlfield tag="005">20160312213739.0</controlfield>
  <controlfield tag="008">140626s2014    dcu     bb   f000 0 eng c</controlfield>
  <controlfield tag="007">he bmb---bbca</controlfield>
  <datafield tag="040" ind1=" " ind2=" ">
    <subfield code="a">GPO</subfield>
    <subfield code="b">eng</subfield>
    <subfield code="e">rda</subfield>
    <subfield code="c">GPO</subfield>
    <subfield code="d">OCLCF</subfield>
    <subfield code="d">OCL</subfield>
    <subfield code="d">WVU</subfield>
    <subfield code="d">OCLCO</subfield>
  </datafield>
  <datafield tag="035" ind1=" " ind2=" ">
    <subfield code="a">(OCoLC)881817964</subfield>
  </datafield>
  <datafield tag="042" ind1=" " ind2=" ">
    <subfield code="a">pcc</subfield>
  </datafield>
  <datafield tag="043" ind1=" " ind2=" ">
    <subfield code="a">n-mx---</subfield>
    <subfield code="a">n-us---</subfield>
  </datafield>
  <datafield tag="050" ind1="0" ind2="0">
    <subfield code="a">KF27</subfield>
    <subfield code="b">.F6492 2013e</subfield>
  </datafield>
  <datafield tag="074" ind1=" " ind2=" ">
    <subfield code="a">1017-B-07 (MF)</subfield>
  </datafield>
  <datafield tag="086" ind1="0" ind2=" ">
    <subfield code="a">Y 4.F 76/1:113-111</subfield>
  </datafield>
  <datafield tag="088" ind1=" " ind2=" ">
    <subfield code="a">Serial no. 113-111 (United States. Congress. House. Committee on Foreign Affairs)</subfield>
  </datafield>
  <datafield tag="110" ind1="1" ind2=" ">
    <subfield code="a">United States.</subfield>
    <subfield code="b">Congress.</subfield>
    <subfield code="b">House.</subfield>
    <subfield code="b">Committee on Foreign Affairs.</subfield>
    <subfield code="b">Subcommittee on the Western Hemisphere,</subfield>
    <subfield code="e">author.</subfield>
  </datafield>
  <datafield tag="245" ind1="1" ind2="0">
    <subfield code="a">Improving security and facilitating commerce with Mexico at America's southern border :</subfield>
    <subfield code="b">hearing before the Subcommittee on the Western Hemisphere of the Committee on Foreign Affairs, House of Representatives, One Hundred Thirteenth Congress, first session, December 9, 2013.</subfield>
  </datafield>
  <datafield tag="264" ind1=" " ind2="1">
    <subfield code="a">[Washington, D.C.] :</subfield>
    <subfield code="b">U.S. Government Printing Office,</subfield>
    <subfield code="c">[2014]</subfield>
  </datafield>
  <datafield tag="300" ind1=" " ind2=" ">
    <subfield code="a">1 microfiche (iii, 66 pages) :</subfield>
    <subfield code="b">negative ;</subfield>
    <subfield code="c">11 x 15 cm</subfield>
  </datafield>
  <datafield tag="336" ind1=" " ind2=" ">
    <subfield code="a">text</subfield>
    <subfield code="b">txt</subfield>
    <subfield code="2">rdacontent</subfield>
  </datafield>
  <datafield tag="337" ind1=" " ind2=" ">
    <subfield code="a">microform</subfield>
    <subfield code="b">h</subfield>
    <subfield code="2">rdamedia</subfield>
  </datafield>
  <datafield tag="338" ind1=" " ind2=" ">
    <subfield code="a">microfiche</subfield>
    <subfield code="b">he</subfield>
    <subfield code="2">rdacarrier</subfield>
  </datafield>
  <datafield tag="500" ind1=" " ind2=" ">
    <subfield code="a">Shipping list no.: 2014-0159-M.</subfield>
  </datafield>
  <datafield tag="500" ind1=" " ind2=" ">
    <subfield code="a">Paper version available for sale by the Superintendent of Documents, U.S. Government Printing Office.</subfield>
  </datafield>
  <datafield tag="504" ind1=" " ind2=" ">
    <subfield code="a">Includes bibliographical references.</subfield>
  </datafield>
  <datafield tag="500" ind1=" " ind2=" ">
    <subfield code="a">"Serial no. 113-111."</subfield>
  </datafield>
  <datafield tag="651" ind1=" " ind2="0">
    <subfield code="a">United States</subfield>
    <subfield code="x">Boundaries</subfield>
    <subfield code="z">Mexico.</subfield>
  </datafield>
  <datafield tag="651" ind1=" " ind2="0">
    <subfield code="a">Mexico</subfield>
    <subfield code="x">Boundaries</subfield>
    <subfield code="z">United States.</subfield>
  </datafield>
  <datafield tag="650" ind1=" " ind2="0">
    <subfield code="a">Terrorism</subfield>
    <subfield code="z">United States</subfield>
    <subfield code="x">Prevention.</subfield>
  </datafield>
  <datafield tag="650" ind1=" " ind2="0">
    <subfield code="a">Border patrols</subfield>
    <subfield code="z">United States.</subfield>
  </datafield>
  <datafield tag="650" ind1=" " ind2="0">
    <subfield code="a">Drug control</subfield>
    <subfield code="z">United States.</subfield>
  </datafield>
  <datafield tag="650" ind1=" " ind2="0">
    <subfield code="a">Illegal aliens</subfield>
    <subfield code="x">Government policy</subfield>
    <subfield code="z">United States.</subfield>
  </datafield>
  <datafield tag="650" ind1=" " ind2="7">
    <subfield code="a">Border patrols.</subfield>
    <subfield code="2">fast</subfield>
    <subfield code="0">(OCoLC)fst00836593</subfield>
  </datafield>
  <datafield tag="650" ind1=" " ind2="7">
    <subfield code="a">Boundaries.</subfield>
    <subfield code="2">fast</subfield>
    <subfield code="0">(OCoLC)fst00837076</subfield>
  </datafield>
  <datafield tag="650" ind1=" " ind2="7">
    <subfield code="a">Drug control.</subfield>
    <subfield code="2">fast</subfield>
    <subfield code="0">(OCoLC)fst01032891</subfield>
  </datafield>
  <datafield tag="650" ind1=" " ind2="7">
    <subfield code="a">Illegal aliens</subfield>
    <subfield code="x">Government policy.</subfield>
    <subfield code="2">fast</subfield>
    <subfield code="0">(OCoLC)fst00967160</subfield>
  </datafield>
  <datafield tag="650" ind1=" " ind2="7">
    <subfield code="a">Terrorism</subfield>
    <subfield code="x">Prevention.</subfield>
    <subfield code="2">fast</subfield>
    <subfield code="0">(OCoLC)fst01148123</subfield>
  </datafield>
  <datafield tag="651" ind1=" " ind2="7">
    <subfield code="a">Mexico.</subfield>
    <subfield code="2">fast</subfield>
    <subfield code="0">(OCoLC)fst01211700</subfield>
  </datafield>
  <datafield tag="651" ind1=" " ind2="7">
    <subfield code="a">United States.</subfield>
    <subfield code="2">fast</subfield>
    <subfield code="0">(OCoLC)fst01204155</subfield>
  </datafield>
  <datafield tag="655" ind1=" " ind2="7">
    <subfield code="a">Legislative hearings.</subfield>
    <subfield code="2">fast</subfield>
    <subfield code="0">(OCoLC)fst01910825</subfield>
  </datafield>
  <datafield tag="655" ind1=" " ind2="7">
    <subfield code="a">Legislative hearings.</subfield>
    <subfield code="2">lcgft</subfield>
  </datafield>
  <datafield tag="776" ind1="0" ind2="8">
    <subfield code="i">Print version:</subfield>
    <subfield code="a">United States. Congress. House. Committee on Foreign Affairs. Subcommittee on the Western Hemisphere.</subfield>
    <subfield code="t">Improving security and facilitating commerce with Mexico at America's southern border</subfield>
    <subfield code="w">(DLC)  2013499563</subfield>
    <subfield code="w">(OCoLC)876031345</subfield>
  </datafield>
  <datafield tag="776" ind1="0" ind2="8">
    <subfield code="i">Online version:</subfield>
    <subfield code="a">United States. Congress. House. Committee on Foreign Affairs. Subcommittee on the Western Hemisphere.</subfield>
    <subfield code="t">Improving security and facilitating commerce with Mexico at America's southern border</subfield>
    <subfield code="w">(OCoLC)876031443</subfield>
  </datafield>
  
  
</record>