<record xmlns="http://www.loc.gov/MARC21/slim" xmlns:zs="http://docs.oasis-open.org/ns/search-ws/sruResponse">
  <leader>05171cam a2200649 a 4500</leader>
  <controlfield tag="001">ocn122701469</controlfield>
  <controlfield tag="003">OCoLC</controlfield>
  <controlfield tag="005">20160312213647.0</controlfield>
  <controlfield tag="008">070327s2007    ilu           001 0 eng  </controlfield>
  <datafield tag="010" ind1=" " ind2=" ">
    <subfield code="a">  2007012768</subfield>
  </datafield>
  <datafield tag="040" ind1=" " ind2=" ">
    <subfield code="a">DLC</subfield>
    <subfield code="b">eng</subfield>
    <subfield code="c">DLC</subfield>
    <subfield code="d">BAKER</subfield>
    <subfield code="d">BTCTA</subfield>
    <subfield code="d">C#P</subfield>
    <subfield code="d">YDXCP</subfield>
    <subfield code="d">IXA</subfield>
    <subfield code="d">TBS</subfield>
    <subfield code="d">NOR</subfield>
    <subfield code="d">OCLCQ</subfield>
    <subfield code="d">CQU</subfield>
    <subfield code="d">OCLCQ</subfield>
    <subfield code="d">A7U</subfield>
    <subfield code="d">BDX</subfield>
    <subfield code="d">OCLCF</subfield>
    <subfield code="d">OCLCO</subfield>
    <subfield code="d">OCLCQ</subfield>
  </datafield>
  <datafield tag="020" ind1=" " ind2=" ">
    <subfield code="a">9781566637602</subfield>
    <subfield code="q">(cloth :</subfield>
    <subfield code="q">alk. paper)</subfield>
  </datafield>
  <datafield tag="020" ind1=" " ind2=" ">
    <subfield code="a">1566637600</subfield>
    <subfield code="q">(cloth :</subfield>
    <subfield code="q">alk. paper)</subfield>
  </datafield>
  <datafield tag="035" ind1=" " ind2=" ">
    <subfield code="a">(OCoLC)122701469</subfield>
  </datafield>
  <datafield tag="043" ind1=" " ind2=" ">
    <subfield code="a">n-mx---</subfield>
    <subfield code="a">n-us---</subfield>
  </datafield>
  <datafield tag="050" ind1="0" ind2="0">
    <subfield code="a">JV6483</subfield>
    <subfield code="b">.M25 2007</subfield>
  </datafield>
  <datafield tag="082" ind1="0" ind2="0">
    <subfield code="a">325/.2720973</subfield>
    <subfield code="2">22</subfield>
  </datafield>
  <datafield tag="100" ind1="1" ind2=" ">
    <subfield code="a">Mac Donald, Heather.</subfield>
  </datafield>
  <datafield tag="245" ind1="1" ind2="4">
    <subfield code="a">The immigration solution :</subfield>
    <subfield code="b">a better plan than today's /</subfield>
    <subfield code="c">Heather Mac Donald, Victor Davis Hanson, Steven Malanga.</subfield>
  </datafield>
  <datafield tag="260" ind1=" " ind2=" ">
    <subfield code="a">Chicago :</subfield>
    <subfield code="b">Ivan R. Dee,</subfield>
    <subfield code="c">2007.</subfield>
  </datafield>
  <datafield tag="300" ind1=" " ind2=" ">
    <subfield code="a">vi, 197 pages ;</subfield>
    <subfield code="c">23 cm</subfield>
  </datafield>
  <datafield tag="336" ind1=" " ind2=" ">
    <subfield code="a">text</subfield>
    <subfield code="b">txt</subfield>
    <subfield code="2">rdacontent</subfield>
  </datafield>
  <datafield tag="337" ind1=" " ind2=" ">
    <subfield code="a">unmediated</subfield>
    <subfield code="b">n</subfield>
    <subfield code="2">rdamedia</subfield>
  </datafield>
  <datafield tag="338" ind1=" " ind2=" ">
    <subfield code="a">volume</subfield>
    <subfield code="b">nc</subfield>
    <subfield code="2">rdacarrier</subfield>
  </datafield>
  <datafield tag="500" ind1=" " ind2=" ">
    <subfield code="a">Includes index.</subfield>
  </datafield>
  <datafield tag="505" ind1="0" ind2="0">
    <subfield code="t">Introduction --</subfield>
    <subfield code="g">1.</subfield>
    <subfield code="t">Do we want Mexifornia? /</subfield>
    <subfield code="r">Victor Davis Hanson --</subfield>
    <subfield code="g">2.</subfield>
    <subfield code="t">How unskilled immigrants hurt our economy /</subfield>
    <subfield code="r">Steven Malanga --</subfield>
    <subfield code="g">3.</subfield>
    <subfield code="t">Seeing today's immigrants straight /</subfield>
    <subfield code="r">Heather Mac Donald --</subfield>
    <subfield code="g">4.</subfield>
    <subfield code="t">The illegal-alien crime wave /</subfield>
    <subfield code="r">Heather Mac Donald --</subfield>
    <subfield code="g">5.</subfield>
    <subfield code="t">The immigrant gang plague /</subfield>
    <subfield code="r">Heather Mac Donald --</subfield>
    <subfield code="g">6.</subfield>
    <subfield code="t">Hispanic family values? /</subfield>
    <subfield code="r">Heather Mac Donald --</subfield>
    <subfield code="g">7.</subfield>
    <subfield code="t">Mexico's undiplomatic diplomats /</subfield>
    <subfield code="r">Heather Mac Donald --</subfield>
    <subfield code="g">8.</subfield>
    <subfield code="t">Mexifornia, five years later /</subfield>
    <subfield code="r">Victor Davis Hanson --</subfield>
    <subfield code="g">9.</subfield>
    <subfield code="t">The right immigration policy /</subfield>
    <subfield code="r">Steven Malanga --</subfield>
    <subfield code="t">Index.</subfield>
  </datafield>
  <datafield tag="520" ind1="1" ind2=" ">
    <subfield code="a">"Undoubtedly the United States needs a liberal and welcoming immigration policy, geared to the needs and interests of the nation. In this urgent and timely book, three astute observers argue that today's current policies have caused us to lose control of our southern border, so that the vast majority of our immigrants are now illegal Mexicans. Poor, uneducated, and unskilled, these newcomers, however hard many of them work at their mostly menial jobs, add much less to the national wealth than they cost the taxpayers for their health care, the education of their children, and (too often) their incarceration." "In The Immigration Solution, Heather Mac Donald describes how an epidemic of crime, gangs, and illegitimacy is creating a new Hispanic underclass, and how the Mexican government aids and abets illegal immigration to the United States and thwarts state and local attempts to resist it." "Victor Davis Hanson writes about his own experience growing up in California's farm country and watching the Hispanic immigrant influx transform his state." "Steven Malanga shows how, despite much argument to the contrary, Hispanic immigrants produce a net cost to the American economy, not a net benefit, and he goes on to outline the kind of immigration policy that would be both liberal and in America's interest." "The Immigration Solution proposes the same kind of policy in place in other advanced nations, one that admits skilled and educated people on the basis of what they can do for the country, not what the country can do for them."--Jacket.</subfield>
  </datafield>
  <datafield tag="650" ind1=" " ind2="0">
    <subfield code="a">Illegal aliens</subfield>
    <subfield code="z">United States</subfield>
    <subfield code="x">Social conditions.</subfield>
  </datafield>
  <datafield tag="650" ind1=" " ind2="0">
    <subfield code="a">Mexicans</subfield>
    <subfield code="z">United States</subfield>
    <subfield code="x">Social conditions.</subfield>
  </datafield>
  <datafield tag="650" ind1=" " ind2="0">
    <subfield code="a">Immigrants</subfield>
    <subfield code="x">Government policy</subfield>
    <subfield code="z">United States.</subfield>
  </datafield>
  <datafield tag="651" ind1=" " ind2="0">
    <subfield code="a">Mexico</subfield>
    <subfield code="x">Emigration and immigration.</subfield>
  </datafield>
  <datafield tag="650" ind1=" " ind2="7">
    <subfield code="a">Emigration and immigration.</subfield>
    <subfield code="2">fast</subfield>
    <subfield code="0">(OCoLC)fst00908690</subfield>
  </datafield>
  <datafield tag="650" ind1=" " ind2="7">
    <subfield code="a">Illegal aliens</subfield>
    <subfield code="x">Social conditions.</subfield>
    <subfield code="2">fast</subfield>
    <subfield code="0">(OCoLC)fst00967171</subfield>
  </datafield>
  <datafield tag="650" ind1=" " ind2="7">
    <subfield code="a">Immigrants</subfield>
    <subfield code="x">Government policy.</subfield>
    <subfield code="2">fast</subfield>
    <subfield code="0">(OCoLC)fst00967736</subfield>
  </datafield>
  <datafield tag="650" ind1=" " ind2="7">
    <subfield code="a">Mexicans</subfield>
    <subfield code="x">Social conditions.</subfield>
    <subfield code="2">fast</subfield>
    <subfield code="0">(OCoLC)fst01019264</subfield>
  </datafield>
  <datafield tag="651" ind1=" " ind2="7">
    <subfield code="a">Mexico.</subfield>
    <subfield code="2">fast</subfield>
    <subfield code="0">(OCoLC)fst01211700</subfield>
  </datafield>
  <datafield tag="651" ind1=" " ind2="7">
    <subfield code="a">United States.</subfield>
    <subfield code="2">fast</subfield>
    <subfield code="0">(OCoLC)fst01204155</subfield>
  </datafield>
  <datafield tag="700" ind1="1" ind2=" ">
    <subfield code="a">Hanson, Victor Davis.</subfield>
  </datafield>
  <datafield tag="700" ind1="1" ind2=" ">
    <subfield code="a">Malanga, Steven.</subfield>
  </datafield>
  <datafield tag="856" ind1="4" ind2="1">
    <subfield code="3">Table of contents</subfield>
    <subfield code="u">http://catdir.loc.gov/catdir/toc/ecip0715/2007012768.html</subfield>
  </datafield>
  
  
  
  
  
  
  
  
  
  
  
  
  
  
  
  
  
</record>