<record xmlns="http://www.loc.gov/MARC21/slim" xmlns:zs="http://docs.oasis-open.org/ns/search-ws/sruResponse">
  <leader>04503cgm a2200769Ka 4500</leader>
  <controlfield tag="001">ocn233987102</controlfield>
  <controlfield tag="003">OCoLC</controlfield>
  <controlfield tag="005">20160312213742.0</controlfield>
  <controlfield tag="008">080715s2008    cau104 g          vleng d</controlfield>
  <controlfield tag="007">vd csaizk</controlfield>
  <datafield tag="040" ind1=" " ind2=" ">
    <subfield code="a">TEFMT</subfield>
    <subfield code="b">eng</subfield>
    <subfield code="c">TEFMT</subfield>
    <subfield code="d">BTCTA</subfield>
    <subfield code="d">TEF</subfield>
    <subfield code="d">WAU</subfield>
    <subfield code="d">OCLCQ</subfield>
    <subfield code="d">JDP</subfield>
    <subfield code="d">OCLCQ</subfield>
    <subfield code="d">GK8</subfield>
    <subfield code="d">TWNBI</subfield>
    <subfield code="d">OCLCF</subfield>
    <subfield code="d">OCLCO</subfield>
    <subfield code="d">OCLCQ</subfield>
    <subfield code="d">OCLCO</subfield>
    <subfield code="d">OCL</subfield>
    <subfield code="d">OCLCO</subfield>
  </datafield>
  <datafield tag="024" ind1="1" ind2="0">
    <subfield code="a">013138304582</subfield>
  </datafield>
  <datafield tag="028" ind1="4" ind2="2">
    <subfield code="a">3045</subfield>
    <subfield code="b">Anchor Bay Entertainment</subfield>
  </datafield>
  <datafield tag="035" ind1=" " ind2=" ">
    <subfield code="a">(OCoLC)233987102</subfield>
  </datafield>
  <datafield tag="037" ind1=" " ind2=" ">
    <subfield code="b">Midwest Tape</subfield>
    <subfield code="n">http://www.midwesttapes.com</subfield>
  </datafield>
  <datafield tag="043" ind1=" " ind2=" ">
    <subfield code="a">n-us-ct</subfield>
    <subfield code="a">n-us-ny</subfield>
  </datafield>
  <datafield tag="050" ind1="1" ind2="4">
    <subfield code="a">PN1995.9.C544</subfield>
    <subfield code="b">V575867 2008</subfield>
  </datafield>
  <datafield tag="082" ind1="0" ind2="4">
    <subfield code="a">791.43/72</subfield>
    <subfield code="2">22</subfield>
  </datafield>
  <datafield tag="245" ind1="0" ind2="4">
    <subfield code="a">The visitor</subfield>
    <subfield code="h">[videorecording] /</subfield>
    <subfield code="c">Groundswell Productions ; Next Wednesday Productions ; Participant Productions ; produced by Michael London, Mary Jane Skalski, Jeff Skoll ; written by Thomas McCarthy ; directed by Thomas McCarthy.</subfield>
  </datafield>
  <datafield tag="250" ind1=" " ind2=" ">
    <subfield code="a">[Blu-ray version.].</subfield>
  </datafield>
  <datafield tag="260" ind1=" " ind2=" ">
    <subfield code="a">Burbank, CA :</subfield>
    <subfield code="b">Distributed by Anchor Bay Entertainment,</subfield>
    <subfield code="c">[2008]</subfield>
  </datafield>
  <datafield tag="300" ind1=" " ind2=" ">
    <subfield code="a">1 videodisc (104 min.) :</subfield>
    <subfield code="b">sound, color ;</subfield>
    <subfield code="c">4 3/4 in.</subfield>
  </datafield>
  <datafield tag="336" ind1=" " ind2=" ">
    <subfield code="a">two-dimensional moving image</subfield>
    <subfield code="b">tdi</subfield>
    <subfield code="2">rdacontent</subfield>
  </datafield>
  <datafield tag="337" ind1=" " ind2=" ">
    <subfield code="a">video</subfield>
    <subfield code="b">v</subfield>
    <subfield code="2">rdamedia</subfield>
  </datafield>
  <datafield tag="338" ind1=" " ind2=" ">
    <subfield code="a">videodisc</subfield>
    <subfield code="b">vd</subfield>
    <subfield code="2">rdacarrier</subfield>
  </datafield>
  <datafield tag="538" ind1=" " ind2=" ">
    <subfield code="a">DVD, widescreen (1.85:1) presentation; Dolby Digital, 1080p High-Definition.</subfield>
  </datafield>
  <datafield tag="500" ind1=" " ind2=" ">
    <subfield code="a">Blu-ray disc.</subfield>
  </datafield>
  <datafield tag="538" ind1=" " ind2=" ">
    <subfield code="a">This Blu-ray disc will not play in standard DVD players.</subfield>
  </datafield>
  <datafield tag="511" ind1="1" ind2=" ">
    <subfield code="a">Richard Jenkins, Haaz Sleiman, Danai Gurira, Hiam Abbass.</subfield>
  </datafield>
  <datafield tag="508" ind1=" " ind2=" ">
    <subfield code="a">Director of photography, Oliver Bokelberg ; editor, Tom McArdle ; music, Jan A.P. Kaczmarek ; costume designer, Melissa Toth ; production designer, John Paino.</subfield>
  </datafield>
  <datafield tag="500" ind1=" " ind2=" ">
    <subfield code="a">Originally released as a motion picture in 2007.</subfield>
  </datafield>
  <datafield tag="521" ind1="8" ind2=" ">
    <subfield code="a">MPAA rating: PG-13; for brief strong language.</subfield>
  </datafield>
  <datafield tag="520" ind1=" " ind2=" ">
    <subfield code="a">Walter Vale is a widower who teaches economics at a Connecticut university. He lives alone and is no longer motivated by his work. In New York to present a paper at a conference, he goes to the apartment that he has not visited in some time, but has kept since his wife was alive, only to discover a young couple living there. Despite their great cultural differences, Walter befriends Tarek, a Syrian citizen and drummer, and gradually builds a friendship with Esi, his girlfriend from Senegal. One day, when returning from Central Park with Walter, Tarek is arrested for jumping a stuck subway turnstile, despite the fact that he had paid. The police discover he does not have legal papers and transfer him to an immigrant detention center in Queens. Feeling responsible for and connected to Tarek, Walter decides to stay in New York to help and support him. Not hearing from her son, Tarek's mother arrives from Michigan to find out why, and she and Walter support one another while they attempt to free Tarek.</subfield>
  </datafield>
  <datafield tag="500" ind1=" " ind2=" ">
    <subfield code="a">Special features: Playing the Djembe; "The visitor: an inside look" featurette; audio commentary with director Tom McCarthy and actor Richard Jenkins; deleted scenes.</subfield>
  </datafield>
  <datafield tag="650" ind1=" " ind2="0">
    <subfield code="a">College teachers</subfield>
    <subfield code="z">New York (State)</subfield>
    <subfield code="z">New York</subfield>
    <subfield code="v">Drama.</subfield>
  </datafield>
  <datafield tag="650" ind1=" " ind2="0">
    <subfield code="a">Widowers</subfield>
    <subfield code="z">New York (State)</subfield>
    <subfield code="z">New York</subfield>
    <subfield code="v">Drama.</subfield>
  </datafield>
  <datafield tag="650" ind1=" " ind2="0">
    <subfield code="a">Illegal aliens</subfield>
    <subfield code="z">New York (State)</subfield>
    <subfield code="z">New York</subfield>
    <subfield code="v">Drama.</subfield>
  </datafield>
  <datafield tag="651" ind1=" " ind2="0">
    <subfield code="a">New York (N.Y.)</subfield>
    <subfield code="v">Drama.</subfield>
  </datafield>
  <datafield tag="650" ind1=" " ind2="7">
    <subfield code="a">College teachers.</subfield>
    <subfield code="2">fast</subfield>
    <subfield code="0">(OCoLC)fst00868114</subfield>
  </datafield>
  <datafield tag="650" ind1=" " ind2="7">
    <subfield code="a">Illegal aliens.</subfield>
    <subfield code="2">fast</subfield>
    <subfield code="0">(OCoLC)fst00967153</subfield>
  </datafield>
  <datafield tag="650" ind1=" " ind2="7">
    <subfield code="a">Widowers.</subfield>
    <subfield code="2">fast</subfield>
    <subfield code="0">(OCoLC)fst01174932</subfield>
  </datafield>
  <datafield tag="651" ind1=" " ind2="7">
    <subfield code="a">New York (State)</subfield>
    <subfield code="z">New York.</subfield>
    <subfield code="2">fast</subfield>
    <subfield code="0">(OCoLC)fst01204333</subfield>
  </datafield>
  <datafield tag="655" ind1=" " ind2="7">
    <subfield code="a">Melodrama films.</subfield>
    <subfield code="2">gsafd</subfield>
  </datafield>
  <datafield tag="655" ind1=" " ind2="7">
    <subfield code="a">Feature films.</subfield>
    <subfield code="2">gsafd</subfield>
  </datafield>
  <datafield tag="655" ind1=" " ind2="7">
    <subfield code="a">Melodramas (Motion pictures)</subfield>
    <subfield code="2">lcgft</subfield>
  </datafield>
  <datafield tag="655" ind1=" " ind2="7">
    <subfield code="a">Fiction films.</subfield>
    <subfield code="2">lcgft</subfield>
  </datafield>
  <datafield tag="655" ind1=" " ind2="7">
    <subfield code="a">Feature films.</subfield>
    <subfield code="2">lcgft</subfield>
  </datafield>
  <datafield tag="655" ind1=" " ind2="7">
    <subfield code="a">Melodrama</subfield>
    <subfield code="v">Feature.</subfield>
    <subfield code="2">migfg</subfield>
  </datafield>
  <datafield tag="655" ind1=" " ind2="7">
    <subfield code="a">Drama.</subfield>
    <subfield code="2">fast</subfield>
    <subfield code="0">(OCoLC)fst01423879</subfield>
  </datafield>
  <datafield tag="655" ind1=" " ind2="7">
    <subfield code="a">Feature films.</subfield>
    <subfield code="2">fast</subfield>
    <subfield code="0">(OCoLC)fst01710384</subfield>
  </datafield>
  <datafield tag="655" ind1=" " ind2="7">
    <subfield code="a">Fiction films.</subfield>
    <subfield code="2">fast</subfield>
    <subfield code="0">(OCoLC)fst01710264</subfield>
  </datafield>
  <datafield tag="655" ind1=" " ind2="7">
    <subfield code="a">Melodramas (Motion pictures)</subfield>
    <subfield code="2">fast</subfield>
    <subfield code="0">(OCoLC)fst01726217</subfield>
  </datafield>
  <datafield tag="700" ind1="1" ind2=" ">
    <subfield code="a">Jenkins, Richard,</subfield>
    <subfield code="d">1947-</subfield>
    <subfield code="4">act</subfield>
  </datafield>
  <datafield tag="700" ind1="1" ind2=" ">
    <subfield code="a">Sleiman, Haaz.</subfield>
    <subfield code="4">act</subfield>
  </datafield>
  <datafield tag="700" ind1="1" ind2=" ">
    <subfield code="a">Gurira, Danai.</subfield>
    <subfield code="4">act</subfield>
  </datafield>
  <datafield tag="700" ind1="1" ind2=" ">
    <subfield code="a">Abbass, Hiam.</subfield>
    <subfield code="4">act</subfield>
  </datafield>
  <datafield tag="700" ind1="1" ind2=" ">
    <subfield code="a">London, Michael.</subfield>
    <subfield code="4">pro</subfield>
  </datafield>
  <datafield tag="700" ind1="1" ind2=" ">
    <subfield code="a">Skalski, Mary Jane.</subfield>
    <subfield code="4">pro</subfield>
  </datafield>
  <datafield tag="700" ind1="1" ind2=" ">
    <subfield code="a">Skoll, Jeff.</subfield>
    <subfield code="4">pro</subfield>
  </datafield>
  <datafield tag="700" ind1="1" ind2=" ">
    <subfield code="a">McCarthy, Thomas.</subfield>
    <subfield code="4">aus</subfield>
    <subfield code="4">drt</subfield>
  </datafield>
  <datafield tag="710" ind1="2" ind2=" ">
    <subfield code="a">Groundswell Productions.</subfield>
  </datafield>
  <datafield tag="710" ind1="2" ind2=" ">
    <subfield code="a">Next Wednesday Productions.</subfield>
  </datafield>
  <datafield tag="710" ind1="2" ind2=" ">
    <subfield code="a">Participant Productions.</subfield>
  </datafield>
  <datafield tag="710" ind1="2" ind2=" ">
    <subfield code="a">Anchor Bay Entertainment, Inc.</subfield>
  </datafield>
  
  
  
</record>