<record xmlns="http://www.loc.gov/MARC21/slim" xmlns:zs="http://docs.oasis-open.org/ns/search-ws/sruResponse">
  <leader>04119cam a2200685 i 4500</leader>
  <controlfield tag="001">ocn823045456</controlfield>
  <controlfield tag="003">OCoLC</controlfield>
  <controlfield tag="005">20160312213659.0</controlfield>
  <controlfield tag="008">130207s2013    txua     b    001 0 eng  </controlfield>
  <datafield tag="010" ind1=" " ind2=" ">
    <subfield code="a">  2013000005</subfield>
  </datafield>
  <datafield tag="040" ind1=" " ind2=" ">
    <subfield code="a">DLC</subfield>
    <subfield code="b">eng</subfield>
    <subfield code="e">rda</subfield>
    <subfield code="c">DLC</subfield>
    <subfield code="d">YDX</subfield>
    <subfield code="d">BTCTA</subfield>
    <subfield code="d">YDXCP</subfield>
    <subfield code="d">OCLCO</subfield>
    <subfield code="d">CDX</subfield>
    <subfield code="d">OCLCF</subfield>
    <subfield code="d">FYQ</subfield>
    <subfield code="d">VLR</subfield>
    <subfield code="d">OCLCO</subfield>
    <subfield code="d">CHVBK</subfield>
    <subfield code="d">IPU</subfield>
    <subfield code="d">OCLCQ</subfield>
    <subfield code="d">OCLCO</subfield>
  </datafield>
  <datafield tag="019" ind1=" " ind2=" ">
    <subfield code="a">876848576</subfield>
    <subfield code="a">904341647</subfield>
  </datafield>
  <datafield tag="020" ind1=" " ind2=" ">
    <subfield code="a">9781593326166</subfield>
    <subfield code="q">(hardcover ;</subfield>
    <subfield code="q">alk. paper)</subfield>
  </datafield>
  <datafield tag="020" ind1=" " ind2=" ">
    <subfield code="a">1593326165</subfield>
    <subfield code="q">(hardcover ;</subfield>
    <subfield code="q">alk. paper)</subfield>
  </datafield>
  <datafield tag="035" ind1=" " ind2=" ">
    <subfield code="a">(OCoLC)823045456</subfield>
    <subfield code="z">(OCoLC)876848576</subfield>
    <subfield code="z">(OCoLC)904341647</subfield>
  </datafield>
  <datafield tag="042" ind1=" " ind2=" ">
    <subfield code="a">pcc</subfield>
  </datafield>
  <datafield tag="043" ind1=" " ind2=" ">
    <subfield code="a">n-us---</subfield>
  </datafield>
  <datafield tag="050" ind1="0" ind2="0">
    <subfield code="a">JV6483</subfield>
    <subfield code="b">.H375 2013</subfield>
  </datafield>
  <datafield tag="082" ind1="0" ind2="0">
    <subfield code="a">325.73</subfield>
    <subfield code="2">23</subfield>
  </datafield>
  <datafield tag="100" ind1="1" ind2=" ">
    <subfield code="a">Hauptman, Samantha.</subfield>
  </datafield>
  <datafield tag="245" ind1="1" ind2="4">
    <subfield code="a">The criminalization of immigration :</subfield>
    <subfield code="b">the post 9/11 moral panic /</subfield>
    <subfield code="c">Samantha Hauptman.</subfield>
  </datafield>
  <datafield tag="264" ind1=" " ind2="1">
    <subfield code="a">El Paso :</subfield>
    <subfield code="b">LFB Scholarly Publishing LLC,</subfield>
    <subfield code="c">2013.</subfield>
  </datafield>
  <datafield tag="300" ind1=" " ind2=" ">
    <subfield code="a">xii, 169 pages :</subfield>
    <subfield code="b">illustrations ;</subfield>
    <subfield code="c">23 cm.</subfield>
  </datafield>
  <datafield tag="336" ind1=" " ind2=" ">
    <subfield code="a">text</subfield>
    <subfield code="b">txt</subfield>
    <subfield code="2">rdacontent</subfield>
  </datafield>
  <datafield tag="337" ind1=" " ind2=" ">
    <subfield code="a">unmediated</subfield>
    <subfield code="b">n</subfield>
    <subfield code="2">rdamedia</subfield>
  </datafield>
  <datafield tag="338" ind1=" " ind2=" ">
    <subfield code="a">volume</subfield>
    <subfield code="b">nc</subfield>
    <subfield code="2">rdacarrier</subfield>
  </datafield>
  <datafield tag="490" ind1="1" ind2=" ">
    <subfield code="a">The new Americans : recent immigration and American society</subfield>
  </datafield>
  <datafield tag="504" ind1=" " ind2=" ">
    <subfield code="a">Includes bibliographical references and index.</subfield>
  </datafield>
  <datafield tag="505" ind1="0" ind2=" ">
    <subfield code="a">List of tables--List of figures -- Introduction -- September 11th and the war on terror -- Setting the stage : ideal conditions for panic -- Media portrayals and criminal associations -- Increasing anxiety -- The labeling of a folk devil -- Heightened concern and impetuous threats -- Immigration anxiety : the federal response -- Terror of immigration and war on immigrants -- The immigration impasse.</subfield>
  </datafield>
  <datafield tag="520" ind1=" " ind2=" ">
    <subfield code="a">"After the September 11th attacks the United States government sought a response to terrorism. The ensuing 'war on terror' brought sweeping new federal regulations and changes in immigration policy. Consequent changes in society's reaction to immigration and the degree to which immigrants have become criminalized are apparent. Hauptman reveals the effects of a moral panic toward immigration after 9/11, explaining social control initiatives like the USA PATRIOT Act of 2001, as a direct result of the concern over immigrants in the United States. Hauptman concludes that the response to the attacks resulted in the criminalization of immigrants in post-September 11th society."--Page 4 of cover.</subfield>
  </datafield>
  <datafield tag="651" ind1=" " ind2="0">
    <subfield code="a">United States</subfield>
    <subfield code="x">Emigration and immigration</subfield>
    <subfield code="x">Government policy.</subfield>
  </datafield>
  <datafield tag="650" ind1=" " ind2="0">
    <subfield code="a">Immigration enforcement</subfield>
    <subfield code="z">United States.</subfield>
  </datafield>
  <datafield tag="650" ind1=" " ind2="0">
    <subfield code="a">Illegal aliens</subfield>
    <subfield code="z">United States.</subfield>
  </datafield>
  <datafield tag="650" ind1=" " ind2="0">
    <subfield code="a">War on Terrorism, 2001-2009.</subfield>
  </datafield>
  <datafield tag="611" ind1="2" ind2="7">
    <subfield code="a">War on Terrorism (2001-2009)</subfield>
    <subfield code="2">fast</subfield>
    <subfield code="0">(OCoLC)fst01754980</subfield>
  </datafield>
  <datafield tag="650" ind1=" " ind2="7">
    <subfield code="a">Emigration and immigration</subfield>
    <subfield code="x">Government policy.</subfield>
    <subfield code="2">fast</subfield>
    <subfield code="0">(OCoLC)fst00908700</subfield>
  </datafield>
  <datafield tag="650" ind1=" " ind2="7">
    <subfield code="a">Illegal aliens.</subfield>
    <subfield code="2">fast</subfield>
    <subfield code="0">(OCoLC)fst00967153</subfield>
  </datafield>
  <datafield tag="650" ind1=" " ind2="7">
    <subfield code="a">Immigration enforcement.</subfield>
    <subfield code="2">fast</subfield>
    <subfield code="0">(OCoLC)fst01748828</subfield>
  </datafield>
  <datafield tag="651" ind1=" " ind2="7">
    <subfield code="a">United States.</subfield>
    <subfield code="2">fast</subfield>
    <subfield code="0">(OCoLC)fst01204155</subfield>
  </datafield>
  <datafield tag="650" ind1=" " ind2="7">
    <subfield code="a">Einwanderer.</subfield>
    <subfield code="0">(DE-588)4151434-8</subfield>
    <subfield code="2">gnd</subfield>
  </datafield>
  <datafield tag="650" ind1=" " ind2="7">
    <subfield code="a">Elfter September.</subfield>
    <subfield code="0">(DE-588)4667841-4</subfield>
    <subfield code="2">gnd</subfield>
  </datafield>
  <datafield tag="650" ind1=" " ind2="7">
    <subfield code="a">Kriminalisierung.</subfield>
    <subfield code="0">(DE-588)4215788-2</subfield>
    <subfield code="2">gnd</subfield>
  </datafield>
  <datafield tag="648" ind1=" " ind2="7">
    <subfield code="a">2001 - 2009</subfield>
    <subfield code="2">fast</subfield>
  </datafield>
  <datafield tag="830" ind1=" " ind2="0">
    <subfield code="a">New Americans (LFB Scholarly Publishing LLC)</subfield>
  </datafield>
  
  
  
  
  
  
  
  
  
  
  
  
  
  
  
  
</record>