<record xmlns="http://www.loc.gov/MARC21/slim" xmlns:zs="http://docs.oasis-open.org/ns/search-ws/sruResponse">
  <leader>02659cam a2200505Mi 4500</leader>
  <controlfield tag="001">ocn908005203</controlfield>
  <controlfield tag="003">OCoLC</controlfield>
  <controlfield tag="005">20160312213811.0</controlfield>
  <controlfield tag="008">150427s20151988enk           000 1 eng  </controlfield>
  <datafield tag="010" ind1=" " ind2=" ">
    <subfield code="a">   88007074 </subfield>
  </datafield>
  <datafield tag="040" ind1=" " ind2=" ">
    <subfield code="a">AU@</subfield>
    <subfield code="b">eng</subfield>
    <subfield code="c">AU@</subfield>
    <subfield code="d">CDX</subfield>
    <subfield code="d">OCLCO</subfield>
    <subfield code="d">NTASP</subfield>
    <subfield code="d">OCLCF</subfield>
    <subfield code="d">OCLCO</subfield>
  </datafield>
  <datafield tag="020" ind1=" " ind2=" ">
    <subfield code="a">9780007564033</subfield>
  </datafield>
  <datafield tag="020" ind1=" " ind2=" ">
    <subfield code="a">0007564031</subfield>
  </datafield>
  <datafield tag="035" ind1=" " ind2=" ">
    <subfield code="a">(OCoLC)908005203</subfield>
  </datafield>
  <datafield tag="043" ind1=" " ind2=" ">
    <subfield code="a">n-us-ny</subfield>
  </datafield>
  <datafield tag="050" ind1="0" ind2="0">
    <subfield code="a">PS3569.H742</subfield>
    <subfield code="b">C47 2015</subfield>
  </datafield>
  <datafield tag="082" ind1="0" ind2="0">
    <subfield code="a">813/.54</subfield>
    <subfield code="2">23</subfield>
  </datafield>
  <datafield tag="100" ind1="1" ind2=" ">
    <subfield code="a">Shriver, Lionel,</subfield>
    <subfield code="e">author.</subfield>
  </datafield>
  <datafield tag="245" ind1="1" ind2="0">
    <subfield code="a">Checker and the Derailleurs /</subfield>
    <subfield code="c">Lionel Shriver.</subfield>
  </datafield>
  <datafield tag="264" ind1=" " ind2="1">
    <subfield code="a">London</subfield>
    <subfield code="b">The Borough Press,</subfield>
    <subfield code="c">2015.</subfield>
  </datafield>
  <datafield tag="264" ind1=" " ind2="4">
    <subfield code="c">©1988</subfield>
  </datafield>
  <datafield tag="300" ind1=" " ind2=" ">
    <subfield code="a">433 pages ;</subfield>
    <subfield code="c">20 cm.</subfield>
  </datafield>
  <datafield tag="336" ind1=" " ind2=" ">
    <subfield code="a">text</subfield>
    <subfield code="b">txt</subfield>
    <subfield code="2">rdacontent</subfield>
  </datafield>
  <datafield tag="337" ind1=" " ind2=" ">
    <subfield code="a">unmediated</subfield>
    <subfield code="b">n</subfield>
    <subfield code="2">rdamedia</subfield>
  </datafield>
  <datafield tag="338" ind1=" " ind2=" ">
    <subfield code="a">volume</subfield>
    <subfield code="b">nc</subfield>
    <subfield code="2">rdacarrier</subfield>
  </datafield>
  <datafield tag="520" ind1=" " ind2=" ">
    <subfield code="a">From the Orange Prize winning author of We Need to Talk About Kevin this is a novel about what it takes to make it in music. How charisma is worth its weight in gold. And how jealously can grow until it has eaten away at a musician's heart. He has that thing that they'd all pay for but can't buy: on stage and off, the 19-year-old rock drummer Checker Secretti is electric. When he plays with his band The Derailleurs, the natives of Astoria, Queens clamour for a piece of him. But charisma comes at a price. A Salieri to Checker's Mozart, the fiercely envious fellow drummer Eaton Striker is eager to sow discord among the Derailleurs, that he might replace the exasperatingly popular goody-goody in the close-knit neighbourhood's affections. An examination of the passion, the jealousy and the friendship of young musicians trying to break out, Checker and The Derailleurs is also about cycling, rock lyrics, glass blowing, the marriage of convenience, and-most of all-the mystery of joy</subfield>
  </datafield>
  <datafield tag="650" ind1=" " ind2="0">
    <subfield code="a">Drummers (Musicians)</subfield>
    <subfield code="v">Fiction.</subfield>
  </datafield>
  <datafield tag="650" ind1=" " ind2="0">
    <subfield code="a">Musicians</subfield>
    <subfield code="v">Fiction.</subfield>
  </datafield>
  <datafield tag="650" ind1=" " ind2="0">
    <subfield code="a">Bands (Music)</subfield>
    <subfield code="z">New York (State)</subfield>
    <subfield code="z">New York</subfield>
    <subfield code="v">Fiction.</subfield>
  </datafield>
  <datafield tag="650" ind1=" " ind2="0">
    <subfield code="a">Jealousy</subfield>
    <subfield code="v">Fiction.</subfield>
  </datafield>
  <datafield tag="650" ind1=" " ind2="0">
    <subfield code="a">Illegal aliens</subfield>
    <subfield code="v">Fiction.</subfield>
  </datafield>
  <datafield tag="650" ind1=" " ind2="7">
    <subfield code="a">Bands (Music)</subfield>
    <subfield code="2">fast</subfield>
    <subfield code="0">(OCoLC)fst00826500</subfield>
  </datafield>
  <datafield tag="650" ind1=" " ind2="7">
    <subfield code="a">Drummers (Musicians)</subfield>
    <subfield code="2">fast</subfield>
    <subfield code="0">(OCoLC)fst00899057</subfield>
  </datafield>
  <datafield tag="650" ind1=" " ind2="7">
    <subfield code="a">Illegal aliens.</subfield>
    <subfield code="2">fast</subfield>
    <subfield code="0">(OCoLC)fst00967153</subfield>
  </datafield>
  <datafield tag="650" ind1=" " ind2="7">
    <subfield code="a">Jealousy.</subfield>
    <subfield code="2">fast</subfield>
    <subfield code="0">(OCoLC)fst00982225</subfield>
  </datafield>
  <datafield tag="650" ind1=" " ind2="7">
    <subfield code="a">Musicians.</subfield>
    <subfield code="2">fast</subfield>
    <subfield code="0">(OCoLC)fst01030837</subfield>
  </datafield>
  <datafield tag="651" ind1=" " ind2="7">
    <subfield code="a">New York (State)</subfield>
    <subfield code="z">New York.</subfield>
    <subfield code="2">fast</subfield>
    <subfield code="0">(OCoLC)fst01204333</subfield>
  </datafield>
  <datafield tag="655" ind1=" " ind2="7">
    <subfield code="a">Fiction.</subfield>
    <subfield code="2">fast</subfield>
    <subfield code="0">(OCoLC)fst01423787</subfield>
  </datafield>
  
  
  
  
  
  
  
</record>