<record xmlns="http://www.loc.gov/MARC21/slim" xmlns:zs="http://docs.oasis-open.org/ns/search-ws/sruResponse">
  <leader>02306cam a2200541Ii 4500</leader>
  <controlfield tag="001">ocn456904709</controlfield>
  <controlfield tag="003">OCoLC</controlfield>
  <controlfield tag="005">20160312213906.0</controlfield>
  <controlfield tag="008">091016s2009    ne       b    000 0 eng d</controlfield>
  <datafield tag="010" ind1=" " ind2=" ">
    <subfield code="a">  2010442545</subfield>
  </datafield>
  <datafield tag="040" ind1=" " ind2=" ">
    <subfield code="a">ERASA</subfield>
    <subfield code="b">eng</subfield>
    <subfield code="c">ERASA</subfield>
    <subfield code="d">OCLCQ</subfield>
    <subfield code="d">CDX</subfield>
    <subfield code="d">CLU</subfield>
    <subfield code="d">DLC</subfield>
    <subfield code="d">YDXCP</subfield>
    <subfield code="d">OCLCO</subfield>
    <subfield code="d">OCLCF</subfield>
    <subfield code="d">OCLCA</subfield>
    <subfield code="d">OCLCQ</subfield>
  </datafield>
  <datafield tag="020" ind1=" " ind2=" ">
    <subfield code="a">9789089641595</subfield>
  </datafield>
  <datafield tag="020" ind1=" " ind2=" ">
    <subfield code="a">9089641599</subfield>
  </datafield>
  <datafield tag="035" ind1=" " ind2=" ">
    <subfield code="a">(OCoLC)456904709</subfield>
  </datafield>
  <datafield tag="041" ind1="0" ind2=" ">
    <subfield code="a">eng</subfield>
    <subfield code="b">dut</subfield>
  </datafield>
  <datafield tag="043" ind1=" " ind2=" ">
    <subfield code="a">e------</subfield>
  </datafield>
  <datafield tag="050" ind1=" " ind2="4">
    <subfield code="a">HM131-134</subfield>
  </datafield>
  <datafield tag="050" ind1=" " ind2="4">
    <subfield code="a">JV7590</subfield>
    <subfield code="b">.B764 2009</subfield>
  </datafield>
  <datafield tag="082" ind1="0" ind2="4">
    <subfield code="a">305</subfield>
  </datafield>
  <datafield tag="100" ind1="1" ind2=" ">
    <subfield code="a">Broeders, D.</subfield>
    <subfield code="q">(Dennis)</subfield>
  </datafield>
  <datafield tag="245" ind1="1" ind2="0">
    <subfield code="a">Breaking down anonymity :</subfield>
    <subfield code="b">digital surveillance of irregular migrants in Germany and the Netherlands /</subfield>
    <subfield code="c">Dennis Broeders.</subfield>
  </datafield>
  <datafield tag="260" ind1=" " ind2=" ">
    <subfield code="a">Amsterdam :</subfield>
    <subfield code="b">Amsterdam University Press</subfield>
    <subfield code="c">©2009.</subfield>
  </datafield>
  <datafield tag="300" ind1=" " ind2=" ">
    <subfield code="a">224 pages ;</subfield>
    <subfield code="c">24 cm.</subfield>
  </datafield>
  <datafield tag="336" ind1=" " ind2=" ">
    <subfield code="a">text</subfield>
    <subfield code="b">txt</subfield>
    <subfield code="2">rdacontent</subfield>
  </datafield>
  <datafield tag="337" ind1=" " ind2=" ">
    <subfield code="a">unmediated</subfield>
    <subfield code="b">n</subfield>
    <subfield code="2">rdamedia</subfield>
  </datafield>
  <datafield tag="338" ind1=" " ind2=" ">
    <subfield code="a">volume</subfield>
    <subfield code="b">nc</subfield>
    <subfield code="2">rdacarrier</subfield>
  </datafield>
  <datafield tag="490" ind1="1" ind2=" ">
    <subfield code="a">IMISCOE Dissertations</subfield>
  </datafield>
  <datafield tag="520" ind1="8" ind2=" ">
    <subfield code="a">Using the tools developed in the burgeoning field of migration surveillance, this book insightfully explores the problem of the 'internal' control of irregular migration in Europe.</subfield>
  </datafield>
  <datafield tag="504" ind1=" " ind2=" ">
    <subfield code="a">Includes bibliographical references (pages 209-224).</subfield>
  </datafield>
  <datafield tag="546" ind1=" " ind2=" ">
    <subfield code="a">Text in English with summary in Dutch at conclusion of book.</subfield>
  </datafield>
  <datafield tag="650" ind1=" " ind2="0">
    <subfield code="a">Illegal aliens</subfield>
    <subfield code="x">Government policy</subfield>
    <subfield code="z">Europe.</subfield>
  </datafield>
  <datafield tag="650" ind1=" " ind2="0">
    <subfield code="a">Illegal aliens</subfield>
    <subfield code="x">Government policy</subfield>
    <subfield code="z">Germany.</subfield>
  </datafield>
  <datafield tag="650" ind1=" " ind2="0">
    <subfield code="a">Illegal aliens</subfield>
    <subfield code="x">Government policy</subfield>
    <subfield code="z">Netherlands.</subfield>
  </datafield>
  <datafield tag="650" ind1=" " ind2="7">
    <subfield code="a">Illegal aliens</subfield>
    <subfield code="x">Government policy.</subfield>
    <subfield code="2">fast</subfield>
    <subfield code="0">(OCoLC)fst00967160</subfield>
  </datafield>
  <datafield tag="651" ind1=" " ind2="7">
    <subfield code="a">Europe.</subfield>
    <subfield code="2">fast</subfield>
    <subfield code="0">(OCoLC)fst01245064</subfield>
  </datafield>
  <datafield tag="651" ind1=" " ind2="7">
    <subfield code="a">Germany.</subfield>
    <subfield code="2">fast</subfield>
    <subfield code="0">(OCoLC)fst01210272</subfield>
  </datafield>
  <datafield tag="651" ind1=" " ind2="7">
    <subfield code="a">Netherlands.</subfield>
    <subfield code="2">fast</subfield>
    <subfield code="0">(OCoLC)fst01204034</subfield>
  </datafield>
  <datafield tag="830" ind1=" " ind2="0">
    <subfield code="a">IMISCOE dissertations.</subfield>
  </datafield>
  
  
  
  
  
  
  
  
  
  
</record>