<record xmlns="http://www.loc.gov/MARC21/slim" xmlns:zs="http://docs.oasis-open.org/ns/search-ws/sruResponse">
  <leader>04569cam a2200949Ia 4500</leader>
  <controlfield tag="001">ocn233819168</controlfield>
  <controlfield tag="003">OCoLC</controlfield>
  <controlfield tag="005">20160312213642.0</controlfield>
  <controlfield tag="008">080714s2008    nyuaf   o     001 0aeng d</controlfield>
  <controlfield tag="006">m     o  d        </controlfield>
  <controlfield tag="007">cr cnu---unuuu</controlfield>
  <datafield tag="040" ind1=" " ind2=" ">
    <subfield code="a">N$T</subfield>
    <subfield code="b">eng</subfield>
    <subfield code="e">pn</subfield>
    <subfield code="c">N$T</subfield>
    <subfield code="d">OCLCQ</subfield>
    <subfield code="d">IDEBK</subfield>
    <subfield code="d">VLB</subfield>
    <subfield code="d">E7B</subfield>
    <subfield code="d">OCLCQ</subfield>
    <subfield code="d">CBT</subfield>
    <subfield code="d">OCLCO</subfield>
    <subfield code="d">OCLCQ</subfield>
    <subfield code="d">OCLCF</subfield>
    <subfield code="d">OCLCO</subfield>
    <subfield code="d">N$T</subfield>
    <subfield code="d">YDXCP</subfield>
    <subfield code="d">OCLCQ</subfield>
    <subfield code="d">EBLCP</subfield>
    <subfield code="d">MHW</subfield>
    <subfield code="d">DEBSZ</subfield>
  </datafield>
  <datafield tag="016" ind1="7" ind2=" ">
    <subfield code="z">014596242</subfield>
    <subfield code="2">Uk</subfield>
  </datafield>
  <datafield tag="019" ind1=" " ind2=" ">
    <subfield code="a">476230190</subfield>
    <subfield code="a">646790923</subfield>
    <subfield code="a">764508673</subfield>
  </datafield>
  <datafield tag="020" ind1=" " ind2=" ">
    <subfield code="a">9780814410189</subfield>
    <subfield code="q">(electronic bk.)</subfield>
  </datafield>
  <datafield tag="020" ind1=" " ind2=" ">
    <subfield code="a">0814410189</subfield>
    <subfield code="q">(electronic bk.)</subfield>
  </datafield>
  <datafield tag="020" ind1=" " ind2=" ">
    <subfield code="z">9780814401996</subfield>
  </datafield>
  <datafield tag="020" ind1=" " ind2=" ">
    <subfield code="z">0814401996</subfield>
  </datafield>
  <datafield tag="035" ind1=" " ind2=" ">
    <subfield code="a">(OCoLC)233819168</subfield>
    <subfield code="z">(OCoLC)476230190</subfield>
    <subfield code="z">(OCoLC)646790923</subfield>
    <subfield code="z">(OCoLC)764508673</subfield>
  </datafield>
  <datafield tag="043" ind1=" " ind2=" ">
    <subfield code="a">n-us-az</subfield>
    <subfield code="a">n-us---</subfield>
  </datafield>
  <datafield tag="050" ind1=" " ind2="4">
    <subfield code="a">HV7911.A77</subfield>
    <subfield code="b">A3 2008eb</subfield>
  </datafield>
  <datafield tag="072" ind1=" " ind2="7">
    <subfield code="a">BIO</subfield>
    <subfield code="x">000000</subfield>
    <subfield code="2">bisacsh</subfield>
  </datafield>
  <datafield tag="072" ind1=" " ind2="7">
    <subfield code="a">BUS</subfield>
    <subfield code="x">032000</subfield>
    <subfield code="2">bisacsh</subfield>
  </datafield>
  <datafield tag="072" ind1=" " ind2="7">
    <subfield code="a">SOC</subfield>
    <subfield code="x">000000</subfield>
    <subfield code="2">bisacsh</subfield>
  </datafield>
  <datafield tag="082" ind1="0" ind2="4">
    <subfield code="a">363.2092</subfield>
    <subfield code="a">B</subfield>
    <subfield code="2">22</subfield>
  </datafield>
  <datafield tag="100" ind1="1" ind2=" ">
    <subfield code="a">Arpaio, Joe,</subfield>
    <subfield code="d">1932-</subfield>
  </datafield>
  <datafield tag="245" ind1="1" ind2="0">
    <subfield code="a">Joe's law</subfield>
    <subfield code="h">[electronic resource] :</subfield>
    <subfield code="b">America's toughest sheriff takes on illegal immigration, drugs, and everything else that threatens America /</subfield>
    <subfield code="c">Joe Arpaio and Len Sherman.</subfield>
  </datafield>
  <datafield tag="260" ind1=" " ind2=" ">
    <subfield code="a">New York :</subfield>
    <subfield code="b">AMACOM,</subfield>
    <subfield code="c">©2008.</subfield>
  </datafield>
  <datafield tag="300" ind1=" " ind2=" ">
    <subfield code="a">1 online resource (x, 262 pages, [12] pages of plates) :</subfield>
    <subfield code="b">illustrations (some color)</subfield>
  </datafield>
  <datafield tag="336" ind1=" " ind2=" ">
    <subfield code="a">text</subfield>
    <subfield code="b">txt</subfield>
    <subfield code="2">rdacontent</subfield>
  </datafield>
  <datafield tag="337" ind1=" " ind2=" ">
    <subfield code="a">computer</subfield>
    <subfield code="b">c</subfield>
    <subfield code="2">rdamedia</subfield>
  </datafield>
  <datafield tag="338" ind1=" " ind2=" ">
    <subfield code="a">online resource</subfield>
    <subfield code="b">cr</subfield>
    <subfield code="2">rdacarrier</subfield>
  </datafield>
  <datafield tag="500" ind1=" " ind2=" ">
    <subfield code="a">Includes index.</subfield>
  </datafield>
  <datafield tag="505" ind1="0" ind2=" ">
    <subfield code="a">The bottom line -- Illegal immigration -- More ways to take on immigration, from the posse to ICE -- From immigration to drugs -- Thinking outside the box -- The posse -- A lifetime in law enforcement -- Turkey -- Back home -- Media matters -- Politics, as usual -- Epilogue: The more things stay the same, the more they better change.</subfield>
  </datafield>
  <datafield tag="588" ind1="0" ind2=" ">
    <subfield code="a">Print version record.</subfield>
  </datafield>
  <datafield tag="520" ind1=" " ind2=" ">
    <subfield code="a">America's Toughest Sheriff reveals his controversial stances on the problems that threaten America's future.</subfield>
  </datafield>
  <datafield tag="600" ind1="1" ind2="0">
    <subfield code="a">Arpaio, Joe,</subfield>
    <subfield code="d">1932-</subfield>
  </datafield>
  <datafield tag="650" ind1=" " ind2="0">
    <subfield code="a">Sheriffs</subfield>
    <subfield code="z">Arizona</subfield>
    <subfield code="z">Maricopa County</subfield>
    <subfield code="v">Biography.</subfield>
  </datafield>
  <datafield tag="650" ind1=" " ind2="0">
    <subfield code="a">Police</subfield>
    <subfield code="z">United States</subfield>
    <subfield code="v">Biography.</subfield>
  </datafield>
  <datafield tag="650" ind1=" " ind2="0">
    <subfield code="a">Drug enforcement agents</subfield>
    <subfield code="z">United States</subfield>
    <subfield code="v">Biography.</subfield>
  </datafield>
  <datafield tag="650" ind1=" " ind2="0">
    <subfield code="a">Corrections</subfield>
    <subfield code="z">Arizona</subfield>
    <subfield code="z">Maricopa County.</subfield>
  </datafield>
  <datafield tag="650" ind1=" " ind2="0">
    <subfield code="a">Prisons</subfield>
    <subfield code="z">Arizona</subfield>
    <subfield code="z">Maricopa County.</subfield>
  </datafield>
  <datafield tag="650" ind1=" " ind2="0">
    <subfield code="a">Law enforcement</subfield>
    <subfield code="z">Arizona</subfield>
    <subfield code="z">Maricopa County.</subfield>
  </datafield>
  <datafield tag="650" ind1=" " ind2="0">
    <subfield code="a">Illegal aliens</subfield>
    <subfield code="z">United States.</subfield>
  </datafield>
  <datafield tag="650" ind1=" " ind2="0">
    <subfield code="a">Drug abuse</subfield>
    <subfield code="z">United States.</subfield>
  </datafield>
  <datafield tag="650" ind1=" " ind2="7">
    <subfield code="a">BIOGRAPHY &amp; AUTOBIOGRAPHY</subfield>
    <subfield code="x">General.</subfield>
    <subfield code="2">bisacsh</subfield>
  </datafield>
  <datafield tag="650" ind1=" " ind2="7">
    <subfield code="a">BUSINESS &amp; ECONOMICS</subfield>
    <subfield code="x">Infrastructure.</subfield>
    <subfield code="2">bisacsh</subfield>
  </datafield>
  <datafield tag="650" ind1=" " ind2="7">
    <subfield code="a">SOCIAL SCIENCE</subfield>
    <subfield code="x">General.</subfield>
    <subfield code="2">bisacsh</subfield>
  </datafield>
  <datafield tag="600" ind1="1" ind2="7">
    <subfield code="a">Arpaio, Joe,</subfield>
    <subfield code="d">1932-</subfield>
    <subfield code="2">fast</subfield>
    <subfield code="0">(OCoLC)fst00368112</subfield>
  </datafield>
  <datafield tag="650" ind1=" " ind2="7">
    <subfield code="a">Corrections.</subfield>
    <subfield code="2">fast</subfield>
    <subfield code="0">(OCoLC)fst00880260</subfield>
  </datafield>
  <datafield tag="650" ind1=" " ind2="7">
    <subfield code="a">Drug abuse.</subfield>
    <subfield code="2">fast</subfield>
    <subfield code="0">(OCoLC)fst00898480</subfield>
  </datafield>
  <datafield tag="650" ind1=" " ind2="7">
    <subfield code="a">Drug enforcement agents.</subfield>
    <subfield code="2">fast</subfield>
    <subfield code="0">(OCoLC)fst01430300</subfield>
  </datafield>
  <datafield tag="650" ind1=" " ind2="7">
    <subfield code="a">Illegal aliens.</subfield>
    <subfield code="2">fast</subfield>
    <subfield code="0">(OCoLC)fst00967153</subfield>
  </datafield>
  <datafield tag="650" ind1=" " ind2="7">
    <subfield code="a">Law enforcement.</subfield>
    <subfield code="2">fast</subfield>
    <subfield code="0">(OCoLC)fst00993931</subfield>
  </datafield>
  <datafield tag="650" ind1=" " ind2="7">
    <subfield code="a">Police.</subfield>
    <subfield code="2">fast</subfield>
    <subfield code="0">(OCoLC)fst01068398</subfield>
  </datafield>
  <datafield tag="650" ind1=" " ind2="7">
    <subfield code="a">Prisons.</subfield>
    <subfield code="2">fast</subfield>
    <subfield code="0">(OCoLC)fst01077326</subfield>
  </datafield>
  <datafield tag="650" ind1=" " ind2="7">
    <subfield code="a">Sheriffs.</subfield>
    <subfield code="2">fast</subfield>
    <subfield code="0">(OCoLC)fst01115838</subfield>
  </datafield>
  <datafield tag="651" ind1=" " ind2="7">
    <subfield code="a">Arizona</subfield>
    <subfield code="z">Maricopa County.</subfield>
    <subfield code="2">fast</subfield>
    <subfield code="0">(OCoLC)fst01217111</subfield>
  </datafield>
  <datafield tag="651" ind1=" " ind2="7">
    <subfield code="a">United States.</subfield>
    <subfield code="2">fast</subfield>
    <subfield code="0">(OCoLC)fst01204155</subfield>
  </datafield>
  <datafield tag="650" ind1=" " ind2="4">
    <subfield code="a">Arpaio, Joe.</subfield>
  </datafield>
  <datafield tag="655" ind1=" " ind2="4">
    <subfield code="a">Electronic books.</subfield>
  </datafield>
  <datafield tag="655" ind1=" " ind2="7">
    <subfield code="a">Biography.</subfield>
    <subfield code="2">fast</subfield>
    <subfield code="0">(OCoLC)fst01423686</subfield>
  </datafield>
  <datafield tag="700" ind1="1" ind2=" ">
    <subfield code="a">Sherman, Len,</subfield>
    <subfield code="d">1956-</subfield>
  </datafield>
  <datafield tag="776" ind1="0" ind2="8">
    <subfield code="i">Print version:</subfield>
    <subfield code="a">Arpaio, Joe, 1932-</subfield>
    <subfield code="t">Joe's law.</subfield>
    <subfield code="d">New York : AMACOM, ©2008</subfield>
    <subfield code="z">9780814401996</subfield>
    <subfield code="z">0814401996</subfield>
    <subfield code="w">(DLC)  2008007007</subfield>
    <subfield code="w">(OCoLC)183265120</subfield>
  </datafield>
  <datafield tag="856" ind1="4" ind2="0">
    <subfield code="3">ebrary</subfield>
    <subfield code="u">http://site.ebrary.com/id/10271837</subfield>
  </datafield>
  <datafield tag="856" ind1="4" ind2="0">
    <subfield code="3">EBSCOhost</subfield>
    <subfield code="u">http://search.ebscohost.com/login.aspx?direct=true&amp;scope=site&amp;db=nlebk&amp;db=nlabk&amp;AN=224444</subfield>
  </datafield>
  <datafield tag="856" ind1="4" ind2="0">
    <subfield code="3">MyiLibrary</subfield>
    <subfield code="u">http://www.myilibrary.com?id=175787</subfield>
  </datafield>
  <datafield tag="856" ind1="4" ind2="0">
    <subfield code="3">Ebook Library</subfield>
    <subfield code="u">http://public.eblib.com/choice/publicfullrecord.aspx?p=408759</subfield>
  </datafield>
  
  
  
  
  
  
  
  
  
  
  
  
  
  
</record>