<record xmlns="http://www.loc.gov/MARC21/slim" xmlns:zs="http://docs.oasis-open.org/ns/search-ws/sruResponse">
  <leader>04372cam a2200709Ki 4500</leader>
  <controlfield tag="001">ocn859531518</controlfield>
  <controlfield tag="003">OCoLC</controlfield>
  <controlfield tag="005">20160312213829.0</controlfield>
  <controlfield tag="008">131007s2013    enka    o     000 0deng d</controlfield>
  <controlfield tag="006">m     o  d        </controlfield>
  <controlfield tag="007">cr cnu---unuuu</controlfield>
  <datafield tag="040" ind1=" " ind2=" ">
    <subfield code="a">TEFOD</subfield>
    <subfield code="b">eng</subfield>
    <subfield code="e">rda</subfield>
    <subfield code="e">pn</subfield>
    <subfield code="c">TEFOD</subfield>
    <subfield code="d">TEFOD</subfield>
    <subfield code="d">IDEBK</subfield>
    <subfield code="d">OCLCF</subfield>
    <subfield code="d">WAU</subfield>
    <subfield code="d">OCLCO</subfield>
    <subfield code="d">TOH</subfield>
    <subfield code="d">RECBK</subfield>
    <subfield code="d">TEFOD</subfield>
    <subfield code="d">OCLCQ</subfield>
    <subfield code="d">OCLCO</subfield>
    <subfield code="d">TEFOD</subfield>
  </datafield>
  <datafield tag="019" ind1=" " ind2=" ">
    <subfield code="a">867120976</subfield>
    <subfield code="a">869306319</subfield>
  </datafield>
  <datafield tag="020" ind1=" " ind2=" ">
    <subfield code="a">9781781681909</subfield>
    <subfield code="q">(electronic bk.)</subfield>
  </datafield>
  <datafield tag="020" ind1=" " ind2=" ">
    <subfield code="a">1781681902</subfield>
    <subfield code="q">(electronic bk.)</subfield>
  </datafield>
  <datafield tag="020" ind1=" " ind2=" ">
    <subfield code="z">9781781681329</subfield>
  </datafield>
  <datafield tag="020" ind1=" " ind2=" ">
    <subfield code="z">1781681325</subfield>
  </datafield>
  <datafield tag="028" ind1="0" ind2="1">
    <subfield code="a">EB00183882</subfield>
    <subfield code="b">Recorded Books</subfield>
  </datafield>
  <datafield tag="035" ind1=" " ind2=" ">
    <subfield code="a">(OCoLC)859531518</subfield>
    <subfield code="z">(OCoLC)867120976</subfield>
    <subfield code="z">(OCoLC)869306319</subfield>
  </datafield>
  <datafield tag="037" ind1=" " ind2=" ">
    <subfield code="a">AABF6BA0-F3BE-4777-BFA6-C34A20A0DF07</subfield>
    <subfield code="b">OverDrive, Inc.</subfield>
    <subfield code="n">http://www.overdrive.com</subfield>
  </datafield>
  <datafield tag="041" ind1="1" ind2=" ">
    <subfield code="a">eng</subfield>
    <subfield code="h">spa</subfield>
  </datafield>
  <datafield tag="043" ind1=" " ind2=" ">
    <subfield code="a">n-mx---</subfield>
    <subfield code="a">nc-----</subfield>
  </datafield>
  <datafield tag="050" ind1=" " ind2="4">
    <subfield code="a">JV7402</subfield>
    <subfield code="b">.M3713 2013eb</subfield>
  </datafield>
  <datafield tag="082" ind1="0" ind2="4">
    <subfield code="a">305.9/069120972</subfield>
    <subfield code="2">23</subfield>
  </datafield>
  <datafield tag="100" ind1="1" ind2=" ">
    <subfield code="a">Martínez, Oscar</subfield>
    <subfield code="q">(Oscar Enrique),</subfield>
    <subfield code="e">author.</subfield>
  </datafield>
  <datafield tag="240" ind1="1" ind2="0">
    <subfield code="a">Migrantes que no importan.</subfield>
    <subfield code="l">English</subfield>
  </datafield>
  <datafield tag="245" ind1="1" ind2="4">
    <subfield code="a">The beast :</subfield>
    <subfield code="b">riding the rails and dodging narcos on the migrant trail /</subfield>
    <subfield code="c">Óscar Martínez ; translated by Daniela Maria Ugaz and John Washington.</subfield>
  </datafield>
  <datafield tag="264" ind1=" " ind2="1">
    <subfield code="a">London :</subfield>
    <subfield code="b">Verso,</subfield>
    <subfield code="c">2013.</subfield>
  </datafield>
  <datafield tag="300" ind1=" " ind2=" ">
    <subfield code="a">1 online resource (xvi, 267 pages) :</subfield>
    <subfield code="b">illustrations (chiefly color)</subfield>
  </datafield>
  <datafield tag="336" ind1=" " ind2=" ">
    <subfield code="a">text</subfield>
    <subfield code="b">txt</subfield>
    <subfield code="2">rdacontent</subfield>
  </datafield>
  <datafield tag="337" ind1=" " ind2=" ">
    <subfield code="a">computer</subfield>
    <subfield code="b">c</subfield>
    <subfield code="2">rdamedia</subfield>
  </datafield>
  <datafield tag="338" ind1=" " ind2=" ">
    <subfield code="a">online resource</subfield>
    <subfield code="b">cr</subfield>
    <subfield code="2">rdacarrier</subfield>
  </datafield>
  <datafield tag="500" ind1=" " ind2=" ">
    <subfield code="a">"First published as Los migrantes que no importan [copyrighted] Icaria Editorial 2010."</subfield>
  </datafield>
  <datafield tag="588" ind1="0" ind2=" ">
    <subfield code="a">Print version record.</subfield>
  </datafield>
  <datafield tag="520" ind1=" " ind2=" ">
    <subfield code="a">One day a few years ago, 300 migrants were kidnapped between the remote desert towns of Altar, Mexico, and Sasabe, Arizona. A local priest got 120 released, many with broken ankles and other marks of abuse, but the rest vanished. Oscar Martinez, a young writer from El Salvador, was in Altar soon after the abduction, and his account of the migrant disappearances is only one of the harrowing stories he garnered from two years spent traveling up and down the migrant trail from Central America and across the US border. More than a quarter of a million Central Americans make this increasingly dangerous journey each year, and each year as many as 20,000 of them are kidnapped. Martinez writes in powerful, unforgettable prose about clinging to the tops of freight trains; finding respite, work and hardship in shelters and brothels; and riding shotgun with the border patrol. Illustrated with stunning full-color photographs, The Beast is the first book to shed light on the harsh new reality of the migrant trail in the age of the narcotraficantes.</subfield>
  </datafield>
  <datafield tag="650" ind1=" " ind2="0">
    <subfield code="a">Illegal aliens</subfield>
    <subfield code="z">Mexico.</subfield>
  </datafield>
  <datafield tag="650" ind1=" " ind2="0">
    <subfield code="a">Central Americans</subfield>
    <subfield code="z">Mexico.</subfield>
  </datafield>
  <datafield tag="650" ind1=" " ind2="0">
    <subfield code="a">Immigrants</subfield>
    <subfield code="z">Mexico.</subfield>
  </datafield>
  <datafield tag="651" ind1=" " ind2="0">
    <subfield code="a">Mexico</subfield>
    <subfield code="x">Emigration and immigration</subfield>
    <subfield code="x">Social aspects.</subfield>
  </datafield>
  <datafield tag="651" ind1=" " ind2="0">
    <subfield code="a">Central America</subfield>
    <subfield code="x">Emigration and immigration</subfield>
    <subfield code="x">Social aspects.</subfield>
  </datafield>
  <datafield tag="650" ind1=" " ind2="4">
    <subfield code="a">Social Science.</subfield>
  </datafield>
  <datafield tag="650" ind1=" " ind2="7">
    <subfield code="a">SOCIAL SCIENCE</subfield>
    <subfield code="x">Emigration &amp; Immigration.</subfield>
    <subfield code="2">bisacsh</subfield>
  </datafield>
  <datafield tag="650" ind1=" " ind2="7">
    <subfield code="a">Central Americans.</subfield>
    <subfield code="2">fast</subfield>
    <subfield code="0">(OCoLC)fst00850681</subfield>
  </datafield>
  <datafield tag="650" ind1=" " ind2="7">
    <subfield code="a">Emigration and immigration</subfield>
    <subfield code="x">Social aspects.</subfield>
    <subfield code="2">fast</subfield>
    <subfield code="0">(OCoLC)fst00908722</subfield>
  </datafield>
  <datafield tag="650" ind1=" " ind2="7">
    <subfield code="a">Illegal aliens.</subfield>
    <subfield code="2">fast</subfield>
    <subfield code="0">(OCoLC)fst00967153</subfield>
  </datafield>
  <datafield tag="650" ind1=" " ind2="7">
    <subfield code="a">Immigrants.</subfield>
    <subfield code="2">fast</subfield>
    <subfield code="0">(OCoLC)fst00967712</subfield>
  </datafield>
  <datafield tag="651" ind1=" " ind2="7">
    <subfield code="a">Central America.</subfield>
    <subfield code="2">fast</subfield>
    <subfield code="0">(OCoLC)fst01244535</subfield>
  </datafield>
  <datafield tag="651" ind1=" " ind2="7">
    <subfield code="a">Mexico.</subfield>
    <subfield code="2">fast</subfield>
    <subfield code="0">(OCoLC)fst01211700</subfield>
  </datafield>
  <datafield tag="655" ind1=" " ind2="4">
    <subfield code="a">Electronic books.</subfield>
  </datafield>
  <datafield tag="700" ind1="1" ind2=" ">
    <subfield code="a">Ugaz, Daniela Maria,</subfield>
    <subfield code="e">translator.</subfield>
  </datafield>
  <datafield tag="700" ind1="1" ind2=" ">
    <subfield code="a">Washington, John,</subfield>
    <subfield code="e">translator.</subfield>
  </datafield>
  <datafield tag="776" ind1="0" ind2="8">
    <subfield code="i">Print version:</subfield>
    <subfield code="a">Martínez, Oscar (Oscar Enrique), author.</subfield>
    <subfield code="s">Migrantes que no importan. English.</subfield>
    <subfield code="t">Beast</subfield>
    <subfield code="z">9781781681329</subfield>
    <subfield code="w">(DLC)  2013020580</subfield>
    <subfield code="w">(OCoLC)828484170</subfield>
  </datafield>
  <datafield tag="856" ind1="4" ind2="0">
    <subfield code="3">MyiLibrary</subfield>
    <subfield code="u">http://www.myilibrary.com?id=623058</subfield>
  </datafield>
  <datafield tag="856" ind1="4" ind2="0">
    <subfield code="u">http://overdrive.torontopubliclibrary.ca/ContentDetails.htm?ID=AABF6BA0-F3BE-4777-BFA6-C34A20A0DF07</subfield>
  </datafield>
  <datafield tag="856" ind1="4" ind2="0">
    <subfield code="u">http://rbdigital.oneclickdigital.com</subfield>
  </datafield>
  <datafield tag="856" ind1="4" ind2="0">
    <subfield code="3">OverDrive</subfield>
    <subfield code="u">https://www.overdrive.com/search?q=AABF6BA0-F3BE-4777-BFA6-C34A20A0DF07</subfield>
  </datafield>
  <datafield tag="856" ind1="4" ind2=" ">
    <subfield code="3">Excerpt</subfield>
    <subfield code="u">https://samples.overdrive.com/beast-aabf6b?.epub-sample.overdrive.com</subfield>
  </datafield>
  <datafield tag="856" ind1="4" ind2=" ">
    <subfield code="3">Image</subfield>
    <subfield code="u">http://images.contentreserve.com/ImageType-100/0111-1/{AABF6BA0-F3BE-4777-BFA6-C34A20A0DF07}Img100.jpg</subfield>
  </datafield>
  
  
  
  
</record>