<record xmlns="http://www.loc.gov/MARC21/slim" xmlns:zs="http://docs.oasis-open.org/ns/search-ws/sruResponse">
  <leader>02175cam a2200541La 4500</leader>
  <controlfield tag="001">ocn156069648</controlfield>
  <controlfield tag="003">OCoLC</controlfield>
  <controlfield tag="005">20160312213737.0</controlfield>
  <controlfield tag="008">040405s2004    vra      b    000 0 eng d</controlfield>
  <datafield tag="040" ind1=" " ind2=" ">
    <subfield code="a">Nz</subfield>
    <subfield code="b">eng</subfield>
    <subfield code="c">NZRNG</subfield>
    <subfield code="d">AU@</subfield>
    <subfield code="d">TLQ</subfield>
    <subfield code="d">OCLCF</subfield>
    <subfield code="d">OCLCO</subfield>
    <subfield code="d">OCL</subfield>
    <subfield code="d">OCLCQ</subfield>
  </datafield>
  <datafield tag="019" ind1=" " ind2=" ">
    <subfield code="a">55946949</subfield>
  </datafield>
  <datafield tag="020" ind1=" " ind2=" ">
    <subfield code="a">1863951415</subfield>
  </datafield>
  <datafield tag="020" ind1=" " ind2=" ">
    <subfield code="a">9781863951418</subfield>
  </datafield>
  <datafield tag="035" ind1=" " ind2=" ">
    <subfield code="a">(OCoLC)156069648</subfield>
    <subfield code="z">(OCoLC)55946949</subfield>
  </datafield>
  <datafield tag="043" ind1=" " ind2=" ">
    <subfield code="a">u-at---</subfield>
  </datafield>
  <datafield tag="050" ind1=" " ind2="4">
    <subfield code="a">HV640.4.A8</subfield>
    <subfield code="b">M36 2004</subfield>
  </datafield>
  <datafield tag="082" ind1="0" ind2="4">
    <subfield code="a">323.6310994</subfield>
    <subfield code="2">22</subfield>
  </datafield>
  <datafield tag="082" ind1="0" ind2="4">
    <subfield code="a">325.21</subfield>
    <subfield code="2">22</subfield>
  </datafield>
  <datafield tag="100" ind1="1" ind2=" ">
    <subfield code="a">Manne, Robert</subfield>
    <subfield code="q">(Robert Michael),</subfield>
    <subfield code="d">1947-</subfield>
  </datafield>
  <datafield tag="245" ind1="1" ind2="0">
    <subfield code="a">Sending them home :</subfield>
    <subfield code="b">refugees and the new politics of indifference /</subfield>
    <subfield code="c">Robert Manne with David Corlett.</subfield>
  </datafield>
  <datafield tag="260" ind1=" " ind2=" ">
    <subfield code="a">Melbourne, Vic. :</subfield>
    <subfield code="b">Black Inc.,</subfield>
    <subfield code="c">2004.</subfield>
  </datafield>
  <datafield tag="300" ind1=" " ind2=" ">
    <subfield code="a">iv, 139 pages ;</subfield>
    <subfield code="c">24 cm.</subfield>
  </datafield>
  <datafield tag="336" ind1=" " ind2=" ">
    <subfield code="a">text</subfield>
    <subfield code="b">txt</subfield>
    <subfield code="2">rdacontent</subfield>
  </datafield>
  <datafield tag="337" ind1=" " ind2=" ">
    <subfield code="a">unmediated</subfield>
    <subfield code="b">n</subfield>
    <subfield code="2">rdamedia</subfield>
  </datafield>
  <datafield tag="338" ind1=" " ind2=" ">
    <subfield code="a">volume</subfield>
    <subfield code="b">nc</subfield>
    <subfield code="2">rdacarrier</subfield>
  </datafield>
  <datafield tag="490" ind1="1" ind2=" ">
    <subfield code="a">Quarterly essay ;</subfield>
    <subfield code="v">issue 13 2004</subfield>
  </datafield>
  <datafield tag="500" ind1=" " ind2=" ">
    <subfield code="a">Cover title.</subfield>
  </datafield>
  <datafield tag="505" ind1="2" ind2=" ">
    <subfield code="a">Includes: Made in England : correspondence / Phillip Knightley, Morag Fraser, Larissa Behrendt, Alan Atkinson, James Curran, Sara Wills, Gerard Windsor; Whitefella jump up : correspondence /Patsy Millett ; Beautiful lies : correspondence / John Benson, Tim Flannery.</subfield>
  </datafield>
  <datafield tag="504" ind1=" " ind2=" ">
    <subfield code="a">Includes bibliographical references.</subfield>
  </datafield>
  <datafield tag="650" ind1=" " ind2="0">
    <subfield code="a">Refugees</subfield>
    <subfield code="x">Government policy</subfield>
    <subfield code="z">Australia.</subfield>
  </datafield>
  <datafield tag="650" ind1=" " ind2="0">
    <subfield code="a">Illegal aliens</subfield>
    <subfield code="x">Government policy</subfield>
    <subfield code="z">Australia.</subfield>
  </datafield>
  <datafield tag="651" ind1=" " ind2="0">
    <subfield code="a">Australia</subfield>
    <subfield code="x">Politics and government</subfield>
    <subfield code="y">2001-</subfield>
  </datafield>
  <datafield tag="651" ind1=" " ind2="0">
    <subfield code="a">Australia</subfield>
    <subfield code="x">Politics and government</subfield>
    <subfield code="y">1945-</subfield>
  </datafield>
  <datafield tag="650" ind1=" " ind2="7">
    <subfield code="a">Illegal aliens</subfield>
    <subfield code="x">Government policy.</subfield>
    <subfield code="2">fast</subfield>
    <subfield code="0">(OCoLC)fst00967160</subfield>
  </datafield>
  <datafield tag="650" ind1=" " ind2="7">
    <subfield code="a">Politics and government</subfield>
    <subfield code="2">fast</subfield>
    <subfield code="0">(OCoLC)fst01919741</subfield>
  </datafield>
  <datafield tag="650" ind1=" " ind2="7">
    <subfield code="a">Refugees</subfield>
    <subfield code="x">Government policy.</subfield>
    <subfield code="2">fast</subfield>
    <subfield code="0">(OCoLC)fst01092811</subfield>
  </datafield>
  <datafield tag="651" ind1=" " ind2="7">
    <subfield code="a">Australia.</subfield>
    <subfield code="2">fast</subfield>
    <subfield code="0">(OCoLC)fst01204543</subfield>
  </datafield>
  <datafield tag="648" ind1=" " ind2="7">
    <subfield code="a">Since 1945</subfield>
    <subfield code="2">fast</subfield>
  </datafield>
  <datafield tag="700" ind1="1" ind2=" ">
    <subfield code="a">Corlett, David.</subfield>
  </datafield>
  <datafield tag="830" ind1=" " ind2="0">
    <subfield code="a">Quarterly essay ;</subfield>
    <subfield code="v">issue 13 2004.</subfield>
  </datafield>
  <datafield tag="830" ind1=" " ind2="0">
    <subfield code="a">Quarterly essay ;</subfield>
    <subfield code="v">issue 13.</subfield>
  </datafield>
  
  
  
  
  
  
  
</record>