<record xmlns="http://www.loc.gov/MARC21/slim" xmlns:zs="http://docs.oasis-open.org/ns/search-ws/sruResponse">
  <leader>03994cgm a2200781Ia 4500</leader>
  <controlfield tag="001">ocn318547585</controlfield>
  <controlfield tag="003">OCoLC</controlfield>
  <controlfield tag="005">20160312213638.0</controlfield>
  <controlfield tag="008">090415s2009    xxu113 e          vleng d</controlfield>
  <controlfield tag="007">vd cvaizq</controlfield>
  <datafield tag="040" ind1=" " ind2=" ">
    <subfield code="a">TEFMT</subfield>
    <subfield code="b">eng</subfield>
    <subfield code="c">TEFMT</subfield>
    <subfield code="d">TEF</subfield>
    <subfield code="d">RCS</subfield>
    <subfield code="d">TEF</subfield>
    <subfield code="d">OCLCQ</subfield>
    <subfield code="d">KCK</subfield>
    <subfield code="d">YVO</subfield>
    <subfield code="d">OCLCA</subfield>
    <subfield code="d">OCLCQ</subfield>
    <subfield code="d">BDX</subfield>
    <subfield code="d">OCLCA</subfield>
    <subfield code="d">OCLCF</subfield>
    <subfield code="d">OCLCO</subfield>
    <subfield code="d">OCL</subfield>
  </datafield>
  <datafield tag="019" ind1=" " ind2=" ">
    <subfield code="a">516460900</subfield>
  </datafield>
  <datafield tag="024" ind1="1" ind2=" ">
    <subfield code="a">796019820264</subfield>
  </datafield>
  <datafield tag="024" ind1="1" ind2=" ">
    <subfield code="a">796019820448</subfield>
  </datafield>
  <datafield tag="028" ind1="4" ind2="2">
    <subfield code="a">1000610</subfield>
    <subfield code="b">The Weinstein Company</subfield>
  </datafield>
  <datafield tag="035" ind1=" " ind2=" ">
    <subfield code="a">(OCoLC)318547585</subfield>
    <subfield code="z">(OCoLC)516460900</subfield>
  </datafield>
  <datafield tag="037" ind1=" " ind2=" ">
    <subfield code="b">Midwest Tape</subfield>
    <subfield code="n">http://www.midwesttapes.com</subfield>
  </datafield>
  <datafield tag="041" ind1="1" ind2=" ">
    <subfield code="a">eng</subfield>
    <subfield code="j">spa</subfield>
    <subfield code="h">eng</subfield>
  </datafield>
  <datafield tag="043" ind1=" " ind2=" ">
    <subfield code="a">n-us-ca</subfield>
    <subfield code="a">n-us---</subfield>
  </datafield>
  <datafield tag="050" ind1="1" ind2="4">
    <subfield code="a">PN1997.2</subfield>
    <subfield code="b">.C76 2009</subfield>
  </datafield>
  <datafield tag="082" ind1="0" ind2="4">
    <subfield code="a">791.43/72</subfield>
    <subfield code="2">22</subfield>
  </datafield>
  <datafield tag="130" ind1="0" ind2=" ">
    <subfield code="a">Crossing over (Motion picture : 2009)</subfield>
  </datafield>
  <datafield tag="245" ind1="1" ind2="0">
    <subfield code="a">Crossing over</subfield>
    <subfield code="h">[videorecording] /</subfield>
    <subfield code="c">Weinstein Company presents a Kennedy/Marshall Company and a Movie Prose production ; produced by Frank Marshall, Wayne Kramer ; screenplay by Wayne Kramer ; director, Wayne Kramer.</subfield>
  </datafield>
  <datafield tag="260" ind1=" " ind2=" ">
    <subfield code="a">[United States] :</subfield>
    <subfield code="b">Weinstein Co. Home Entertainment ;</subfield>
    <subfield code="a">Santa Monica, CA :</subfield>
    <subfield code="b">Manufactured and distributed by Genius Products,</subfield>
    <subfield code="c">[2009]</subfield>
  </datafield>
  <datafield tag="300" ind1=" " ind2=" ">
    <subfield code="a">1 videodisc (113 min.) :</subfield>
    <subfield code="b">sd., col. ;</subfield>
    <subfield code="c">4 3/4 in.</subfield>
  </datafield>
  <datafield tag="538" ind1=" " ind2=" ">
    <subfield code="a">DVD, region 1, letterbox widescreen presentation; Dolby Digital 5.1.</subfield>
  </datafield>
  <datafield tag="500" ind1=" " ind2=" ">
    <subfield code="a">Title from container.</subfield>
  </datafield>
  <datafield tag="546" ind1=" " ind2=" ">
    <subfield code="a">English dialogue, optional Spanish subtitles; English subtitles for the deaf and hard of hearing.</subfield>
  </datafield>
  <datafield tag="511" ind1="1" ind2=" ">
    <subfield code="a">Harrison Ford, Ashley Judd, Ray Liotta, Alice Braga, Jim Sturgess, Cliff Curtis.</subfield>
  </datafield>
  <datafield tag="508" ind1=" " ind2=" ">
    <subfield code="a">Director of photography, James Whitaker ; editor, Arthur Coburn ; music, Mark Isham.</subfield>
  </datafield>
  <datafield tag="521" ind1="8" ind2=" ">
    <subfield code="a">MPAA rating: R; for pervasive language, some strong violence and sexuality/nudity.</subfield>
  </datafield>
  <datafield tag="520" ind1=" " ind2=" ">
    <subfield code="a">An immigration officer must protect the U.S. border in Los Angeles from those trying to pursue the American Dream, as those around him try to break the rules by fraud, blackmail, and work-site enforcement.</subfield>
  </datafield>
  <datafield tag="505" ind1="0" ind2=" ">
    <subfield code="a">Special features: Widescreen version presented in a "letterbox" format -- Language: English Dolby 5.1 -- Subtitles: English SDH, Spanish.</subfield>
  </datafield>
  <datafield tag="650" ind1=" " ind2="0">
    <subfield code="a">Illegal aliens</subfield>
    <subfield code="z">California</subfield>
    <subfield code="z">Los Angeles</subfield>
    <subfield code="v">Drama.</subfield>
  </datafield>
  <datafield tag="610" ind1="2" ind2="0">
    <subfield code="a">U.S. Border Patrol</subfield>
    <subfield code="v">Drama.</subfield>
  </datafield>
  <datafield tag="650" ind1=" " ind2="0">
    <subfield code="a">Border patrols</subfield>
    <subfield code="z">California</subfield>
    <subfield code="z">Los Angeles</subfield>
    <subfield code="v">Drama.</subfield>
  </datafield>
  <datafield tag="650" ind1=" " ind2="7">
    <subfield code="a">Patrullas fronterizas</subfield>
    <subfield code="z">California</subfield>
    <subfield code="z">Los Angeles</subfield>
    <subfield code="v">Teatro.</subfield>
    <subfield code="2">bidex</subfield>
  </datafield>
  <datafield tag="610" ind1="2" ind2="7">
    <subfield code="a">U.S. Border Patrol.</subfield>
    <subfield code="2">fast</subfield>
    <subfield code="0">(OCoLC)fst01800126</subfield>
  </datafield>
  <datafield tag="650" ind1=" " ind2="7">
    <subfield code="a">Border patrols.</subfield>
    <subfield code="2">fast</subfield>
    <subfield code="0">(OCoLC)fst00836593</subfield>
  </datafield>
  <datafield tag="650" ind1=" " ind2="7">
    <subfield code="a">Illegal aliens.</subfield>
    <subfield code="2">fast</subfield>
    <subfield code="0">(OCoLC)fst00967153</subfield>
  </datafield>
  <datafield tag="651" ind1=" " ind2="7">
    <subfield code="a">California</subfield>
    <subfield code="z">Los Angeles.</subfield>
    <subfield code="2">fast</subfield>
    <subfield code="0">(OCoLC)fst01204540</subfield>
  </datafield>
  <datafield tag="655" ind1=" " ind2="7">
    <subfield code="a">Feature films.</subfield>
    <subfield code="2">lcgft</subfield>
  </datafield>
  <datafield tag="655" ind1=" " ind2="7">
    <subfield code="a">Fiction films.</subfield>
    <subfield code="2">lcgft</subfield>
  </datafield>
  <datafield tag="655" ind1=" " ind2="7">
    <subfield code="a">Drama.</subfield>
    <subfield code="2">fast</subfield>
    <subfield code="0">(OCoLC)fst01423879</subfield>
  </datafield>
  <datafield tag="655" ind1=" " ind2="7">
    <subfield code="a">Feature films.</subfield>
    <subfield code="2">fast</subfield>
    <subfield code="0">(OCoLC)fst01710384</subfield>
  </datafield>
  <datafield tag="655" ind1=" " ind2="7">
    <subfield code="a">Fiction films.</subfield>
    <subfield code="2">fast</subfield>
    <subfield code="0">(OCoLC)fst01710264</subfield>
  </datafield>
  <datafield tag="700" ind1="1" ind2=" ">
    <subfield code="a">Marshall, Frank.</subfield>
  </datafield>
  <datafield tag="700" ind1="1" ind2=" ">
    <subfield code="a">Kramer, Wayne,</subfield>
    <subfield code="d">1965-</subfield>
  </datafield>
  <datafield tag="700" ind1="1" ind2=" ">
    <subfield code="a">Ford, Harrison,</subfield>
    <subfield code="d">1942-</subfield>
  </datafield>
  <datafield tag="700" ind1="1" ind2=" ">
    <subfield code="a">Judd, Ashley.</subfield>
  </datafield>
  <datafield tag="700" ind1="1" ind2=" ">
    <subfield code="a">Liotta, Ray.</subfield>
  </datafield>
  <datafield tag="700" ind1="1" ind2=" ">
    <subfield code="a">Braga, Alice.</subfield>
  </datafield>
  <datafield tag="700" ind1="1" ind2=" ">
    <subfield code="a">Sturgess, Jim.</subfield>
  </datafield>
  <datafield tag="700" ind1="1" ind2=" ">
    <subfield code="a">Curtis, Cliff,</subfield>
    <subfield code="d">1968-</subfield>
  </datafield>
  <datafield tag="710" ind1="2" ind2=" ">
    <subfield code="a">Weinstein Company.</subfield>
  </datafield>
  <datafield tag="710" ind1="2" ind2=" ">
    <subfield code="a">Kennedy/Marshall Company.</subfield>
  </datafield>
  <datafield tag="710" ind1="2" ind2=" ">
    <subfield code="a">Movie Prose (Firm)</subfield>
  </datafield>
  <datafield tag="710" ind1="2" ind2=" ">
    <subfield code="a">Weinstein Company Home Entertainment (Firm)</subfield>
  </datafield>
  <datafield tag="710" ind1="2" ind2=" ">
    <subfield code="a">Genius Products, Inc.</subfield>
  </datafield>
  
  
  
  
  
  
  
  
  
</record>