<record xmlns="http://www.loc.gov/MARC21/slim" xmlns:zs="http://docs.oasis-open.org/ns/search-ws/sruResponse">
  <leader>02625cam a2200481Ka 4500</leader>
  <controlfield tag="001">ocm53980752 </controlfield>
  <controlfield tag="003">OCoLC</controlfield>
  <controlfield tag="005">20160312213944.0</controlfield>
  <controlfield tag="008">040105s2003    ls a         f000 0 eng d</controlfield>
  <controlfield tag="007">cr gnu||||||||</controlfield>
  <datafield tag="040" ind1=" " ind2=" ">
    <subfield code="a">CUY</subfield>
    <subfield code="b">eng</subfield>
    <subfield code="c">CUY</subfield>
    <subfield code="d">OCLCQ</subfield>
    <subfield code="d">OCLCF</subfield>
    <subfield code="d">OCLCQ</subfield>
    <subfield code="d">OCLCO</subfield>
  </datafield>
  <datafield tag="035" ind1=" " ind2=" ">
    <subfield code="a">(OCoLC)53980752</subfield>
  </datafield>
  <datafield tag="043" ind1=" " ind2=" ">
    <subfield code="a">a-ls---</subfield>
    <subfield code="a">a-th---</subfield>
  </datafield>
  <datafield tag="050" ind1=" " ind2="4">
    <subfield code="a">HV6250.4.W65</subfield>
    <subfield code="b">L36 2003</subfield>
  </datafield>
  <datafield tag="245" ind1="0" ind2="0">
    <subfield code="a">Lao PDR :</subfield>
    <subfield code="b">Preliminary assessment of illegal labour migration and trafficking in children and women for labour exploitation /</subfield>
    <subfield code="c">by Inthasone Phetsiriseng, in collaboration with Ministry of Labour and Social Welfare and Particpatory Development Training Center.</subfield>
  </datafield>
  <datafield tag="246" ind1="3" ind2="0">
    <subfield code="a">Preliminary assessment of illegal labour migration and trafficking in children and women for labour exploitation</subfield>
  </datafield>
  <datafield tag="246" ind1="1" ind2=" ">
    <subfield code="i">Title of related online material:</subfield>
    <subfield code="a">Preliminary assessment on trafficking of children and women for labour exploitation in Lao PDR</subfield>
  </datafield>
  <datafield tag="260" ind1=" " ind2=" ">
    <subfield code="a">Bangkok :</subfield>
    <subfield code="b">ILO Mekong sub-regional project to combat trafficking in children and women,</subfield>
    <subfield code="c">2003.</subfield>
  </datafield>
  <datafield tag="300" ind1=" " ind2=" ">
    <subfield code="a">xii, 47 leaves :</subfield>
    <subfield code="b">illustrations ;</subfield>
    <subfield code="c">30 cm</subfield>
  </datafield>
  <datafield tag="336" ind1=" " ind2=" ">
    <subfield code="a">text</subfield>
    <subfield code="b">txt</subfield>
    <subfield code="2">rdacontent</subfield>
  </datafield>
  <datafield tag="337" ind1=" " ind2=" ">
    <subfield code="a">unmediated</subfield>
    <subfield code="b">n</subfield>
    <subfield code="2">rdamedia</subfield>
  </datafield>
  <datafield tag="338" ind1=" " ind2=" ">
    <subfield code="a">volume</subfield>
    <subfield code="b">nc</subfield>
    <subfield code="2">rdacarrier</subfield>
  </datafield>
  <datafield tag="500" ind1=" " ind2=" ">
    <subfield code="a">"January, 2003."</subfield>
  </datafield>
  <datafield tag="520" ind1=" " ind2=" ">
    <subfield code="a">With reference to illegal alien workers in Thailand.</subfield>
  </datafield>
  <datafield tag="500" ind1=" " ind2=" ">
    <subfield code="a">At head of title: International Labour Organization (ILO), International Programme on the Elimination of Child Labour (IPEC).</subfield>
  </datafield>
  <datafield tag="650" ind1=" " ind2="0">
    <subfield code="a">Women</subfield>
    <subfield code="x">Crimes against</subfield>
    <subfield code="z">Laos.</subfield>
  </datafield>
  <datafield tag="650" ind1=" " ind2="0">
    <subfield code="a">Children</subfield>
    <subfield code="x">Crimes against</subfield>
    <subfield code="z">Laos.</subfield>
  </datafield>
  <datafield tag="650" ind1=" " ind2="0">
    <subfield code="a">Illegal aliens</subfield>
    <subfield code="z">Thailand.</subfield>
  </datafield>
  <datafield tag="650" ind1=" " ind2="7">
    <subfield code="a">Children</subfield>
    <subfield code="x">Crimes against.</subfield>
    <subfield code="2">fast</subfield>
    <subfield code="0">(OCoLC)fst00854884</subfield>
  </datafield>
  <datafield tag="650" ind1=" " ind2="7">
    <subfield code="a">Illegal aliens.</subfield>
    <subfield code="2">fast</subfield>
    <subfield code="0">(OCoLC)fst00967153</subfield>
  </datafield>
  <datafield tag="650" ind1=" " ind2="7">
    <subfield code="a">Women</subfield>
    <subfield code="x">Crimes against.</subfield>
    <subfield code="2">fast</subfield>
    <subfield code="0">(OCoLC)fst01176618</subfield>
  </datafield>
  <datafield tag="651" ind1=" " ind2="7">
    <subfield code="a">Laos.</subfield>
    <subfield code="2">fast</subfield>
    <subfield code="0">(OCoLC)fst01210322</subfield>
  </datafield>
  <datafield tag="651" ind1=" " ind2="7">
    <subfield code="a">Thailand.</subfield>
    <subfield code="2">fast</subfield>
    <subfield code="0">(OCoLC)fst01205310</subfield>
  </datafield>
  <datafield tag="710" ind1="2" ind2=" ">
    <subfield code="a">International Labour Organisation.</subfield>
  </datafield>
  <datafield tag="710" ind1="2" ind2=" ">
    <subfield code="a">International Programme on the Elimination of Child Labour.</subfield>
  </datafield>
  <datafield tag="776" ind1="0" ind2="8">
    <subfield code="i">Online version:</subfield>
    <subfield code="t">Lao PDR.</subfield>
    <subfield code="d">Bangkok : ILO Mekong sub-regional project to combat trafficking in children and women, 2003</subfield>
    <subfield code="w">(OCoLC)647700061</subfield>
  </datafield>
  <datafield tag="856" ind1="4" ind2="2">
    <subfield code="3">Related material</subfield>
    <subfield code="u">http://www.ilo.org/public/english/region/asro/bangkok/child/trafficking/downloads/lao_sitan-sep01.pdf</subfield>
  </datafield>
  
  
  
  
  
  
</record>